Timestamp,RadarId,AssociationMs,KalmanMs,TotalMs,ActiveTrackCount
2026-04-05T17:48:09.9039416Z,00000000-0000-0000-0000-000000000003,2.792,5.593,8.385,1
2026-04-05T17:48:10.2522687Z,00000000-0000-0000-0000-000000000003,0.038,0.496,0.534,2
2026-04-05T17:48:10.2618808Z,00000000-0000-0000-0000-000000000003,4.904,4.506,9.410,2
2026-04-05T17:48:10.2628331Z,00000000-0000-0000-0000-000000000003,0.043,0.467,0.509,3
2026-04-05T17:48:10.2630148Z,00000000-0000-0000-0000-000000000003,0.008,0.071,0.079,4
2026-04-05T17:48:10.2631272Z,00000000-0000-0000-0000-000000000003,0.003,0.032,0.034,5
2026-04-05T17:48:10.2714099Z,00000000-0000-0000-0000-000000000003,0.010,0.096,0.106,6
2026-04-05T17:48:10.2715331Z,00000000-0000-0000-0000-000000000003,0.002,0.054,0.056,7
2026-04-05T17:48:10.2716321Z,00000000-0000-0000-0000-000000000003,0.007,0.055,0.061,8
2026-04-05T17:48:10.2717058Z,00000000-0000-0000-0000-000000000003,0.004,0.051,0.054,9
2026-04-05T17:48:10.2795250Z,00000000-0000-0000-0000-000000000003,0.005,7.753,7.758,10
2026-04-05T17:48:10.2800928Z,00000000-0000-0000-0000-000000000003,0.074,0.113,0.186,11
2026-04-05T17:48:10.2802090Z,00000000-0000-0000-0000-000000000003,0.006,0.037,0.043,12
2026-04-05T17:48:10.2803644Z,00000000-0000-0000-0000-000000000003,0.011,0.091,0.102,13
2026-04-05T17:48:10.2804497Z,00000000-0000-0000-0000-000000000003,0.004,0.028,0.032,14
2026-04-05T17:48:10.2847457Z,00000000-0000-0000-0000-000000000003,0.005,4.238,4.243,15
2026-04-05T17:48:10.2851280Z,00000000-0000-0000-0000-000000000003,0.014,0.222,0.236,16
2026-04-05T17:48:10.2967930Z,00000000-0000-0000-0000-000000000003,0.009,0.136,0.145,17
2026-04-05T17:48:10.2969942Z,00000000-0000-0000-0000-000000000003,0.016,0.049,0.065,18
2026-04-05T17:48:10.2970514Z,00000000-0000-0000-0000-000000000003,0.003,0.019,0.023,19
2026-04-05T17:48:10.2971138Z,00000000-0000-0000-0000-000000000003,0.003,0.022,0.026,20
2026-04-05T17:48:10.2971770Z,00000000-0000-0000-0000-000000000003,0.003,0.020,0.023,21
2026-04-05T17:48:10.2972978Z,00000000-0000-0000-0000-000000000003,0.001,0.097,0.098,22
2026-04-05T17:48:10.2973568Z,00000000-0000-0000-0000-000000000003,0.003,0.041,0.044,23
2026-04-05T17:48:10.2973954Z,00000000-0000-0000-0000-000000000003,0.001,0.025,0.026,24
2026-04-05T17:48:10.2974476Z,00000000-0000-0000-0000-000000000003,0.003,0.019,0.022,25
2026-04-05T17:48:10.2975188Z,00000000-0000-0000-0000-000000000003,0.006,0.022,0.028,26
2026-04-05T17:48:10.2975761Z,00000000-0000-0000-0000-000000000003,0.013,0.017,0.031,27
2026-04-05T17:48:10.2976857Z,00000000-0000-0000-0000-000000000003,0.004,0.077,0.081,28
2026-04-05T17:48:10.2978485Z,00000000-0000-0000-0000-000000000003,0.008,0.113,0.121,29
2026-04-05T17:48:10.2979511Z,00000000-0000-0000-0000-000000000003,0.005,0.039,0.044,30
2026-04-05T17:48:10.2979894Z,00000000-0000-0000-0000-000000000003,0.001,0.021,0.022,31
2026-04-05T17:48:10.2980352Z,00000000-0000-0000-0000-000000000003,0.001,0.020,0.021,32
2026-04-05T17:48:10.2980693Z,00000000-0000-0000-0000-000000000003,0.001,0.019,0.021,33
2026-04-05T17:48:10.2981169Z,00000000-0000-0000-0000-000000000003,0.004,0.031,0.035,34
2026-04-05T17:48:10.2989457Z,00000000-0000-0000-0000-000000000003,0.098,0.703,0.801,34
2026-04-05T17:48:10.2990395Z,00000000-0000-0000-0000-000000000003,0.006,0.028,0.034,35
2026-04-05T17:48:10.2990880Z,00000000-0000-0000-0000-000000000003,0.003,0.034,0.037,36
2026-04-05T17:48:10.2991443Z,00000000-0000-0000-0000-000000000003,0.003,0.021,0.023,37
2026-04-05T17:48:10.2991955Z,00000000-0000-0000-0000-000000000003,0.004,0.037,0.041,38
2026-04-05T17:48:10.2992759Z,00000000-0000-0000-0000-000000000003,0.004,0.052,0.057,39
2026-04-05T17:48:10.2993571Z,00000000-0000-0000-0000-000000000003,0.015,0.021,0.037,40
2026-04-05T17:48:10.2994188Z,00000000-0000-0000-0000-000000000003,0.006,0.020,0.026,41
2026-04-05T17:48:10.2994870Z,00000000-0000-0000-0000-000000000003,0.006,0.032,0.038,42
2026-04-05T17:48:10.2995412Z,00000000-0000-0000-0000-000000000003,0.004,0.021,0.025,43
2026-04-05T17:48:10.2995891Z,00000000-0000-0000-0000-000000000003,0.008,0.026,0.034,44
2026-04-05T17:48:10.2997285Z,00000000-0000-0000-0000-000000000003,0.004,0.024,0.028,45
2026-04-05T17:48:10.2997618Z,00000000-0000-0000-0000-000000000003,0.002,0.014,0.016,46
2026-04-05T17:48:10.2998245Z,00000000-0000-0000-0000-000000000003,0.002,0.053,0.054,47
2026-04-05T17:48:10.2998577Z,00000000-0000-0000-0000-000000000003,0.003,0.015,0.018,48
2026-04-05T17:48:10.2998801Z,00000000-0000-0000-0000-000000000003,0.002,0.012,0.014,49
2026-04-05T17:48:10.2999122Z,00000000-0000-0000-0000-000000000003,0.003,0.013,0.016,50
2026-04-05T17:48:10.2999641Z,00000000-0000-0000-0000-000000000003,0.004,0.024,0.029,51
2026-04-05T17:48:10.3000075Z,00000000-0000-0000-0000-000000000003,0.004,0.014,0.018,52
2026-04-05T17:48:10.3000492Z,00000000-0000-0000-0000-000000000003,0.003,0.015,0.017,53
2026-04-05T17:48:10.3001690Z,00000000-0000-0000-0000-000000000003,0.026,0.061,0.087,53
2026-04-05T17:48:10.3002298Z,00000000-0000-0000-0000-000000000003,0.003,0.027,0.030,54
2026-04-05T17:48:10.3003424Z,00000000-0000-0000-0000-000000000003,0.005,0.060,0.065,55
2026-04-05T17:48:10.3003771Z,00000000-0000-0000-0000-000000000003,0.003,0.016,0.019,56
2026-04-05T17:48:10.3004101Z,00000000-0000-0000-0000-000000000003,0.004,0.014,0.018,57
2026-04-05T17:48:10.3004552Z,00000000-0000-0000-0000-000000000003,0.005,0.018,0.023,58
2026-04-05T17:48:10.3004907Z,00000000-0000-0000-0000-000000000003,0.004,0.013,0.017,59
2026-04-05T17:48:10.3006322Z,00000000-0000-0000-0000-000000000003,0.002,0.021,0.023,60
2026-04-05T17:48:10.3006737Z,00000000-0000-0000-0000-000000000003,0.006,0.020,0.026,61
2026-04-05T17:48:10.3007696Z,00000000-0000-0000-0000-000000000003,0.005,0.052,0.056,62
2026-04-05T17:48:10.3008218Z,00000000-0000-0000-0000-000000000003,0.004,0.023,0.028,63
2026-04-05T17:48:10.3009759Z,00000000-0000-0000-0000-000000000003,0.011,0.046,0.057,64
2026-04-05T17:48:10.3010294Z,00000000-0000-0000-0000-000000000003,0.004,0.017,0.020,65
2026-04-05T17:48:10.3011154Z,00000000-0000-0000-0000-000000000003,0.020,0.040,0.060,65
2026-04-05T17:48:10.3035259Z,00000000-0000-0000-0000-000000000003,0.021,2.338,2.359,65
2026-04-05T17:48:10.3037635Z,00000000-0000-0000-0000-000000000003,0.011,0.053,0.064,66
2026-04-05T17:48:10.3038252Z,00000000-0000-0000-0000-000000000003,0.011,0.030,0.041,67
2026-04-05T17:48:10.3038835Z,00000000-0000-0000-0000-000000000003,0.004,0.021,0.025,68
2026-04-05T17:48:10.3040447Z,00000000-0000-0000-0000-000000000003,0.015,0.132,0.146,69
2026-04-05T17:48:10.3041478Z,00000000-0000-0000-0000-000000000003,0.011,0.029,0.040,70
2026-04-05T17:48:10.3042924Z,00000000-0000-0000-0000-000000000003,0.022,0.056,0.078,71
2026-04-05T17:48:10.3043632Z,00000000-0000-0000-0000-000000000003,0.006,0.036,0.042,72
2026-04-05T17:48:10.3044390Z,00000000-0000-0000-0000-000000000003,0.006,0.024,0.030,73
2026-04-05T17:48:10.3044761Z,00000000-0000-0000-0000-000000000003,0.004,0.018,0.022,74
2026-04-05T17:48:10.3045813Z,00000000-0000-0000-0000-000000000003,0.011,0.082,0.092,75
2026-04-05T17:48:10.3047174Z,00000000-0000-0000-0000-000000000003,0.025,0.032,0.057,76
2026-04-05T17:48:10.3048438Z,00000000-0000-0000-0000-000000000003,0.006,0.059,0.066,77
2026-04-05T17:48:10.3049876Z,00000000-0000-0000-0000-000000000003,0.039,0.047,0.086,77
2026-04-05T17:48:10.3050589Z,00000000-0000-0000-0000-000000000003,0.006,0.034,0.039,78
2026-04-05T17:48:10.3051118Z,00000000-0000-0000-0000-000000000003,0.005,0.018,0.024,79
2026-04-05T17:48:10.3051624Z,00000000-0000-0000-0000-000000000003,0.010,0.023,0.033,80
2026-04-05T17:48:10.3052235Z,00000000-0000-0000-0000-000000000003,0.006,0.027,0.033,81
2026-04-05T17:48:10.3052598Z,00000000-0000-0000-0000-000000000003,0.007,0.018,0.024,82
2026-04-05T17:48:10.3053608Z,00000000-0000-0000-0000-000000000003,0.013,0.061,0.074,83
2026-04-05T17:48:10.3054052Z,00000000-0000-0000-0000-000000000003,0.004,0.022,0.026,84
2026-04-05T17:48:10.3054501Z,00000000-0000-0000-0000-000000000003,0.006,0.020,0.025,85
2026-04-05T17:48:10.3055221Z,00000000-0000-0000-0000-000000000003,0.007,0.033,0.040,86
2026-04-05T17:48:10.3056586Z,00000000-0000-0000-0000-000000000003,0.035,0.070,0.105,86
2026-04-05T17:48:10.3058426Z,00000000-0000-0000-0000-000000000003,0.008,0.038,0.046,87
2026-04-05T17:48:10.3059738Z,00000000-0000-0000-0000-000000000003,0.016,0.051,0.067,88
2026-04-05T17:48:10.3060651Z,00000000-0000-0000-0000-000000000003,0.005,0.023,0.029,89
2026-04-05T17:48:10.3061301Z,00000000-0000-0000-0000-000000000003,0.008,0.041,0.049,90
2026-04-05T17:48:10.3062050Z,00000000-0000-0000-0000-000000000003,0.010,0.025,0.035,91
2026-04-05T17:48:10.3063207Z,00000000-0000-0000-0000-000000000003,0.012,0.072,0.084,92
2026-04-05T17:48:10.3063803Z,00000000-0000-0000-0000-000000000003,0.007,0.030,0.038,93
2026-04-05T17:48:10.3064169Z,00000000-0000-0000-0000-000000000003,0.006,0.018,0.024,94
2026-04-05T17:48:10.3064697Z,00000000-0000-0000-0000-000000000003,0.005,0.024,0.029,95
2026-04-05T17:48:10.3065452Z,00000000-0000-0000-0000-000000000003,0.016,0.035,0.051,95
2026-04-05T17:48:10.3066042Z,00000000-0000-0000-0000-000000000003,0.008,0.022,0.030,96
2026-04-05T17:48:10.3066725Z,00000000-0000-0000-0000-000000000003,0.008,0.022,0.031,97
2026-04-05T17:48:10.3067378Z,00000000-0000-0000-0000-000000000003,0.008,0.021,0.030,98
2026-04-05T17:48:10.3068082Z,00000000-0000-0000-0000-000000000003,0.007,0.031,0.039,99
2026-04-05T17:48:10.3069123Z,00000000-0000-0000-0000-000000000003,0.010,0.057,0.067,100
2026-04-05T17:48:10.3069867Z,00000000-0000-0000-0000-000000000003,0.009,0.024,0.033,101
2026-04-05T17:48:10.3070384Z,00000000-0000-0000-0000-000000000003,0.007,0.029,0.037,102
2026-04-05T17:48:10.3070785Z,00000000-0000-0000-0000-000000000003,0.005,0.021,0.027,103
2026-04-05T17:48:10.7828292Z,00000000-0000-0000-0000-000000000030,0.008,0.071,0.080,1
2026-04-05T17:48:11.7941017Z,00000000-0000-0000-0000-000000000003,0.193,0.136,0.329,103
2026-04-05T17:48:12.7624225Z,00000000-0000-0000-0000-000000000003,0.030,0.126,0.156,104
2026-04-05T17:48:12.7626557Z,00000000-0000-0000-0000-000000000003,0.057,0.055,0.112,104
2026-04-05T17:48:12.7628595Z,00000000-0000-0000-0000-000000000003,0.010,0.170,0.180,105
2026-04-05T17:48:12.7629541Z,00000000-0000-0000-0000-000000000003,0.007,0.033,0.040,106
2026-04-05T17:48:12.7669067Z,00000000-0000-0000-0000-000000000003,0.056,0.058,0.114,97
2026-04-05T17:48:12.7670506Z,00000000-0000-0000-0000-000000000003,0.019,0.067,0.085,97
2026-04-05T17:48:12.7671041Z,00000000-0000-0000-0000-000000000003,0.004,0.035,0.039,98
2026-04-05T17:48:12.7671320Z,00000000-0000-0000-0000-000000000003,0.002,0.009,0.011,99
2026-04-05T17:48:12.7671956Z,00000000-0000-0000-0000-000000000003,0.023,0.020,0.043,99
2026-04-05T17:48:12.7672595Z,00000000-0000-0000-0000-000000000003,0.033,0.025,0.059,99
2026-04-05T17:48:12.7673559Z,00000000-0000-0000-0000-000000000003,0.043,0.041,0.084,99
2026-04-05T17:48:12.7674483Z,00000000-0000-0000-0000-000000000003,0.045,0.032,0.077,99
2026-04-05T17:48:12.7675341Z,00000000-0000-0000-0000-000000000003,0.035,0.031,0.066,99
2026-04-05T17:48:12.7675949Z,00000000-0000-0000-0000-000000000003,0.013,0.027,0.040,99
2026-04-05T17:48:12.7677241Z,00000000-0000-0000-0000-000000000003,0.045,0.076,0.121,99
2026-04-05T17:48:12.7678031Z,00000000-0000-0000-0000-000000000003,0.029,0.037,0.066,99
2026-04-05T17:48:12.7678985Z,00000000-0000-0000-0000-000000000003,0.033,0.032,0.065,99
2026-04-05T17:48:12.7679343Z,00000000-0000-0000-0000-000000000003,0.006,0.022,0.027,100
2026-04-05T17:48:12.7776266Z,00000000-0000-0000-0000-000000000003,0.055,0.042,0.096,100
2026-04-05T17:48:12.7777989Z,00000000-0000-0000-0000-000000000003,0.083,0.043,0.126,100
2026-04-05T17:48:12.7779156Z,00000000-0000-0000-0000-000000000003,0.019,0.091,0.110,100
2026-04-05T17:48:12.7780423Z,00000000-0000-0000-0000-000000000003,0.052,0.064,0.115,100
2026-04-05T17:48:12.7781815Z,00000000-0000-0000-0000-000000000003,0.044,0.064,0.108,100
2026-04-05T17:48:12.7782439Z,00000000-0000-0000-0000-000000000003,0.010,0.019,0.029,100
2026-04-05T17:48:12.7782946Z,00000000-0000-0000-0000-000000000003,0.004,0.022,0.026,101
2026-04-05T17:48:12.7783605Z,00000000-0000-0000-0000-000000000003,0.023,0.023,0.046,101
2026-04-05T17:48:12.7784274Z,00000000-0000-0000-0000-000000000003,0.018,0.024,0.042,101
2026-04-05T17:48:12.7785440Z,00000000-0000-0000-0000-000000000003,0.057,0.040,0.097,101
2026-04-05T17:48:12.7786237Z,00000000-0000-0000-0000-000000000003,0.004,0.033,0.037,102
2026-04-05T17:48:12.7786964Z,00000000-0000-0000-0000-000000000003,0.032,0.030,0.062,102
2026-04-05T17:48:12.8080642Z,00000000-0000-0000-0000-000000000030,0.007,0.082,0.088,2
2026-04-05T17:48:13.8213797Z,00000000-0000-0000-0000-000000000003,0.023,0.076,0.099,30
2026-04-05T17:48:14.8357654Z,00000000-0000-0000-0000-000000000030,0.067,0.156,0.222,2
2026-04-05T17:48:15.2758413Z,00000000-0000-0000-0000-000000000003,0.006,0.071,0.077,31
2026-04-05T17:48:15.2759584Z,00000000-0000-0000-0000-000000000003,0.034,0.044,0.079,31
2026-04-05T17:48:15.2760346Z,00000000-0000-0000-0000-000000000003,0.003,0.029,0.031,32
2026-04-05T17:48:15.2822312Z,00000000-0000-0000-0000-000000000003,0.047,0.083,0.130,31
2026-04-05T17:48:15.2823147Z,00000000-0000-0000-0000-000000000003,0.022,0.031,0.053,31
2026-04-05T17:48:15.2824049Z,00000000-0000-0000-0000-000000000003,0.001,0.032,0.033,32
2026-04-05T17:48:15.2824290Z,00000000-0000-0000-0000-000000000003,0.001,0.011,0.011,33
2026-04-05T17:48:15.2824988Z,00000000-0000-0000-0000-000000000003,0.028,0.032,0.059,33
2026-04-05T17:48:15.2825526Z,00000000-0000-0000-0000-000000000003,0.013,0.017,0.030,33
2026-04-05T17:48:15.2826122Z,00000000-0000-0000-0000-000000000003,0.021,0.031,0.052,33
2026-04-05T17:48:15.2826376Z,00000000-0000-0000-0000-000000000003,0.001,0.011,0.011,34
2026-04-05T17:48:15.2826571Z,00000000-0000-0000-0000-000000000003,0.001,0.010,0.010,35
2026-04-05T17:48:15.2827031Z,00000000-0000-0000-0000-000000000003,0.016,0.021,0.037,35
2026-04-05T17:48:15.2827588Z,00000000-0000-0000-0000-000000000003,0.002,0.020,0.021,36
2026-04-05T17:48:15.2828211Z,00000000-0000-0000-0000-000000000003,0.010,0.019,0.029,36
2026-04-05T17:48:15.2829004Z,00000000-0000-0000-0000-000000000003,0.030,0.041,0.071,36
2026-04-05T17:48:15.2830866Z,00000000-0000-0000-0000-000000000003,0.024,0.039,0.063,36
2026-04-05T17:48:15.2831803Z,00000000-0000-0000-0000-000000000003,0.012,0.044,0.056,36
2026-04-05T17:48:15.2832080Z,00000000-0000-0000-0000-000000000003,0.002,0.015,0.018,37
2026-04-05T17:48:15.2832495Z,00000000-0000-0000-0000-000000000003,0.015,0.016,0.031,37
2026-04-05T17:48:15.2832791Z,00000000-0000-0000-0000-000000000003,0.001,0.021,0.022,38
2026-04-05T17:48:15.2833162Z,00000000-0000-0000-0000-000000000003,0.009,0.019,0.028,38
2026-04-05T17:48:15.2833584Z,00000000-0000-0000-0000-000000000003,0.003,0.016,0.019,39
2026-04-05T17:48:15.2834145Z,00000000-0000-0000-0000-000000000003,0.002,0.019,0.021,40
2026-04-05T17:48:15.2834485Z,00000000-0000-0000-0000-000000000003,0.003,0.011,0.013,41
2026-04-05T17:48:15.2834925Z,00000000-0000-0000-0000-000000000003,0.016,0.019,0.035,41
2026-04-05T17:48:15.2835302Z,00000000-0000-0000-0000-000000000003,0.002,0.010,0.012,42
2026-04-05T17:48:15.2835704Z,00000000-0000-0000-0000-000000000003,0.008,0.023,0.031,42
2026-04-05T17:48:15.2836134Z,00000000-0000-0000-0000-000000000003,0.002,0.016,0.018,43
2026-04-05T17:48:15.2836451Z,00000000-0000-0000-0000-000000000003,0.001,0.011,0.012,44
2026-04-05T17:48:15.2836651Z,00000000-0000-0000-0000-000000000003,0.002,0.010,0.012,45
2026-04-05T17:48:15.2837030Z,00000000-0000-0000-0000-000000000003,0.003,0.010,0.013,46
2026-04-05T17:48:15.2837317Z,00000000-0000-0000-0000-000000000003,0.001,0.019,0.020,47
2026-04-05T17:48:15.8366061Z,00000000-0000-0000-0000-000000000003,0.007,0.077,0.084,35
2026-04-05T17:48:16.8505138Z,00000000-0000-0000-0000-000000000030,0.060,0.149,0.209,2
2026-04-05T17:48:17.7918342Z,00000000-0000-0000-0000-000000000003,0.074,0.179,0.254,34
2026-04-05T17:48:17.7920974Z,00000000-0000-0000-0000-000000000003,0.052,0.067,0.119,34
2026-04-05T17:48:17.7922438Z,00000000-0000-0000-0000-000000000003,0.005,0.069,0.074,35
2026-04-05T17:48:17.7991027Z,00000000-0000-0000-0000-000000000003,0.064,0.122,0.186,33
2026-04-05T17:48:17.7992731Z,00000000-0000-0000-0000-000000000003,0.001,0.046,0.047,34
2026-04-05T17:48:17.7995280Z,00000000-0000-0000-0000-000000000003,0.030,0.059,0.089,34
2026-04-05T17:48:17.7996723Z,00000000-0000-0000-0000-000000000003,0.051,0.072,0.123,34
2026-04-05T17:48:17.7997596Z,00000000-0000-0000-0000-000000000003,0.005,0.024,0.029,35
2026-04-05T17:48:17.7999151Z,00000000-0000-0000-0000-000000000003,0.045,0.066,0.111,35
2026-04-05T17:48:17.8000974Z,00000000-0000-0000-0000-000000000003,0.055,0.060,0.114,35
2026-04-05T17:48:17.8003114Z,00000000-0000-0000-0000-000000000003,0.043,0.147,0.190,35
2026-04-05T17:48:17.8003998Z,00000000-0000-0000-0000-000000000003,0.005,0.043,0.048,36
2026-04-05T17:48:17.8004720Z,00000000-0000-0000-0000-000000000003,0.003,0.026,0.029,37
2026-04-05T17:48:17.8005204Z,00000000-0000-0000-0000-000000000003,0.003,0.023,0.027,38
2026-04-05T17:48:17.8006247Z,00000000-0000-0000-0000-000000000003,0.003,0.025,0.028,39
2026-04-05T17:48:17.8008661Z,00000000-0000-0000-0000-000000000003,0.042,0.053,0.095,39
2026-04-05T17:48:17.8013575Z,00000000-0000-0000-0000-000000000003,0.182,0.143,0.325,39
2026-04-05T17:48:17.8017530Z,00000000-0000-0000-0000-000000000003,0.013,0.056,0.068,40
2026-04-05T17:48:17.8019838Z,00000000-0000-0000-0000-000000000003,0.048,0.068,0.116,40
2026-04-05T17:48:17.8021569Z,00000000-0000-0000-0000-000000000003,0.031,0.068,0.099,40
2026-04-05T17:48:17.8023201Z,00000000-0000-0000-0000-000000000003,0.040,0.066,0.107,40
2026-04-05T17:48:17.8024175Z,00000000-0000-0000-0000-000000000003,0.007,0.033,0.040,41
2026-04-05T17:48:17.8025650Z,00000000-0000-0000-0000-000000000003,0.052,0.072,0.124,41
2026-04-05T17:48:17.8026240Z,00000000-0000-0000-0000-000000000003,0.005,0.030,0.035,42
2026-04-05T17:48:17.8027393Z,00000000-0000-0000-0000-000000000003,0.039,0.053,0.092,42
2026-04-05T17:48:17.8028042Z,00000000-0000-0000-0000-000000000003,0.007,0.037,0.044,43
2026-04-05T17:48:17.8029401Z,00000000-0000-0000-0000-000000000003,0.021,0.056,0.077,43
2026-04-05T17:48:17.8030724Z,00000000-0000-0000-0000-000000000003,0.030,0.047,0.077,43
2026-04-05T17:48:17.8031290Z,00000000-0000-0000-0000-000000000003,0.005,0.030,0.035,44
2026-04-05T17:48:17.8032293Z,00000000-0000-0000-0000-000000000003,0.006,0.027,0.034,45
2026-04-05T17:48:17.8033065Z,00000000-0000-0000-0000-000000000003,0.006,0.022,0.028,46
2026-04-05T17:48:17.8036719Z,00000000-0000-0000-0000-000000000003,0.007,0.313,0.320,47
2026-04-05T17:48:17.8037999Z,00000000-0000-0000-0000-000000000003,0.004,0.050,0.054,48
2026-04-05T17:48:17.8039170Z,00000000-0000-0000-0000-000000000003,0.033,0.067,0.100,48
2026-04-05T17:48:17.8039823Z,00000000-0000-0000-0000-000000000003,0.014,0.035,0.049,48
2026-04-05T17:48:17.8040178Z,00000000-0000-0000-0000-000000000003,0.003,0.019,0.022,49
2026-04-05T17:48:17.8040769Z,00000000-0000-0000-0000-000000000003,0.003,0.037,0.040,50
2026-04-05T17:48:17.8626348Z,00000000-0000-0000-0000-000000000003,0.006,0.064,0.070,36
2026-04-05T17:48:18.8757539Z,00000000-0000-0000-0000-000000000030,0.007,0.055,0.062,3
2026-04-05T17:48:19.8860533Z,00000000-0000-0000-0000-000000000003,0.006,0.088,0.094,36
2026-04-05T17:48:20.3122805Z,00000000-0000-0000-0000-000000000003,0.007,0.090,0.096,37
2026-04-05T17:48:20.3123640Z,00000000-0000-0000-0000-000000000003,0.004,0.030,0.034,38
2026-04-05T17:48:20.3125976Z,00000000-0000-0000-0000-000000000003,0.045,0.089,0.134,38
2026-04-05T17:48:20.3126988Z,00000000-0000-0000-0000-000000000003,0.006,0.032,0.037,39
2026-04-05T17:48:20.3127858Z,00000000-0000-0000-0000-000000000003,0.004,0.021,0.025,40
2026-04-05T17:48:20.3208684Z,00000000-0000-0000-0000-000000000003,0.009,0.138,0.147,8
2026-04-05T17:48:20.3209967Z,00000000-0000-0000-0000-000000000003,0.003,0.052,0.054,9
2026-04-05T17:48:20.3211215Z,00000000-0000-0000-0000-000000000003,0.005,0.027,0.032,10
2026-04-05T17:48:20.3213120Z,00000000-0000-0000-0000-000000000003,0.039,0.053,0.092,10
2026-04-05T17:48:20.3214023Z,00000000-0000-0000-0000-000000000003,0.001,0.026,0.027,11
2026-04-05T17:48:20.3214486Z,00000000-0000-0000-0000-000000000003,0.002,0.024,0.026,12
2026-04-05T17:48:20.3215569Z,00000000-0000-0000-0000-000000000003,0.005,0.027,0.032,13
2026-04-05T17:48:20.3216589Z,00000000-0000-0000-0000-000000000003,0.003,0.029,0.032,14
2026-04-05T17:48:20.3217510Z,00000000-0000-0000-0000-000000000003,0.001,0.021,0.022,15
2026-04-05T17:48:20.3217983Z,00000000-0000-0000-0000-000000000003,0.001,0.026,0.028,16
2026-04-05T17:48:20.3218568Z,00000000-0000-0000-0000-000000000003,0.002,0.035,0.038,17
2026-04-05T17:48:20.3219130Z,00000000-0000-0000-0000-000000000003,0.001,0.018,0.019,18
2026-04-05T17:48:20.3219672Z,00000000-0000-0000-0000-000000000003,0.002,0.033,0.035,19
2026-04-05T17:48:20.3220151Z,00000000-0000-0000-0000-000000000003,0.004,0.023,0.027,20
2026-04-05T17:48:20.3220723Z,00000000-0000-0000-0000-000000000003,0.001,0.036,0.037,21
2026-04-05T17:48:20.3221765Z,00000000-0000-0000-0000-000000000003,0.035,0.045,0.080,21
2026-04-05T17:48:20.3222976Z,00000000-0000-0000-0000-000000000003,0.016,0.036,0.051,21
2026-04-05T17:48:20.3227814Z,00000000-0000-0000-0000-000000000003,0.030,0.115,0.145,22
2026-04-05T17:48:20.3232638Z,00000000-0000-0000-0000-000000000003,0.006,0.089,0.095,23
2026-04-05T17:48:20.3234465Z,00000000-0000-0000-0000-000000000003,0.010,0.082,0.092,24
2026-04-05T17:48:20.3241374Z,00000000-0000-0000-0000-000000000003,0.024,0.177,0.201,25
2026-04-05T17:48:20.3244050Z,00000000-0000-0000-0000-000000000003,0.011,0.113,0.124,26
2026-04-05T17:48:20.3246122Z,00000000-0000-0000-0000-000000000003,0.004,0.164,0.167,27
2026-04-05T17:48:20.3248156Z,00000000-0000-0000-0000-000000000003,0.010,0.102,0.112,28
2026-04-05T17:48:20.3249214Z,00000000-0000-0000-0000-000000000003,0.006,0.058,0.064,29
2026-04-05T17:48:20.3251372Z,00000000-0000-0000-0000-000000000003,0.008,0.040,0.049,30
2026-04-05T17:48:20.3256169Z,00000000-0000-0000-0000-000000000003,0.005,0.447,0.452,31
2026-04-05T17:48:20.3257733Z,00000000-0000-0000-0000-000000000003,0.009,0.034,0.043,32
2026-04-05T17:48:20.3259278Z,00000000-0000-0000-0000-000000000003,0.004,0.087,0.091,33
2026-04-05T17:48:20.3261859Z,00000000-0000-0000-0000-000000000003,0.002,0.059,0.061,34
2026-04-05T17:48:20.3262488Z,00000000-0000-0000-0000-000000000003,0.009,0.026,0.036,35
2026-04-05T17:48:20.3262987Z,00000000-0000-0000-0000-000000000003,0.004,0.024,0.029,36
2026-04-05T17:48:20.3264088Z,00000000-0000-0000-0000-000000000003,0.004,0.035,0.039,37
2026-04-05T17:48:20.3269782Z,00000000-0000-0000-0000-000000000003,0.028,0.059,0.087,38
2026-04-05T17:48:20.3270464Z,00000000-0000-0000-0000-000000000003,0.006,0.029,0.035,39
2026-04-05T17:48:20.9000842Z,00000000-0000-0000-0000-000000000030,0.009,0.114,0.123,3
2026-04-05T17:48:21.9117812Z,00000000-0000-0000-0000-000000000003,0.006,0.073,0.079,39
2026-04-05T17:48:22.8352459Z,00000000-0000-0000-0000-000000000003,0.068,0.148,0.216,38
2026-04-05T17:48:22.8354831Z,00000000-0000-0000-0000-000000000003,0.047,0.065,0.112,38
2026-04-05T17:48:22.8356833Z,00000000-0000-0000-0000-000000000003,0.021,0.103,0.124,38
2026-04-05T17:48:22.8358355Z,00000000-0000-0000-0000-000000000003,0.026,0.053,0.079,38
2026-04-05T17:48:22.8359455Z,00000000-0000-0000-0000-000000000003,0.004,0.056,0.061,39
2026-04-05T17:48:22.8414533Z,00000000-0000-0000-0000-000000000003,0.066,0.128,0.194,37
2026-04-05T17:48:22.8416111Z,00000000-0000-0000-0000-000000000003,0.003,0.035,0.038,38
2026-04-05T17:48:22.8420205Z,00000000-0000-0000-0000-000000000003,0.043,0.323,0.365,38
2026-04-05T17:48:22.8421623Z,00000000-0000-0000-0000-000000000003,0.004,0.045,0.049,39
2026-04-05T17:48:22.8423436Z,00000000-0000-0000-0000-000000000003,0.055,0.066,0.121,39
2026-04-05T17:48:22.8425000Z,00000000-0000-0000-0000-000000000003,0.039,0.043,0.082,39
2026-04-05T17:48:22.8426556Z,00000000-0000-0000-0000-000000000003,0.018,0.111,0.129,39
2026-04-05T17:48:22.8429393Z,00000000-0000-0000-0000-000000000003,0.072,0.075,0.147,39
2026-04-05T17:48:22.8430373Z,00000000-0000-0000-0000-000000000003,0.017,0.044,0.061,39
2026-04-05T17:48:22.8431698Z,00000000-0000-0000-0000-000000000003,0.046,0.066,0.112,39
2026-04-05T17:48:22.8432739Z,00000000-0000-0000-0000-000000000003,0.037,0.047,0.085,39
2026-04-05T17:48:22.8434791Z,00000000-0000-0000-0000-000000000003,0.025,0.101,0.126,39
2026-04-05T17:48:22.8435498Z,00000000-0000-0000-0000-000000000003,0.004,0.038,0.041,40
2026-04-05T17:48:22.8436200Z,00000000-0000-0000-0000-000000000003,0.004,0.041,0.044,41
2026-04-05T17:48:22.8436698Z,00000000-0000-0000-0000-000000000003,0.004,0.025,0.028,42
2026-04-05T17:48:22.8437298Z,00000000-0000-0000-0000-000000000003,0.004,0.037,0.041,43
2026-04-05T17:48:22.8438568Z,00000000-0000-0000-0000-000000000003,0.019,0.052,0.071,43
2026-04-05T17:48:22.8439371Z,00000000-0000-0000-0000-000000000003,0.003,0.027,0.030,44
2026-04-05T17:48:22.8440586Z,00000000-0000-0000-0000-000000000003,0.019,0.041,0.059,44
2026-04-05T17:48:22.8442114Z,00000000-0000-0000-0000-000000000003,0.006,0.114,0.120,45
2026-04-05T17:48:22.8444599Z,00000000-0000-0000-0000-000000000003,0.064,0.072,0.135,45
2026-04-05T17:48:22.8445521Z,00000000-0000-0000-0000-000000000003,0.019,0.037,0.056,45
2026-04-05T17:48:22.8446242Z,00000000-0000-0000-0000-000000000003,0.003,0.054,0.057,46
2026-04-05T17:48:22.8447163Z,00000000-0000-0000-0000-000000000003,0.004,0.029,0.032,47
2026-04-05T17:48:22.8448647Z,00000000-0000-0000-0000-000000000003,0.037,0.070,0.107,47
2026-04-05T17:48:22.8449173Z,00000000-0000-0000-0000-000000000003,0.005,0.026,0.032,48
2026-04-05T17:48:22.8450836Z,00000000-0000-0000-0000-000000000003,0.045,0.053,0.098,48
2026-04-05T17:48:22.8453189Z,00000000-0000-0000-0000-000000000003,0.065,0.078,0.142,48
2026-04-05T17:48:22.8453762Z,00000000-0000-0000-0000-000000000003,0.006,0.029,0.035,49
2026-04-05T17:48:22.8455530Z,00000000-0000-0000-0000-000000000003,0.023,0.066,0.089,49
2026-04-05T17:48:22.8456064Z,00000000-0000-0000-0000-000000000003,0.003,0.028,0.032,50
2026-04-05T17:48:22.8458227Z,00000000-0000-0000-0000-000000000003,0.004,0.190,0.195,51
2026-04-05T17:48:22.8462328Z,00000000-0000-0000-0000-000000000003,0.023,0.349,0.371,52
2026-04-05T17:48:22.9286914Z,00000000-0000-0000-0000-000000000030,0.006,0.103,0.109,4
2026-04-05T17:48:23.9343852Z,00000000-0000-0000-0000-000000000003,0.011,0.061,0.071,37
2026-04-05T17:48:24.9475072Z,00000000-0000-0000-0000-000000000030,0.009,0.127,0.136,4
2026-04-05T17:48:25.3556001Z,00000000-0000-0000-0000-000000000003,0.102,0.160,0.262,36
2026-04-05T17:48:25.3561005Z,00000000-0000-0000-0000-000000000003,0.076,0.202,0.277,36
2026-04-05T17:48:25.3564185Z,00000000-0000-0000-0000-000000000003,0.009,0.100,0.109,37
2026-04-05T17:48:25.3567004Z,00000000-0000-0000-0000-000000000003,0.004,0.123,0.127,38
2026-04-05T17:48:25.3569742Z,00000000-0000-0000-0000-000000000003,0.003,0.054,0.057,39
2026-04-05T17:48:25.3570408Z,00000000-0000-0000-0000-000000000003,0.008,0.029,0.037,40
2026-04-05T17:48:25.3571451Z,00000000-0000-0000-0000-000000000003,0.004,0.030,0.034,41
2026-04-05T17:48:25.3572468Z,00000000-0000-0000-0000-000000000003,0.004,0.028,0.032,42
2026-04-05T17:48:25.3572993Z,00000000-0000-0000-0000-000000000003,0.003,0.026,0.028,43
2026-04-05T17:48:25.3573608Z,00000000-0000-0000-0000-000000000003,0.004,0.036,0.040,44
2026-04-05T17:48:25.3608284Z,00000000-0000-0000-0000-000000000003,0.011,0.113,0.123,43
2026-04-05T17:48:25.3611639Z,00000000-0000-0000-0000-000000000003,0.070,0.081,0.150,43
2026-04-05T17:48:25.3613180Z,00000000-0000-0000-0000-000000000003,0.035,0.055,0.090,43
2026-04-05T17:48:25.3614493Z,00000000-0000-0000-0000-000000000003,0.030,0.045,0.075,43
2026-04-05T17:48:25.3615897Z,00000000-0000-0000-0000-000000000003,0.050,0.067,0.117,43
2026-04-05T17:48:25.3617138Z,00000000-0000-0000-0000-000000000003,0.049,0.053,0.101,43
2026-04-05T17:48:25.3617842Z,00000000-0000-0000-0000-000000000003,0.002,0.044,0.046,44
2026-04-05T17:48:25.3619380Z,00000000-0000-0000-0000-000000000003,0.026,0.061,0.087,44
2026-04-05T17:48:25.3620639Z,00000000-0000-0000-0000-000000000003,0.030,0.042,0.072,44
2026-04-05T17:48:25.3621592Z,00000000-0000-0000-0000-000000000003,0.004,0.030,0.033,45
2026-04-05T17:48:25.3622816Z,00000000-0000-0000-0000-000000000003,0.037,0.062,0.099,45
2026-04-05T17:48:25.3623747Z,00000000-0000-0000-0000-000000000003,0.031,0.040,0.071,45
2026-04-05T17:48:25.3624397Z,00000000-0000-0000-0000-000000000003,0.002,0.027,0.029,46
2026-04-05T17:48:25.3625096Z,00000000-0000-0000-0000-000000000003,0.003,0.026,0.030,47
2026-04-05T17:48:25.3628602Z,00000000-0000-0000-0000-000000000003,0.148,0.112,0.261,47
2026-04-05T17:48:25.3630382Z,00000000-0000-0000-0000-000000000003,0.009,0.063,0.072,48
2026-04-05T17:48:25.3631116Z,00000000-0000-0000-0000-000000000003,0.007,0.036,0.043,49
2026-04-05T17:48:25.3631663Z,00000000-0000-0000-0000-000000000003,0.003,0.028,0.031,50
2026-04-05T17:48:25.3632351Z,00000000-0000-0000-0000-000000000003,0.004,0.028,0.032,51
2026-04-05T17:48:25.3633517Z,00000000-0000-0000-0000-000000000003,0.029,0.064,0.093,51
2026-04-05T17:48:25.3634081Z,00000000-0000-0000-0000-000000000003,0.005,0.028,0.033,52
2026-04-05T17:48:25.3635926Z,00000000-0000-0000-0000-000000000003,0.033,0.126,0.158,52
2026-04-05T17:48:25.9572255Z,00000000-0000-0000-0000-000000000003,0.010,0.096,0.106,31
2026-04-05T17:48:26.9589564Z,00000000-0000-0000-0000-000000000030,0.055,0.103,0.158,3
2026-04-05T17:48:27.8688923Z,00000000-0000-0000-0000-000000000003,0.034,0.071,0.105,30
2026-04-05T17:48:27.8689510Z,00000000-0000-0000-0000-000000000003,0.012,0.028,0.040,30
2026-04-05T17:48:27.8690317Z,00000000-0000-0000-0000-000000000003,0.001,0.024,0.025,31
2026-04-05T17:48:27.8690799Z,00000000-0000-0000-0000-000000000003,0.002,0.017,0.019,32
2026-04-05T17:48:27.8691180Z,00000000-0000-0000-0000-000000000003,0.001,0.010,0.011,33
2026-04-05T17:48:27.8691635Z,00000000-0000-0000-0000-000000000003,0.016,0.020,0.037,33
2026-04-05T17:48:27.8692078Z,00000000-0000-0000-0000-000000000003,0.006,0.015,0.021,33
2026-04-05T17:48:27.8692425Z,00000000-0000-0000-0000-000000000003,0.002,0.010,0.012,34
2026-04-05T17:48:27.8768467Z,00000000-0000-0000-0000-000000000003,0.033,0.074,0.107,31
2026-04-05T17:48:27.8769699Z,00000000-0000-0000-0000-000000000003,0.002,0.029,0.031,32
2026-04-05T17:48:27.8769986Z,00000000-0000-0000-0000-000000000003,0.001,0.014,0.015,33
2026-04-05T17:48:27.8770536Z,00000000-0000-0000-0000-000000000003,0.011,0.022,0.032,33
2026-04-05T17:48:27.8771326Z,00000000-0000-0000-0000-000000000003,0.024,0.034,0.059,33
2026-04-05T17:48:27.8771866Z,00000000-0000-0000-0000-000000000003,0.014,0.017,0.031,34
2026-04-05T17:48:27.8773747Z,00000000-0000-0000-0000-000000000003,0.025,0.029,0.054,34
2026-04-05T17:48:27.8774281Z,00000000-0000-0000-0000-000000000003,0.017,0.023,0.040,34
2026-04-05T17:48:27.8774653Z,00000000-0000-0000-0000-000000000003,0.002,0.024,0.025,35
2026-04-05T17:48:27.8775550Z,00000000-0000-0000-0000-000000000003,0.022,0.023,0.045,35
2026-04-05T17:48:27.8776281Z,00000000-0000-0000-0000-000000000003,0.013,0.047,0.060,35
2026-04-05T17:48:27.8776574Z,00000000-0000-0000-0000-000000000003,0.001,0.016,0.017,36
2026-04-05T17:48:27.8777129Z,00000000-0000-0000-0000-000000000003,0.018,0.023,0.041,36
2026-04-05T17:48:27.8777544Z,00000000-0000-0000-0000-000000000003,0.003,0.016,0.019,37
2026-04-05T17:48:27.8777831Z,00000000-0000-0000-0000-000000000003,0.002,0.015,0.016,38
2026-04-05T17:48:27.8778458Z,00000000-0000-0000-0000-000000000003,0.004,0.016,0.020,39
2026-04-05T17:48:27.8779221Z,00000000-0000-0000-0000-000000000003,0.020,0.026,0.046,39
2026-04-05T17:48:27.8779752Z,00000000-0000-0000-0000-000000000003,0.008,0.015,0.023,39
2026-04-05T17:48:27.8780155Z,00000000-0000-0000-0000-000000000003,0.001,0.015,0.016,40
2026-04-05T17:48:27.8780716Z,00000000-0000-0000-0000-000000000003,0.001,0.029,0.030,41
2026-04-05T17:48:27.8780970Z,00000000-0000-0000-0000-000000000003,0.002,0.013,0.015,42
2026-04-05T17:48:27.8781463Z,00000000-0000-0000-0000-000000000003,0.010,0.017,0.026,43
2026-04-05T17:48:27.8781966Z,00000000-0000-0000-0000-000000000003,0.003,0.019,0.022,44
2026-04-05T17:48:27.8782553Z,00000000-0000-0000-0000-000000000003,0.002,0.029,0.032,45
2026-04-05T17:48:27.8783043Z,00000000-0000-0000-0000-000000000003,0.003,0.032,0.034,46
2026-04-05T17:48:27.8783781Z,00000000-0000-0000-0000-000000000003,0.019,0.042,0.060,46
2026-04-05T17:48:27.8785074Z,00000000-0000-0000-0000-000000000003,0.013,0.036,0.048,46
2026-04-05T17:48:27.8785336Z,00000000-0000-0000-0000-000000000003,0.002,0.013,0.015,47
2026-04-05T17:48:27.8785746Z,00000000-0000-0000-0000-000000000003,0.012,0.019,0.031,47
2026-04-05T17:48:27.8786094Z,00000000-0000-0000-0000-000000000003,0.002,0.021,0.023,48
2026-04-05T17:48:27.8786500Z,00000000-0000-0000-0000-000000000003,0.002,0.010,0.012,49
2026-04-05T17:48:27.8786817Z,00000000-0000-0000-0000-000000000003,0.002,0.021,0.023,50
2026-04-05T17:48:27.8787211Z,00000000-0000-0000-0000-000000000003,0.002,0.010,0.012,51
2026-04-05T17:48:27.8787566Z,00000000-0000-0000-0000-000000000003,0.001,0.010,0.011,52
2026-04-05T17:48:27.8787798Z,00000000-0000-0000-0000-000000000003,0.002,0.013,0.015,53
2026-04-05T17:48:27.8788175Z,00000000-0000-0000-0000-000000000003,0.008,0.021,0.028,53
2026-04-05T17:48:27.8788582Z,00000000-0000-0000-0000-000000000003,0.003,0.015,0.018,54
2026-04-05T17:48:27.8788860Z,00000000-0000-0000-0000-000000000003,0.002,0.013,0.015,55
2026-04-05T17:48:27.8789239Z,00000000-0000-0000-0000-000000000003,0.002,0.023,0.025,56
2026-04-05T17:48:27.9615023Z,00000000-0000-0000-0000-000000000003,0.017,0.131,0.148,49
2026-04-05T17:48:28.9725372Z,00000000-0000-0000-0000-000000000030,0.063,0.137,0.199,2
2026-04-05T17:48:29.9808033Z,00000000-0000-0000-0000-000000000003,0.016,0.129,0.145,49
2026-04-05T17:48:30.3855883Z,00000000-0000-0000-0000-000000000003,0.009,0.139,0.148,42
2026-04-05T17:48:30.3857867Z,00000000-0000-0000-0000-000000000003,0.002,0.038,0.041,43
2026-04-05T17:48:30.3861678Z,00000000-0000-0000-0000-000000000003,0.015,0.181,0.196,44
2026-04-05T17:48:30.3864455Z,00000000-0000-0000-0000-000000000003,0.005,0.149,0.154,45
2026-04-05T17:48:30.3866369Z,00000000-0000-0000-0000-000000000003,0.002,0.040,0.042,46
2026-04-05T17:48:30.3867093Z,00000000-0000-0000-0000-000000000003,0.008,0.035,0.043,47
2026-04-05T17:48:30.3867947Z,00000000-0000-0000-0000-000000000003,0.004,0.028,0.032,48
2026-04-05T17:48:30.3868460Z,00000000-0000-0000-0000-000000000003,0.003,0.027,0.030,49
2026-04-05T17:48:30.4025345Z,00000000-0000-0000-0000-000000000003,0.009,0.121,0.130,11
2026-04-05T17:48:30.4027082Z,00000000-0000-0000-0000-000000000003,0.002,0.034,0.036,12
2026-04-05T17:48:30.4027979Z,00000000-0000-0000-0000-000000000003,0.003,0.026,0.030,13
2026-04-05T17:48:30.4028839Z,00000000-0000-0000-0000-000000000003,0.003,0.028,0.030,14
2026-04-05T17:48:30.4029615Z,00000000-0000-0000-0000-000000000003,0.001,0.024,0.025,15
2026-04-05T17:48:30.4030163Z,00000000-0000-0000-0000-000000000003,0.002,0.026,0.028,16
2026-04-05T17:48:30.4030996Z,00000000-0000-0000-0000-000000000003,0.007,0.030,0.037,17
2026-04-05T17:48:30.4031736Z,00000000-0000-0000-0000-000000000003,0.002,0.024,0.026,18
2026-04-05T17:48:30.4032264Z,00000000-0000-0000-0000-000000000003,0.001,0.030,0.031,19
2026-04-05T17:48:30.4032739Z,00000000-0000-0000-0000-000000000003,0.002,0.024,0.026,20
2026-04-05T17:48:30.4033184Z,00000000-0000-0000-0000-000000000003,0.001,0.022,0.023,21
2026-04-05T17:48:30.4033808Z,00000000-0000-0000-0000-000000000003,0.002,0.025,0.027,22
2026-04-05T17:48:30.4034279Z,00000000-0000-0000-0000-000000000003,0.002,0.023,0.025,23
2026-04-05T17:48:30.4035000Z,00000000-0000-0000-0000-000000000003,0.003,0.026,0.029,24
2026-04-05T17:48:30.4035923Z,00000000-0000-0000-0000-000000000003,0.002,0.040,0.042,25
2026-04-05T17:48:30.4036689Z,00000000-0000-0000-0000-000000000003,0.004,0.025,0.029,26
2026-04-05T17:48:30.4037587Z,00000000-0000-0000-0000-000000000003,0.003,0.026,0.030,27
2026-04-05T17:48:30.4038449Z,00000000-0000-0000-0000-000000000003,0.003,0.035,0.038,28
2026-04-05T17:48:30.4039183Z,00000000-0000-0000-0000-000000000003,0.002,0.024,0.026,29
2026-04-05T17:48:30.4040064Z,00000000-0000-0000-0000-000000000003,0.003,0.025,0.028,30
2026-04-05T17:48:30.4042290Z,00000000-0000-0000-0000-000000000003,0.010,0.092,0.102,31
2026-04-05T17:48:30.4043194Z,00000000-0000-0000-0000-000000000003,0.010,0.030,0.040,32
2026-04-05T17:48:30.4044453Z,00000000-0000-0000-0000-000000000003,0.004,0.038,0.042,33
2026-04-05T17:48:30.4045138Z,00000000-0000-0000-0000-000000000003,0.004,0.029,0.033,34
2026-04-05T17:48:30.4046129Z,00000000-0000-0000-0000-000000000003,0.004,0.034,0.038,35
2026-04-05T17:48:30.4046664Z,00000000-0000-0000-0000-000000000003,0.005,0.026,0.031,36
2026-04-05T17:48:30.4047343Z,00000000-0000-0000-0000-000000000003,0.003,0.044,0.048,37
2026-04-05T17:48:30.4048268Z,00000000-0000-0000-0000-000000000003,0.005,0.033,0.038,38
2026-04-05T17:48:30.4049095Z,00000000-0000-0000-0000-000000000003,0.004,0.026,0.030,39
2026-04-05T17:48:30.4049680Z,00000000-0000-0000-0000-000000000003,0.004,0.035,0.039,40
2026-04-05T17:48:30.4050356Z,00000000-0000-0000-0000-000000000003,0.003,0.021,0.024,41
2026-04-05T17:48:30.4051208Z,00000000-0000-0000-0000-000000000003,0.002,0.027,0.029,42
2026-04-05T17:48:30.4051628Z,00000000-0000-0000-0000-000000000003,0.003,0.019,0.022,43
2026-04-05T17:48:30.4052203Z,00000000-0000-0000-0000-000000000003,0.015,0.023,0.038,44
2026-04-05T17:48:30.4052632Z,00000000-0000-0000-0000-000000000003,0.004,0.019,0.022,45
2026-04-05T17:48:30.9918811Z,00000000-0000-0000-0000-000000000030,0.085,0.097,0.182,2
2026-04-05T17:48:31.9939890Z,00000000-0000-0000-0000-000000000003,0.015,0.114,0.130,45
2026-04-05T17:48:32.9007548Z,00000000-0000-0000-0000-000000000003,0.049,0.098,0.147,44
2026-04-05T17:48:32.9009240Z,00000000-0000-0000-0000-000000000003,0.020,0.052,0.072,44
2026-04-05T17:48:32.9010270Z,00000000-0000-0000-0000-000000000003,0.013,0.036,0.048,45
2026-04-05T17:48:32.9010998Z,00000000-0000-0000-0000-000000000003,0.003,0.022,0.025,46
2026-04-05T17:48:32.9012312Z,00000000-0000-0000-0000-000000000003,0.018,0.052,0.069,46
2026-04-05T17:48:32.9137042Z,00000000-0000-0000-0000-000000000003,0.011,0.092,0.103,42
2026-04-05T17:48:32.9159538Z,00000000-0000-0000-0000-000000000003,0.068,0.133,0.201,42
2026-04-05T17:48:32.9161023Z,00000000-0000-0000-0000-000000000003,0.004,0.042,0.046,43
2026-04-05T17:48:32.9162982Z,00000000-0000-0000-0000-000000000003,0.054,0.061,0.115,43
2026-04-05T17:48:32.9163750Z,00000000-0000-0000-0000-000000000003,0.002,0.021,0.023,44
2026-04-05T17:48:32.9164370Z,00000000-0000-0000-0000-000000000003,0.001,0.024,0.024,45
2026-04-05T17:48:32.9165229Z,00000000-0000-0000-0000-000000000003,0.025,0.031,0.056,45
2026-04-05T17:48:32.9166779Z,00000000-0000-0000-0000-000000000003,0.032,0.066,0.098,45
2026-04-05T17:48:32.9167752Z,00000000-0000-0000-0000-000000000003,0.034,0.044,0.078,45
2026-04-05T17:48:32.9168604Z,00000000-0000-0000-0000-000000000003,0.021,0.041,0.062,45
2026-04-05T17:48:32.9168949Z,00000000-0000-0000-0000-000000000003,0.002,0.020,0.021,46
2026-04-05T17:48:32.9169608Z,00000000-0000-0000-0000-000000000003,0.011,0.030,0.041,46
2026-04-05T17:48:32.9170611Z,00000000-0000-0000-0000-000000000003,0.004,0.030,0.035,47
2026-04-05T17:48:32.9171539Z,00000000-0000-0000-0000-000000000003,0.020,0.036,0.056,47
2026-04-05T17:48:32.9172427Z,00000000-0000-0000-0000-000000000003,0.002,0.021,0.023,48
2026-04-05T17:48:32.9173041Z,00000000-0000-0000-0000-000000000003,0.001,0.027,0.027,49
2026-04-05T17:48:32.9173777Z,00000000-0000-0000-0000-000000000003,0.018,0.040,0.058,49
2026-04-05T17:48:32.9174945Z,00000000-0000-0000-0000-000000000003,0.054,0.048,0.103,49
2026-04-05T17:48:32.9176706Z,00000000-0000-0000-0000-000000000003,0.058,0.071,0.130,49
2026-04-05T17:48:32.9177650Z,00000000-0000-0000-0000-000000000003,0.002,0.039,0.041,50
2026-04-05T17:48:32.9178880Z,00000000-0000-0000-0000-000000000003,0.031,0.069,0.100,50
2026-04-05T17:48:32.9182161Z,00000000-0000-0000-0000-000000000003,0.016,0.291,0.307,50
2026-04-05T17:48:32.9183077Z,00000000-0000-0000-0000-000000000003,0.012,0.037,0.049,51
2026-04-05T17:48:32.9184240Z,00000000-0000-0000-0000-000000000003,0.046,0.041,0.087,51
2026-04-05T17:48:32.9184778Z,00000000-0000-0000-0000-000000000003,0.004,0.028,0.032,52
2026-04-05T17:48:32.9185152Z,00000000-0000-0000-0000-000000000003,0.005,0.016,0.021,53
2026-04-05T17:48:32.9187615Z,00000000-0000-0000-0000-000000000003,0.091,0.089,0.181,53
2026-04-05T17:48:32.9189256Z,00000000-0000-0000-0000-000000000003,0.009,0.038,0.048,54
2026-04-05T17:48:32.9190391Z,00000000-0000-0000-0000-000000000003,0.004,0.028,0.032,55
2026-04-05T17:48:32.9191285Z,00000000-0000-0000-0000-000000000003,0.004,0.034,0.038,56
2026-04-05T17:48:32.9192662Z,00000000-0000-0000-0000-000000000003,0.033,0.083,0.116,56
2026-04-05T17:48:32.9194007Z,00000000-0000-0000-0000-000000000003,0.036,0.043,0.079,56
2026-04-05T17:48:32.9195463Z,00000000-0000-0000-0000-000000000003,0.025,0.042,0.067,56
2026-04-05T17:48:32.9196684Z,00000000-0000-0000-0000-000000000003,0.016,0.040,0.056,56
2026-04-05T17:48:32.9197081Z,00000000-0000-0000-0000-000000000003,0.003,0.022,0.025,57
2026-04-05T17:48:32.9197418Z,00000000-0000-0000-0000-000000000003,0.002,0.017,0.018,58
2026-04-05T17:48:33.0076278Z,00000000-0000-0000-0000-000000000030,0.065,0.094,0.158,2
2026-04-05T17:48:34.0204527Z,00000000-0000-0000-0000-000000000003,0.015,0.142,0.158,43
2026-04-05T17:48:35.0308794Z,00000000-0000-0000-0000-000000000030,0.031,0.110,0.141,3
2026-04-05T17:48:35.4241712Z,00000000-0000-0000-0000-000000000003,0.074,0.138,0.212,42
2026-04-05T17:48:35.4243778Z,00000000-0000-0000-0000-000000000003,0.033,0.043,0.075,42
2026-04-05T17:48:35.4244843Z,00000000-0000-0000-0000-000000000003,0.014,0.040,0.054,43
2026-04-05T17:48:35.4245632Z,00000000-0000-0000-0000-000000000003,0.004,0.026,0.030,44
2026-04-05T17:48:35.4246713Z,00000000-0000-0000-0000-000000000003,0.003,0.023,0.026,45
2026-04-05T17:48:35.4247511Z,00000000-0000-0000-0000-000000000003,0.002,0.023,0.025,46
2026-04-05T17:48:35.4307423Z,00000000-0000-0000-0000-000000000003,0.029,0.132,0.161,44
2026-04-05T17:48:35.4310225Z,00000000-0000-0000-0000-000000000003,0.104,0.097,0.201,44
2026-04-05T17:48:35.4312469Z,00000000-0000-0000-0000-000000000003,0.058,0.077,0.136,44
2026-04-05T17:48:35.4314514Z,00000000-0000-0000-0000-000000000003,0.037,0.068,0.105,44
2026-04-05T17:48:35.4316178Z,00000000-0000-0000-0000-000000000003,0.027,0.074,0.101,44
2026-04-05T17:48:35.4317551Z,00000000-0000-0000-0000-000000000003,0.053,0.061,0.114,44
2026-04-05T17:48:35.4319397Z,00000000-0000-0000-0000-000000000003,0.037,0.071,0.108,44
2026-04-05T17:48:35.4320550Z,00000000-0000-0000-0000-000000000003,0.004,0.037,0.041,45
2026-04-05T17:48:35.4321980Z,00000000-0000-0000-0000-000000000003,0.048,0.069,0.117,45
2026-04-05T17:48:35.4323035Z,00000000-0000-0000-0000-000000000003,0.025,0.057,0.082,45
2026-04-05T17:48:35.4324138Z,00000000-0000-0000-0000-000000000003,0.042,0.048,0.090,45
2026-04-05T17:48:35.4325029Z,00000000-0000-0000-0000-000000000003,0.029,0.040,0.069,45
2026-04-05T17:48:35.4325924Z,00000000-0000-0000-0000-000000000003,0.017,0.050,0.067,45
2026-04-05T17:48:35.4327775Z,00000000-0000-0000-0000-000000000003,0.049,0.074,0.123,45
2026-04-05T17:48:35.4328727Z,00000000-0000-0000-0000-000000000003,0.005,0.032,0.037,46
2026-04-05T17:48:35.4329668Z,00000000-0000-0000-0000-000000000003,0.003,0.026,0.029,47
2026-04-05T17:48:35.4331128Z,00000000-0000-0000-0000-000000000003,0.039,0.057,0.097,47
2026-04-05T17:48:35.4331921Z,00000000-0000-0000-0000-000000000003,0.002,0.026,0.029,48
2026-04-05T17:48:35.4334432Z,00000000-0000-0000-0000-000000000003,0.066,0.139,0.205,48
2026-04-05T17:48:35.4336517Z,00000000-0000-0000-0000-000000000003,0.013,0.094,0.107,49
2026-04-05T17:48:35.4337237Z,00000000-0000-0000-0000-000000000003,0.007,0.030,0.037,50
2026-04-05T17:48:35.4338543Z,00000000-0000-0000-0000-000000000003,0.004,0.030,0.034,51
2026-04-05T17:48:35.4341381Z,00000000-0000-0000-0000-000000000003,0.118,0.104,0.222,51
2026-04-05T17:48:35.4343321Z,00000000-0000-0000-0000-000000000003,0.045,0.042,0.087,51
2026-04-05T17:48:35.4344469Z,00000000-0000-0000-0000-000000000003,0.037,0.058,0.095,51
2026-04-05T17:48:35.4347124Z,00000000-0000-0000-0000-000000000003,0.015,0.230,0.246,51
2026-04-05T17:48:36.0417499Z,00000000-0000-0000-0000-000000000003,0.015,0.138,0.153,34
2026-04-05T17:48:37.0542214Z,00000000-0000-0000-0000-000000000030,0.049,0.113,0.162,3
2026-04-05T17:48:37.9453854Z,00000000-0000-0000-0000-000000000003,0.064,0.131,0.194,33
2026-04-05T17:48:37.9552796Z,00000000-0000-0000-0000-000000000003,0.136,0.144,0.280,28
2026-04-05T17:48:37.9554385Z,00000000-0000-0000-0000-000000000003,0.047,0.065,0.111,28
2026-04-05T17:48:37.9556629Z,00000000-0000-0000-0000-000000000003,0.031,0.063,0.094,28
2026-04-05T17:48:37.9557980Z,00000000-0000-0000-0000-000000000003,0.032,0.042,0.074,28
2026-04-05T17:48:37.9559806Z,00000000-0000-0000-0000-000000000003,0.046,0.083,0.129,28
2026-04-05T17:48:37.9561421Z,00000000-0000-0000-0000-000000000003,0.021,0.057,0.078,28
2026-04-05T17:48:37.9563542Z,00000000-0000-0000-0000-000000000003,0.003,0.139,0.142,29
2026-04-05T17:48:37.9566127Z,00000000-0000-0000-0000-000000000003,0.039,0.056,0.095,29
2026-04-05T17:48:37.9566574Z,00000000-0000-0000-0000-000000000003,0.003,0.026,0.029,30
2026-04-05T17:48:37.9567811Z,00000000-0000-0000-0000-000000000003,0.019,0.049,0.068,30
2026-04-05T17:48:37.9568512Z,00000000-0000-0000-0000-000000000003,0.017,0.038,0.055,30
2026-04-05T17:48:37.9569718Z,00000000-0000-0000-0000-000000000003,0.015,0.092,0.108,30
2026-04-05T17:48:37.9571046Z,00000000-0000-0000-0000-000000000003,0.025,0.090,0.114,30
2026-04-05T17:48:37.9572081Z,00000000-0000-0000-0000-000000000003,0.006,0.046,0.052,31
2026-04-05T17:48:37.9573074Z,00000000-0000-0000-0000-000000000003,0.009,0.031,0.040,32
2026-04-05T17:48:37.9574601Z,00000000-0000-0000-0000-000000000003,0.039,0.043,0.082,32
2026-04-05T17:48:37.9575611Z,00000000-0000-0000-0000-000000000003,0.003,0.046,0.048,33
2026-04-05T17:48:37.9576753Z,00000000-0000-0000-0000-000000000003,0.029,0.062,0.091,33
2026-04-05T17:48:37.9578014Z,00000000-0000-0000-0000-000000000003,0.029,0.039,0.068,33
2026-04-05T17:48:37.9578947Z,00000000-0000-0000-0000-000000000003,0.004,0.029,0.034,34
2026-04-05T17:48:37.9580045Z,00000000-0000-0000-0000-000000000003,0.029,0.045,0.074,34
2026-04-05T17:48:37.9580655Z,00000000-0000-0000-0000-000000000003,0.022,0.024,0.047,34
2026-04-05T17:48:37.9580973Z,00000000-0000-0000-0000-000000000003,0.002,0.017,0.019,35
2026-04-05T17:48:37.9581403Z,00000000-0000-0000-0000-000000000003,0.011,0.017,0.028,36
2026-04-05T17:48:37.9582184Z,00000000-0000-0000-0000-000000000003,0.018,0.025,0.043,36
2026-04-05T17:48:37.9582933Z,00000000-0000-0000-0000-000000000003,0.018,0.024,0.042,36
2026-04-05T17:48:37.9583579Z,00000000-0000-0000-0000-000000000003,0.002,0.018,0.020,37
2026-04-05T17:48:37.9584450Z,00000000-0000-0000-0000-000000000003,0.002,0.035,0.037,38
2026-04-05T17:48:37.9584960Z,00000000-0000-0000-0000-000000000003,0.004,0.024,0.028,39
2026-04-05T17:48:37.9585977Z,00000000-0000-0000-0000-000000000003,0.004,0.037,0.041,40
2026-04-05T17:48:37.9587032Z,00000000-0000-0000-0000-000000000003,0.015,0.045,0.060,40
2026-04-05T17:48:37.9587519Z,00000000-0000-0000-0000-000000000003,0.004,0.025,0.029,41
2026-04-05T17:48:37.9588425Z,00000000-0000-0000-0000-000000000003,0.031,0.038,0.069,41
2026-04-05T17:48:37.9589022Z,00000000-0000-0000-0000-000000000003,0.004,0.035,0.039,42
2026-04-05T17:48:38.0671563Z,00000000-0000-0000-0000-000000000003,0.063,0.237,0.300,36
2026-04-05T17:48:39.0748250Z,00000000-0000-0000-0000-000000000030,0.012,0.109,0.122,3
2026-04-05T17:48:40.0864397Z,00000000-0000-0000-0000-000000000003,0.016,0.151,0.167,37
2026-04-05T17:48:40.4729428Z,00000000-0000-0000-0000-000000000003,0.015,0.105,0.120,3
2026-04-05T17:48:40.4730204Z,00000000-0000-0000-0000-000000000003,0.001,0.021,0.022,4
2026-04-05T17:48:40.4731216Z,00000000-0000-0000-0000-000000000003,0.006,0.020,0.026,5
2026-04-05T17:48:40.4732030Z,00000000-0000-0000-0000-000000000003,0.002,0.033,0.035,6
2026-04-05T17:48:40.4732751Z,00000000-0000-0000-0000-000000000003,0.002,0.024,0.026,7
2026-04-05T17:48:40.4733599Z,00000000-0000-0000-0000-000000000003,0.001,0.025,0.027,8
2026-04-05T17:48:40.4734366Z,00000000-0000-0000-0000-000000000003,0.003,0.031,0.034,9
2026-04-05T17:48:40.4735210Z,00000000-0000-0000-0000-000000000003,0.001,0.041,0.042,10
2026-04-05T17:48:40.4737469Z,00000000-0000-0000-0000-000000000003,0.003,0.171,0.174,11
2026-04-05T17:48:40.4738950Z,00000000-0000-0000-0000-000000000003,0.002,0.042,0.043,12
2026-04-05T17:48:40.4739652Z,00000000-0000-0000-0000-000000000003,0.002,0.043,0.045,13
2026-04-05T17:48:40.4740134Z,00000000-0000-0000-0000-000000000003,0.001,0.026,0.027,14
2026-04-05T17:48:40.4740591Z,00000000-0000-0000-0000-000000000003,0.002,0.024,0.026,15
2026-04-05T17:48:40.4741183Z,00000000-0000-0000-0000-000000000003,0.003,0.023,0.026,16
2026-04-05T17:48:40.4742179Z,00000000-0000-0000-0000-000000000003,0.005,0.040,0.046,17
2026-04-05T17:48:40.4742995Z,00000000-0000-0000-0000-000000000003,0.002,0.027,0.029,18
2026-04-05T17:48:40.4743703Z,00000000-0000-0000-0000-000000000003,0.003,0.017,0.021,19
2026-04-05T17:48:40.4744347Z,00000000-0000-0000-0000-000000000003,0.002,0.029,0.031,20
2026-04-05T17:48:40.4745080Z,00000000-0000-0000-0000-000000000003,0.002,0.025,0.028,21
2026-04-05T17:48:40.4745813Z,00000000-0000-0000-0000-000000000003,0.001,0.017,0.018,22
2026-04-05T17:48:40.4748992Z,00000000-0000-0000-0000-000000000003,0.001,0.279,0.280,23
2026-04-05T17:48:40.4751235Z,00000000-0000-0000-0000-000000000003,0.004,0.048,0.052,24
2026-04-05T17:48:40.4752383Z,00000000-0000-0000-0000-000000000003,0.006,0.021,0.026,25
2026-04-05T17:48:40.4753201Z,00000000-0000-0000-0000-000000000003,0.002,0.029,0.031,26
2026-04-05T17:48:40.4753598Z,00000000-0000-0000-0000-000000000003,0.001,0.020,0.021,27
2026-04-05T17:48:40.4754144Z,00000000-0000-0000-0000-000000000003,0.002,0.032,0.034,28
2026-04-05T17:48:40.4754626Z,00000000-0000-0000-0000-000000000003,0.004,0.024,0.028,29
2026-04-05T17:48:40.4755323Z,00000000-0000-0000-0000-000000000003,0.002,0.047,0.050,30
2026-04-05T17:48:40.4755844Z,00000000-0000-0000-0000-000000000003,0.005,0.024,0.029,31
2026-04-05T17:48:40.4756834Z,00000000-0000-0000-0000-000000000003,0.005,0.040,0.045,32
2026-04-05T17:48:40.4757648Z,00000000-0000-0000-0000-000000000003,0.004,0.024,0.028,33
2026-04-05T17:48:40.4758620Z,00000000-0000-0000-0000-000000000003,0.002,0.027,0.030,34
2026-04-05T17:48:40.4759576Z,00000000-0000-0000-0000-000000000003,0.003,0.029,0.032,35
2026-04-05T17:48:40.4760384Z,00000000-0000-0000-0000-000000000003,0.001,0.026,0.028,36
2026-04-05T17:48:40.4761040Z,00000000-0000-0000-0000-000000000003,0.002,0.025,0.027,37
2026-04-05T17:48:40.4761515Z,00000000-0000-0000-0000-000000000003,0.002,0.021,0.024,38
2026-04-05T17:48:40.4761973Z,00000000-0000-0000-0000-000000000003,0.014,0.017,0.030,39
2026-04-05T17:48:41.0966371Z,00000000-0000-0000-0000-000000000030,0.007,0.131,0.138,4
2026-04-05T17:48:42.1088719Z,00000000-0000-0000-0000-000000000003,0.011,0.127,0.138,39
2026-04-05T17:48:42.9802525Z,00000000-0000-0000-0000-000000000003,0.005,0.064,0.069,39
2026-04-05T17:48:42.9803520Z,00000000-0000-0000-0000-000000000003,0.003,0.027,0.030,40
2026-04-05T17:48:42.9803869Z,00000000-0000-0000-0000-000000000003,0.001,0.011,0.011,41
2026-04-05T17:48:42.9804191Z,00000000-0000-0000-0000-000000000003,0.000,0.009,0.009,42
2026-04-05T17:48:42.9804381Z,00000000-0000-0000-0000-000000000003,0.003,0.009,0.011,43
2026-04-05T17:48:42.9804706Z,00000000-0000-0000-0000-000000000003,0.002,0.009,0.011,44
2026-04-05T17:48:42.9805029Z,00000000-0000-0000-0000-000000000003,0.001,0.014,0.015,45
2026-04-05T17:48:42.9829375Z,00000000-0000-0000-0000-000000000003,0.030,0.050,0.080,45
2026-04-05T17:48:42.9830059Z,00000000-0000-0000-0000-000000000003,0.013,0.014,0.027,45
2026-04-05T17:48:42.9830363Z,00000000-0000-0000-0000-000000000003,0.004,0.015,0.019,45
2026-04-05T17:48:42.9830625Z,00000000-0000-0000-0000-000000000003,0.004,0.011,0.015,45
2026-04-05T17:48:42.9830817Z,00000000-0000-0000-0000-000000000003,0.000,0.014,0.015,46
2026-04-05T17:48:42.9831059Z,00000000-0000-0000-0000-000000000003,0.001,0.014,0.015,47
2026-04-05T17:48:42.9831318Z,00000000-0000-0000-0000-000000000003,0.007,0.014,0.021,47
2026-04-05T17:48:42.9831572Z,00000000-0000-0000-0000-000000000003,0.006,0.008,0.014,47
2026-04-05T17:48:42.9831879Z,00000000-0000-0000-0000-000000000003,0.008,0.009,0.017,48
2026-04-05T17:48:42.9831996Z,00000000-0000-0000-0000-000000000003,0.001,0.005,0.006,49
2026-04-05T17:48:42.9832414Z,00000000-0000-0000-0000-000000000003,0.013,0.019,0.032,49
2026-04-05T17:48:42.9832983Z,00000000-0000-0000-0000-000000000003,0.006,0.029,0.035,49
2026-04-05T17:48:42.9833285Z,00000000-0000-0000-0000-000000000003,0.002,0.010,0.012,50
2026-04-05T17:48:42.9833536Z,00000000-0000-0000-0000-000000000003,0.001,0.009,0.010,51
2026-04-05T17:48:42.9833861Z,00000000-0000-0000-0000-000000000003,0.007,0.018,0.025,51
2026-04-05T17:48:42.9834306Z,00000000-0000-0000-0000-000000000003,0.011,0.016,0.027,51
2026-04-05T17:48:42.9834586Z,00000000-0000-0000-0000-000000000003,0.001,0.009,0.010,52
2026-04-05T17:48:42.9834842Z,00000000-0000-0000-0000-000000000003,0.001,0.007,0.009,53
2026-04-05T17:48:42.9835006Z,00000000-0000-0000-0000-000000000003,0.001,0.005,0.006,54
2026-04-05T17:48:42.9835133Z,00000000-0000-0000-0000-000000000003,0.003,0.005,0.008,55
2026-04-05T17:48:42.9836005Z,00000000-0000-0000-0000-000000000003,0.016,0.056,0.072,55
2026-04-05T17:48:42.9836958Z,00000000-0000-0000-0000-000000000003,0.004,0.034,0.037,56
2026-04-05T17:48:42.9837464Z,00000000-0000-0000-0000-000000000003,0.015,0.025,0.040,56
2026-04-05T17:48:43.1185332Z,00000000-0000-0000-0000-000000000030,0.005,0.085,0.089,4
2026-04-05T17:48:44.1278131Z,00000000-0000-0000-0000-000000000003,0.012,0.118,0.130,32
2026-04-05T17:48:45.1421579Z,00000000-0000-0000-0000-000000000030,0.011,0.100,0.111,4
2026-04-05T17:48:45.4886856Z,00000000-0000-0000-0000-000000000003,0.082,0.132,0.213,31
2026-04-05T17:48:45.4889022Z,00000000-0000-0000-0000-000000000003,0.005,0.048,0.053,32
2026-04-05T17:48:45.4891154Z,00000000-0000-0000-0000-000000000003,0.045,0.133,0.178,32
2026-04-05T17:48:45.4893741Z,00000000-0000-0000-0000-000000000003,0.007,0.060,0.067,33
2026-04-05T17:48:45.4895335Z,00000000-0000-0000-0000-000000000003,0.049,0.051,0.100,33
2026-04-05T17:48:45.4898250Z,00000000-0000-0000-0000-000000000003,0.059,0.082,0.141,33
2026-04-05T17:48:45.4899548Z,00000000-0000-0000-0000-000000000003,0.009,0.062,0.071,34
2026-04-05T17:48:45.4900844Z,00000000-0000-0000-0000-000000000003,0.002,0.054,0.056,35
2026-04-05T17:48:45.4902241Z,00000000-0000-0000-0000-000000000003,0.026,0.063,0.089,35
2026-04-05T17:48:45.4961180Z,00000000-0000-0000-0000-000000000003,0.057,0.101,0.158,33
2026-04-05T17:48:45.4962628Z,00000000-0000-0000-0000-000000000003,0.014,0.033,0.047,33
2026-04-05T17:48:45.4963520Z,00000000-0000-0000-0000-000000000003,0.021,0.032,0.053,33
2026-04-05T17:48:45.4964268Z,00000000-0000-0000-0000-000000000003,0.002,0.031,0.033,34
2026-04-05T17:48:45.4965376Z,00000000-0000-0000-0000-000000000003,0.036,0.038,0.074,34
2026-04-05T17:48:45.4966494Z,00000000-0000-0000-0000-000000000003,0.022,0.057,0.080,34
2026-04-05T17:48:45.4967330Z,00000000-0000-0000-0000-000000000003,0.011,0.033,0.045,34
2026-04-05T17:48:45.4968933Z,00000000-0000-0000-0000-000000000003,0.043,0.077,0.120,34
2026-04-05T17:48:45.4969533Z,00000000-0000-0000-0000-000000000003,0.003,0.039,0.042,35
2026-04-05T17:48:45.4972525Z,00000000-0000-0000-0000-000000000003,0.017,0.216,0.233,35
2026-04-05T17:48:45.4975002Z,00000000-0000-0000-0000-000000000003,0.006,0.194,0.200,36
2026-04-05T17:48:45.4976162Z,00000000-0000-0000-0000-000000000003,0.005,0.048,0.054,37
2026-04-05T17:48:45.4976791Z,00000000-0000-0000-0000-000000000003,0.004,0.035,0.038,38
2026-04-05T17:48:45.4977147Z,00000000-0000-0000-0000-000000000003,0.004,0.017,0.021,39
2026-04-05T17:48:45.4978079Z,00000000-0000-0000-0000-000000000003,0.006,0.026,0.032,40
2026-04-05T17:48:45.4979356Z,00000000-0000-0000-0000-000000000003,0.028,0.058,0.086,40
2026-04-05T17:48:45.4980731Z,00000000-0000-0000-0000-000000000003,0.037,0.045,0.083,40
2026-04-05T17:48:45.4981401Z,00000000-0000-0000-0000-000000000003,0.005,0.028,0.033,41
2026-04-05T17:48:45.4982834Z,00000000-0000-0000-0000-000000000003,0.040,0.047,0.087,41
2026-04-05T17:48:45.4983463Z,00000000-0000-0000-0000-000000000003,0.015,0.028,0.043,42
2026-04-05T17:48:45.4984647Z,00000000-0000-0000-0000-000000000003,0.003,0.089,0.093,43
2026-04-05T17:48:45.4986428Z,00000000-0000-0000-0000-000000000003,0.011,0.075,0.086,44
2026-04-05T17:48:45.4987653Z,00000000-0000-0000-0000-000000000003,0.005,0.023,0.028,45
2026-04-05T17:48:45.4988403Z,00000000-0000-0000-0000-000000000003,0.004,0.019,0.023,46
2026-04-05T17:48:45.4989027Z,00000000-0000-0000-0000-000000000003,0.011,0.016,0.028,47
2026-04-05T17:48:45.4989534Z,00000000-0000-0000-0000-000000000003,0.003,0.016,0.019,48
2026-04-05T17:48:45.4990669Z,00000000-0000-0000-0000-000000000003,0.024,0.052,0.075,48
2026-04-05T17:48:45.4991508Z,00000000-0000-0000-0000-000000000003,0.012,0.037,0.049,48
2026-04-05T17:48:45.4991835Z,00000000-0000-0000-0000-000000000003,0.002,0.017,0.020,49
2026-04-05T17:48:45.4992257Z,00000000-0000-0000-0000-000000000003,0.004,0.024,0.028,50
2026-04-05T17:48:45.4992782Z,00000000-0000-0000-0000-000000000003,0.003,0.017,0.020,51
2026-04-05T17:48:46.1542884Z,00000000-0000-0000-0000-000000000003,0.012,0.104,0.116,42
2026-04-05T17:48:47.1641061Z,00000000-0000-0000-0000-000000000030,0.034,0.121,0.155,4
2026-04-05T17:48:48.0122750Z,00000000-0000-0000-0000-000000000003,0.058,0.105,0.163,41
2026-04-05T17:48:48.0124431Z,00000000-0000-0000-0000-000000000003,0.003,0.062,0.065,42
2026-04-05T17:48:48.0125382Z,00000000-0000-0000-0000-000000000003,0.005,0.023,0.028,43
2026-04-05T17:48:48.0196612Z,00000000-0000-0000-0000-000000000003,0.050,0.096,0.146,35
2026-04-05T17:48:48.0197743Z,00000000-0000-0000-0000-000000000003,0.035,0.050,0.085,35
2026-04-05T17:48:48.0198511Z,00000000-0000-0000-0000-000000000003,0.017,0.044,0.061,35
2026-04-05T17:48:48.0200037Z,00000000-0000-0000-0000-000000000003,0.027,0.035,0.063,35
2026-04-05T17:48:48.0200887Z,00000000-0000-0000-0000-000000000003,0.002,0.031,0.033,36
2026-04-05T17:48:48.0210892Z,00000000-0000-0000-0000-000000000003,0.057,0.090,0.148,36
2026-04-05T17:48:48.0213013Z,00000000-0000-0000-0000-000000000003,0.066,0.065,0.131,36
2026-04-05T17:48:48.0215459Z,00000000-0000-0000-0000-000000000003,0.064,0.084,0.148,36
2026-04-05T17:48:48.0217330Z,00000000-0000-0000-0000-000000000003,0.051,0.074,0.125,36
2026-04-05T17:48:48.0218647Z,00000000-0000-0000-0000-000000000003,0.048,0.059,0.107,36
2026-04-05T17:48:48.0219409Z,00000000-0000-0000-0000-000000000003,0.004,0.040,0.044,37
2026-04-05T17:48:48.0220009Z,00000000-0000-0000-0000-000000000003,0.004,0.027,0.031,38
2026-04-05T17:48:48.0221068Z,00000000-0000-0000-0000-000000000003,0.040,0.043,0.084,38
2026-04-05T17:48:48.0221772Z,00000000-0000-0000-0000-000000000003,0.003,0.045,0.047,39
2026-04-05T17:48:48.0223227Z,00000000-0000-0000-0000-000000000003,0.021,0.058,0.079,39
2026-04-05T17:48:48.0231404Z,00000000-0000-0000-0000-000000000003,0.051,0.492,0.543,39
2026-04-05T17:48:48.0233874Z,00000000-0000-0000-0000-000000000003,0.006,0.050,0.056,40
2026-04-05T17:48:48.0235990Z,00000000-0000-0000-0000-000000000003,0.064,0.075,0.139,40
2026-04-05T17:48:48.0237552Z,00000000-0000-0000-0000-000000000003,0.044,0.060,0.104,40
2026-04-05T17:48:48.0238781Z,00000000-0000-0000-0000-000000000003,0.032,0.049,0.082,40
2026-04-05T17:48:48.0239508Z,00000000-0000-0000-0000-000000000003,0.003,0.048,0.052,41
2026-04-05T17:48:48.0241632Z,00000000-0000-0000-0000-000000000003,0.027,0.161,0.188,41
2026-04-05T17:48:48.0244542Z,00000000-0000-0000-0000-000000000003,0.011,0.089,0.101,42
2026-04-05T17:48:48.0245322Z,00000000-0000-0000-0000-000000000003,0.005,0.033,0.037,43
2026-04-05T17:48:48.0247537Z,00000000-0000-0000-0000-000000000003,0.014,0.065,0.079,44
2026-04-05T17:48:48.0250983Z,00000000-0000-0000-0000-000000000003,0.009,0.040,0.049,45
2026-04-05T17:48:48.0254778Z,00000000-0000-0000-0000-000000000003,0.083,0.106,0.189,45
2026-04-05T17:48:48.0259264Z,00000000-0000-0000-0000-000000000003,0.256,0.160,0.416,45
2026-04-05T17:48:48.1658253Z,00000000-0000-0000-0000-000000000003,0.015,0.128,0.143,31
2026-04-05T17:48:49.1815979Z,00000000-0000-0000-0000-000000000030,0.149,0.355,0.504,3
2026-04-05T17:48:50.2111559Z,00000000-0000-0000-0000-000000000003,0.007,0.080,0.087,31
2026-04-05T17:48:50.5238577Z,00000000-0000-0000-0000-000000000003,0.044,0.063,0.107,30
2026-04-05T17:48:50.5239577Z,00000000-0000-0000-0000-000000000003,0.010,0.024,0.033,30
2026-04-05T17:48:50.5240013Z,00000000-0000-0000-0000-000000000003,0.001,0.022,0.023,31
2026-04-05T17:48:50.5240435Z,00000000-0000-0000-0000-000000000003,0.006,0.018,0.024,31
2026-04-05T17:48:50.5240693Z,00000000-0000-0000-0000-000000000003,0.001,0.009,0.010,32
2026-04-05T17:48:50.5286923Z,00000000-0000-0000-0000-000000000003,0.005,0.062,0.067,8
2026-04-05T17:48:50.5287317Z,00000000-0000-0000-0000-000000000003,0.002,0.009,0.011,9
2026-04-05T17:48:50.5287469Z,00000000-0000-0000-0000-000000000003,0.001,0.008,0.009,10
2026-04-05T17:48:50.5288699Z,00000000-0000-0000-0000-000000000003,0.001,0.012,0.013,11
2026-04-05T17:48:50.5289394Z,00000000-0000-0000-0000-000000000003,0.028,0.021,0.049,11
2026-04-05T17:48:50.5289699Z,00000000-0000-0000-0000-000000000003,0.000,0.008,0.008,12
2026-04-05T17:48:50.5290070Z,00000000-0000-0000-0000-000000000003,0.000,0.023,0.024,13
2026-04-05T17:48:50.5290215Z,00000000-0000-0000-0000-000000000003,0.001,0.007,0.008,14
2026-04-05T17:48:50.5290402Z,00000000-0000-0000-0000-000000000003,0.001,0.011,0.013,15
2026-04-05T17:48:50.5290619Z,00000000-0000-0000-0000-000000000003,0.000,0.007,0.007,16
2026-04-05T17:48:50.5291128Z,00000000-0000-0000-0000-000000000003,0.009,0.021,0.031,16
2026-04-05T17:48:50.5291356Z,00000000-0000-0000-0000-000000000003,0.000,0.008,0.008,17
2026-04-05T17:48:50.5291553Z,00000000-0000-0000-0000-000000000003,0.001,0.008,0.009,18
2026-04-05T17:48:50.5291812Z,00000000-0000-0000-0000-000000000003,0.001,0.011,0.012,19
2026-04-05T17:48:50.5292054Z,00000000-0000-0000-0000-000000000003,0.001,0.010,0.010,20
2026-04-05T17:48:50.5292230Z,00000000-0000-0000-0000-000000000003,0.001,0.010,0.011,21
2026-04-05T17:48:50.5292373Z,00000000-0000-0000-0000-000000000003,0.001,0.007,0.008,22
2026-04-05T17:48:50.5292585Z,00000000-0000-0000-0000-000000000003,0.001,0.015,0.015,23
2026-04-05T17:48:50.5292731Z,00000000-0000-0000-0000-000000000003,0.001,0.007,0.009,24
2026-04-05T17:48:50.5292884Z,00000000-0000-0000-0000-000000000003,0.001,0.008,0.009,25
2026-04-05T17:48:50.5293341Z,00000000-0000-0000-0000-000000000003,0.001,0.032,0.033,26
2026-04-05T17:48:50.5293903Z,00000000-0000-0000-0000-000000000003,0.004,0.019,0.024,27
2026-04-05T17:48:50.5294657Z,00000000-0000-0000-0000-000000000003,0.013,0.021,0.034,27
2026-04-05T17:48:50.5294956Z,00000000-0000-0000-0000-000000000003,0.002,0.010,0.012,28
2026-04-05T17:48:50.5295247Z,00000000-0000-0000-0000-000000000003,0.001,0.008,0.009,29
2026-04-05T17:48:50.5295520Z,00000000-0000-0000-0000-000000000003,0.001,0.011,0.012,30
2026-04-05T17:48:50.5295668Z,00000000-0000-0000-0000-000000000003,0.001,0.007,0.008,31
2026-04-05T17:48:50.5295819Z,00000000-0000-0000-0000-000000000003,0.001,0.007,0.009,32
2026-04-05T17:48:51.2103444Z,00000000-0000-0000-0000-000000000030,0.018,0.126,0.144,3
2026-04-05T17:48:52.2138194Z,00000000-0000-0000-0000-000000000003,0.079,0.113,0.191,31
2026-04-05T17:48:53.0434723Z,00000000-0000-0000-0000-000000000003,0.020,0.092,0.112,32
2026-04-05T17:48:53.0436195Z,00000000-0000-0000-0000-000000000003,0.050,0.045,0.095,32
2026-04-05T17:48:53.0437422Z,00000000-0000-0000-0000-000000000003,0.004,0.021,0.025,33
2026-04-05T17:48:53.0438141Z,00000000-0000-0000-0000-000000000003,0.024,0.033,0.056,33
2026-04-05T17:48:53.0438900Z,00000000-0000-0000-0000-000000000003,0.011,0.024,0.035,33
2026-04-05T17:48:53.0537705Z,00000000-0000-0000-0000-000000000003,0.059,0.103,0.162,31
2026-04-05T17:48:53.0538343Z,00000000-0000-0000-0000-000000000003,0.003,0.030,0.033,32
2026-04-05T17:48:53.0539695Z,00000000-0000-0000-0000-000000000003,0.004,0.025,0.028,33
2026-04-05T17:48:53.0540868Z,00000000-0000-0000-0000-000000000003,0.025,0.057,0.082,33
2026-04-05T17:48:53.0544350Z,00000000-0000-0000-0000-000000000003,0.026,0.250,0.277,33
2026-04-05T17:48:53.0546066Z,00000000-0000-0000-0000-000000000003,0.005,0.041,0.046,34
2026-04-05T17:48:53.0549295Z,00000000-0000-0000-0000-000000000003,0.056,0.142,0.198,34
2026-04-05T17:48:53.0551032Z,00000000-0000-0000-0000-000000000003,0.008,0.041,0.050,35
2026-04-05T17:48:53.0555018Z,00000000-0000-0000-0000-000000000003,0.050,0.082,0.131,35
2026-04-05T17:48:53.0556399Z,00000000-0000-0000-0000-000000000003,0.046,0.061,0.107,35
2026-04-05T17:48:53.0556963Z,00000000-0000-0000-0000-000000000003,0.003,0.032,0.035,36
2026-04-05T17:48:53.0558419Z,00000000-0000-0000-0000-000000000003,0.051,0.032,0.084,37
2026-04-05T17:48:53.0559243Z,00000000-0000-0000-0000-000000000003,0.004,0.022,0.026,38
2026-04-05T17:48:53.0560041Z,00000000-0000-0000-0000-000000000003,0.003,0.018,0.021,39
2026-04-05T17:48:53.0560648Z,00000000-0000-0000-0000-000000000003,0.003,0.018,0.021,40
2026-04-05T17:48:53.0561319Z,00000000-0000-0000-0000-000000000003,0.015,0.036,0.052,40
2026-04-05T17:48:53.0562223Z,00000000-0000-0000-0000-000000000003,0.024,0.032,0.056,40
2026-04-05T17:48:53.0562903Z,00000000-0000-0000-0000-000000000003,0.002,0.019,0.021,41
2026-04-05T17:48:53.0563756Z,00000000-0000-0000-0000-000000000003,0.002,0.036,0.038,42
2026-04-05T17:48:53.0564322Z,00000000-0000-0000-0000-000000000003,0.005,0.017,0.021,43
2026-04-05T17:48:53.0565260Z,00000000-0000-0000-0000-000000000003,0.012,0.044,0.056,43
2026-04-05T17:48:53.0565982Z,00000000-0000-0000-0000-000000000003,0.002,0.020,0.022,44
2026-04-05T17:48:53.0566535Z,00000000-0000-0000-0000-000000000003,0.005,0.034,0.039,45
2026-04-05T17:48:53.0567334Z,00000000-0000-0000-0000-000000000003,0.004,0.025,0.029,46
2026-04-05T17:48:53.0568521Z,00000000-0000-0000-0000-000000000003,0.035,0.062,0.097,46
2026-04-05T17:48:53.0568876Z,00000000-0000-0000-0000-000000000003,0.002,0.018,0.021,47
2026-04-05T17:48:53.0569623Z,00000000-0000-0000-0000-000000000003,0.028,0.031,0.059,47
2026-04-05T17:48:53.0570175Z,00000000-0000-0000-0000-000000000003,0.018,0.024,0.042,47
2026-04-05T17:48:53.0570564Z,00000000-0000-0000-0000-000000000003,0.002,0.024,0.026,48
2026-04-05T17:48:53.0571197Z,00000000-0000-0000-0000-000000000003,0.003,0.023,0.025,49
2026-04-05T17:48:53.0572060Z,00000000-0000-0000-0000-000000000003,0.004,0.025,0.029,50
2026-04-05T17:48:53.0572888Z,00000000-0000-0000-0000-000000000003,0.003,0.033,0.036,51
2026-04-05T17:48:53.0573356Z,00000000-0000-0000-0000-000000000003,0.004,0.023,0.027,52
2026-04-05T17:48:53.0574621Z,00000000-0000-0000-0000-000000000003,0.020,0.040,0.061,52
2026-04-05T17:48:53.0575501Z,00000000-0000-0000-0000-000000000003,0.001,0.029,0.030,53
2026-04-05T17:48:53.0576023Z,00000000-0000-0000-0000-000000000003,0.006,0.024,0.030,54
2026-04-05T17:48:53.0577377Z,00000000-0000-0000-0000-000000000003,0.020,0.049,0.069,54
2026-04-05T17:48:53.0578042Z,00000000-0000-0000-0000-000000000003,0.011,0.041,0.052,54
2026-04-05T17:48:53.2274750Z,00000000-0000-0000-0000-000000000030,0.008,0.138,0.147,3
2026-04-05T17:48:54.2370395Z,00000000-0000-0000-0000-000000000003,0.042,0.058,0.101,41
2026-04-05T17:48:55.2507431Z,00000000-0000-0000-0000-000000000030,0.031,0.053,0.084,3
2026-04-05T17:48:55.5652513Z,00000000-0000-0000-0000-000000000003,0.065,0.114,0.179,40
2026-04-05T17:48:55.5654399Z,00000000-0000-0000-0000-000000000003,0.003,0.074,0.076,41
2026-04-05T17:48:55.5658897Z,00000000-0000-0000-0000-000000000003,0.077,0.096,0.173,41
2026-04-05T17:48:55.5661222Z,00000000-0000-0000-0000-000000000003,0.004,0.055,0.059,42
2026-04-05T17:48:55.5664089Z,00000000-0000-0000-0000-000000000003,0.076,0.101,0.177,42
2026-04-05T17:48:55.5724878Z,00000000-0000-0000-0000-000000000003,0.087,0.141,0.228,40
2026-04-05T17:48:55.5726164Z,00000000-0000-0000-0000-000000000003,0.004,0.043,0.047,41
2026-04-05T17:48:55.5728039Z,00000000-0000-0000-0000-000000000003,0.058,0.075,0.133,41
2026-04-05T17:48:55.5729848Z,00000000-0000-0000-0000-000000000003,0.041,0.054,0.095,41
2026-04-05T17:48:55.5731471Z,00000000-0000-0000-0000-000000000003,0.024,0.063,0.088,41
2026-04-05T17:48:55.5732718Z,00000000-0000-0000-0000-000000000003,0.042,0.062,0.104,41
2026-04-05T17:48:55.5734428Z,00000000-0000-0000-0000-000000000003,0.045,0.053,0.098,41
2026-04-05T17:48:55.5735458Z,00000000-0000-0000-0000-000000000003,0.007,0.031,0.038,42
2026-04-05T17:48:55.5736151Z,00000000-0000-0000-0000-000000000003,0.006,0.025,0.032,43
2026-04-05T17:48:55.5738371Z,00000000-0000-0000-0000-000000000003,0.063,0.086,0.150,43
2026-04-05T17:48:55.5739752Z,00000000-0000-0000-0000-000000000003,0.036,0.044,0.080,43
2026-04-05T17:48:55.5741184Z,00000000-0000-0000-0000-000000000003,0.053,0.066,0.119,43
2026-04-05T17:48:55.5742456Z,00000000-0000-0000-0000-000000000003,0.051,0.054,0.105,43
2026-04-05T17:48:55.5743665Z,00000000-0000-0000-0000-000000000003,0.037,0.062,0.100,43
2026-04-05T17:48:55.5744955Z,00000000-0000-0000-0000-000000000003,0.018,0.051,0.068,43
2026-04-05T17:48:55.5746402Z,00000000-0000-0000-0000-000000000003,0.026,0.069,0.095,43
2026-04-05T17:48:55.5747653Z,00000000-0000-0000-0000-000000000003,0.033,0.037,0.071,43
2026-04-05T17:48:55.5749346Z,00000000-0000-0000-0000-000000000003,0.065,0.058,0.123,43
2026-04-05T17:48:55.5750760Z,00000000-0000-0000-0000-000000000003,0.024,0.056,0.080,43
2026-04-05T17:48:55.5751760Z,00000000-0000-0000-0000-000000000003,0.035,0.044,0.079,43
2026-04-05T17:48:55.5752380Z,00000000-0000-0000-0000-000000000003,0.004,0.039,0.043,44
2026-04-05T17:48:55.5753601Z,00000000-0000-0000-0000-000000000003,0.030,0.068,0.098,44
2026-04-05T17:48:55.5754653Z,00000000-0000-0000-0000-000000000003,0.005,0.045,0.051,45
2026-04-05T17:48:55.5755169Z,00000000-0000-0000-0000-000000000003,0.004,0.025,0.028,46
2026-04-05T17:48:55.5756371Z,00000000-0000-0000-0000-000000000003,0.031,0.040,0.071,46
2026-04-05T17:48:55.5757509Z,00000000-0000-0000-0000-000000000003,0.030,0.036,0.065,46
2026-04-05T17:48:55.5758809Z,00000000-0000-0000-0000-000000000003,0.045,0.065,0.110,46
2026-04-05T17:48:55.5762819Z,00000000-0000-0000-0000-000000000003,0.038,0.311,0.349,46
2026-04-05T17:48:55.5765337Z,00000000-0000-0000-0000-000000000003,0.034,0.080,0.114,46
2026-04-05T17:48:55.5765982Z,00000000-0000-0000-0000-000000000003,0.003,0.037,0.040,47
2026-04-05T17:48:55.5767254Z,00000000-0000-0000-0000-000000000003,0.033,0.068,0.102,47
2026-04-05T17:48:56.2608166Z,00000000-0000-0000-0000-000000000003,0.009,0.095,0.103,35
2026-04-05T17:48:57.2630147Z,00000000-0000-0000-0000-000000000030,0.005,0.057,0.062,4
2026-04-05T17:48:58.0725650Z,00000000-0000-0000-0000-000000000003,0.042,0.059,0.101,34
2026-04-05T17:48:58.0726501Z,00000000-0000-0000-0000-000000000003,0.001,0.023,0.025,35
2026-04-05T17:48:58.0726989Z,00000000-0000-0000-0000-000000000003,0.007,0.016,0.022,35
2026-04-05T17:48:58.0727471Z,00000000-0000-0000-0000-000000000003,0.017,0.025,0.041,35
2026-04-05T17:48:58.0727868Z,00000000-0000-0000-0000-000000000003,0.002,0.014,0.016,36
2026-04-05T17:48:58.0728180Z,00000000-0000-0000-0000-000000000003,0.009,0.011,0.020,37
2026-04-05T17:48:58.0774269Z,00000000-0000-0000-0000-000000000003,0.027,0.060,0.087,36
2026-04-05T17:48:58.0774580Z,00000000-0000-0000-0000-000000000003,0.010,0.011,0.021,36
2026-04-05T17:48:58.0775463Z,00000000-0000-0000-0000-000000000003,0.029,0.020,0.049,36
2026-04-05T17:48:58.0775777Z,00000000-0000-0000-0000-000000000003,0.013,0.013,0.027,36
2026-04-05T17:48:58.0776051Z,00000000-0000-0000-0000-000000000003,0.007,0.008,0.015,36
2026-04-05T17:48:58.0776241Z,00000000-0000-0000-0000-000000000003,0.001,0.013,0.014,37
2026-04-05T17:48:58.0776611Z,00000000-0000-0000-0000-000000000003,0.017,0.014,0.031,37
2026-04-05T17:48:58.0776921Z,00000000-0000-0000-0000-000000000003,0.010,0.011,0.020,37
2026-04-05T17:48:58.0777257Z,00000000-0000-0000-0000-000000000003,0.010,0.010,0.020,37
2026-04-05T17:48:58.0777411Z,00000000-0000-0000-0000-000000000003,0.001,0.011,0.011,38
2026-04-05T17:48:58.0777600Z,00000000-0000-0000-0000-000000000003,0.003,0.011,0.014,38
2026-04-05T17:48:58.0777850Z,00000000-0000-0000-0000-000000000003,0.007,0.013,0.021,38
2026-04-05T17:48:58.0777985Z,00000000-0000-0000-0000-000000000003,0.001,0.009,0.009,39
2026-04-05T17:48:58.0778089Z,00000000-0000-0000-0000-000000000003,0.000,0.005,0.006,40
2026-04-05T17:48:58.0778364Z,00000000-0000-0000-0000-000000000003,0.004,0.011,0.015,40
2026-04-05T17:48:58.0778602Z,00000000-0000-0000-0000-000000000003,0.009,0.010,0.020,40
2026-04-05T17:48:58.0778857Z,00000000-0000-0000-0000-000000000003,0.001,0.005,0.006,41
2026-04-05T17:48:58.0779210Z,00000000-0000-0000-0000-000000000003,0.008,0.015,0.022,41
2026-04-05T17:48:58.0779470Z,00000000-0000-0000-0000-000000000003,0.004,0.013,0.016,41
2026-04-05T17:48:58.0779735Z,00000000-0000-0000-0000-000000000003,0.007,0.009,0.017,41
2026-04-05T17:48:58.0779873Z,00000000-0000-0000-0000-000000000003,0.004,0.005,0.010,42
2026-04-05T17:48:58.0780093Z,00000000-0000-0000-0000-000000000003,0.004,0.013,0.017,42
2026-04-05T17:48:58.0780222Z,00000000-0000-0000-0000-000000000003,0.001,0.008,0.009,43
2026-04-05T17:48:58.0780557Z,00000000-0000-0000-0000-000000000003,0.004,0.016,0.020,43
2026-04-05T17:48:58.0780721Z,00000000-0000-0000-0000-000000000003,0.001,0.009,0.010,44
2026-04-05T17:48:58.0780869Z,00000000-0000-0000-0000-000000000003,0.001,0.007,0.008,45
2026-04-05T17:48:58.0781069Z,00000000-0000-0000-0000-000000000003,0.002,0.008,0.010,46
2026-04-05T17:48:58.0781442Z,00000000-0000-0000-0000-000000000003,0.002,0.016,0.018,47
2026-04-05T17:48:58.0781695Z,00000000-0000-0000-0000-000000000003,0.001,0.008,0.009,48
2026-04-05T17:48:58.0782036Z,00000000-0000-0000-0000-000000000003,0.013,0.014,0.027,48
2026-04-05T17:48:58.0782246Z,00000000-0000-0000-0000-000000000003,0.001,0.013,0.014,49
2026-04-05T17:48:58.0782409Z,00000000-0000-0000-0000-000000000003,0.001,0.008,0.009,50
2026-04-05T17:48:58.2738104Z,00000000-0000-0000-0000-000000000003,0.015,0.130,0.145,37
2026-04-05T17:48:59.2775877Z,00000000-0000-0000-0000-000000000030,0.121,0.120,0.242,3
2026-04-05T17:49:00.2787686Z,00000000-0000-0000-0000-000000000003,0.013,0.093,0.105,37
2026-04-05T17:49:00.5901308Z,00000000-0000-0000-0000-000000000003,0.101,0.126,0.227,34
2026-04-05T17:49:00.5902023Z,00000000-0000-0000-0000-000000000003,0.005,0.036,0.041,35
2026-04-05T17:49:00.5903453Z,00000000-0000-0000-0000-000000000003,0.001,0.022,0.024,36
2026-04-05T17:49:00.5903797Z,00000000-0000-0000-0000-000000000003,0.002,0.017,0.018,37
2026-04-05T17:49:00.5947586Z,00000000-0000-0000-0000-000000000003,0.007,0.121,0.129,7
2026-04-05T17:49:00.5948947Z,00000000-0000-0000-0000-000000000003,0.005,0.021,0.026,8
2026-04-05T17:49:00.5949508Z,00000000-0000-0000-0000-000000000003,0.001,0.020,0.021,9
2026-04-05T17:49:00.5949850Z,00000000-0000-0000-0000-000000000003,0.003,0.016,0.019,10
2026-04-05T17:49:00.5950180Z,00000000-0000-0000-0000-000000000003,0.001,0.018,0.019,11
2026-04-05T17:49:00.5950601Z,00000000-0000-0000-0000-000000000003,0.003,0.016,0.018,12
2026-04-05T17:49:00.5951113Z,00000000-0000-0000-0000-000000000003,0.001,0.017,0.019,13
2026-04-05T17:49:00.5951769Z,00000000-0000-0000-0000-000000000003,0.001,0.017,0.018,14
2026-04-05T17:49:00.5952092Z,00000000-0000-0000-0000-000000000003,0.002,0.016,0.018,15
2026-04-05T17:49:00.5952533Z,00000000-0000-0000-0000-000000000003,0.001,0.017,0.018,16
2026-04-05T17:49:00.5952834Z,00000000-0000-0000-0000-000000000003,0.001,0.016,0.016,17
2026-04-05T17:49:00.5953249Z,00000000-0000-0000-0000-000000000003,0.003,0.025,0.028,18
2026-04-05T17:49:00.5953751Z,00000000-0000-0000-0000-000000000003,0.002,0.017,0.019,19
2026-04-05T17:49:00.5954165Z,00000000-0000-0000-0000-000000000003,0.012,0.016,0.028,20
2026-04-05T17:49:00.5954466Z,00000000-0000-0000-0000-000000000003,0.001,0.015,0.016,21
2026-04-05T17:49:01.2873104Z,00000000-0000-0000-0000-000000000030,0.008,0.115,0.123,3
2026-04-05T17:49:02.2887383Z,00000000-0000-0000-0000-000000000003,0.094,0.118,0.212,20
2026-04-05T17:49:03.1036968Z,00000000-0000-0000-0000-000000000003,0.061,0.116,0.177,20
2026-04-05T17:49:03.1037841Z,00000000-0000-0000-0000-000000000003,0.004,0.045,0.049,21
2026-04-05T17:49:03.1038789Z,00000000-0000-0000-0000-000000000003,0.004,0.038,0.042,22
2026-04-05T17:49:03.1039300Z,00000000-0000-0000-0000-000000000003,0.003,0.025,0.028,23
2026-04-05T17:49:03.1039792Z,00000000-0000-0000-0000-000000000003,0.003,0.025,0.028,24
2026-04-05T17:49:03.1041294Z,00000000-0000-0000-0000-000000000003,0.022,0.053,0.074,24
2026-04-05T17:49:03.1042511Z,00000000-0000-0000-0000-000000000003,0.026,0.030,0.055,25
2026-04-05T17:49:03.1043572Z,00000000-0000-0000-0000-000000000003,0.005,0.042,0.046,26
2026-04-05T17:49:03.1044100Z,00000000-0000-0000-0000-000000000003,0.004,0.026,0.030,27
2026-04-05T17:49:03.1102666Z,00000000-0000-0000-0000-000000000003,0.049,0.096,0.145,25
2026-04-05T17:49:03.1103612Z,00000000-0000-0000-0000-000000000003,0.028,0.041,0.069,25
2026-04-05T17:49:03.1104838Z,00000000-0000-0000-0000-000000000003,0.012,0.029,0.041,25
2026-04-05T17:49:03.1105815Z,00000000-0000-0000-0000-000000000003,0.027,0.035,0.062,25
2026-04-05T17:49:03.1106348Z,00000000-0000-0000-0000-000000000003,0.003,0.030,0.033,26
2026-04-05T17:49:03.1106821Z,00000000-0000-0000-0000-000000000003,0.002,0.018,0.020,27
2026-04-05T17:49:03.1107593Z,00000000-0000-0000-0000-000000000003,0.011,0.051,0.063,27
2026-04-05T17:49:03.1108524Z,00000000-0000-0000-0000-000000000003,0.015,0.064,0.079,27
2026-04-05T17:49:03.1109012Z,00000000-0000-0000-0000-000000000003,0.003,0.025,0.028,28
2026-04-05T17:49:03.1109651Z,00000000-0000-0000-0000-000000000003,0.012,0.025,0.036,28
2026-04-05T17:49:03.1110050Z,00000000-0000-0000-0000-000000000003,0.010,0.017,0.027,29
2026-04-05T17:49:03.1110381Z,00000000-0000-0000-0000-000000000003,0.002,0.017,0.019,30
2026-04-05T17:49:03.1111268Z,00000000-0000-0000-0000-000000000003,0.004,0.024,0.028,31
2026-04-05T17:49:03.1112126Z,00000000-0000-0000-0000-000000000003,0.022,0.027,0.049,31
2026-04-05T17:49:03.1112697Z,00000000-0000-0000-0000-000000000003,0.002,0.024,0.026,32
2026-04-05T17:49:03.1113192Z,00000000-0000-0000-0000-000000000003,0.003,0.016,0.019,33
2026-04-05T17:49:03.1113760Z,00000000-0000-0000-0000-000000000003,0.002,0.016,0.017,34
2026-04-05T17:49:03.1114582Z,00000000-0000-0000-0000-000000000003,0.011,0.027,0.038,35
2026-04-05T17:49:03.1115434Z,00000000-0000-0000-0000-000000000003,0.002,0.042,0.044,36
2026-04-05T17:49:03.1115933Z,00000000-0000-0000-0000-000000000003,0.002,0.025,0.027,37
2026-04-05T17:49:03.1116413Z,00000000-0000-0000-0000-000000000003,0.003,0.023,0.027,38
2026-04-05T17:49:03.1116965Z,00000000-0000-0000-0000-000000000003,0.002,0.019,0.020,39
2026-04-05T17:49:03.1117588Z,00000000-0000-0000-0000-000000000003,0.013,0.034,0.048,39
2026-04-05T17:49:03.1117898Z,00000000-0000-0000-0000-000000000003,0.003,0.016,0.018,40
2026-04-05T17:49:03.1118363Z,00000000-0000-0000-0000-000000000003,0.003,0.029,0.032,41
2026-04-05T17:49:03.1119171Z,00000000-0000-0000-0000-000000000003,0.003,0.025,0.029,42
2026-04-05T17:49:03.1119822Z,00000000-0000-0000-0000-000000000003,0.002,0.018,0.019,43
2026-04-05T17:49:03.1120126Z,00000000-0000-0000-0000-000000000003,0.001,0.015,0.017,44
2026-04-05T17:49:03.1120609Z,00000000-0000-0000-0000-000000000003,0.017,0.017,0.034,45
2026-04-05T17:49:03.1121328Z,00000000-0000-0000-0000-000000000003,0.018,0.040,0.058,45
2026-04-05T17:49:03.1121708Z,00000000-0000-0000-0000-000000000003,0.002,0.023,0.025,46
2026-04-05T17:49:03.3018978Z,00000000-0000-0000-0000-000000000030,0.046,0.090,0.136,2
2026-04-05T17:49:04.3175461Z,00000000-0000-0000-0000-000000000003,0.013,0.100,0.112,42
2026-04-05T17:49:05.3180024Z,00000000-0000-0000-0000-000000000030,0.064,0.086,0.150,2
2026-04-05T17:49:05.6201459Z,00000000-0000-0000-0000-000000000003,0.059,0.085,0.144,41
2026-04-05T17:49:05.6203032Z,00000000-0000-0000-0000-000000000003,0.003,0.042,0.046,42
2026-04-05T17:49:05.6205664Z,00000000-0000-0000-0000-000000000003,0.049,0.115,0.164,42
2026-04-05T17:49:05.6206743Z,00000000-0000-0000-0000-000000000003,0.035,0.047,0.082,42
2026-04-05T17:49:05.6207417Z,00000000-0000-0000-0000-000000000003,0.015,0.039,0.054,42
2026-04-05T17:49:05.6208397Z,00000000-0000-0000-0000-000000000003,0.036,0.044,0.080,42
2026-04-05T17:49:05.6209140Z,00000000-0000-0000-0000-000000000003,0.005,0.049,0.054,43
2026-04-05T17:49:05.6210432Z,00000000-0000-0000-0000-000000000003,0.004,0.027,0.031,44
2026-04-05T17:49:05.6211057Z,00000000-0000-0000-0000-000000000003,0.013,0.027,0.039,45
2026-04-05T17:49:05.6211943Z,00000000-0000-0000-0000-000000000003,0.004,0.032,0.036,46
2026-04-05T17:49:05.6258046Z,00000000-0000-0000-0000-000000000003,0.069,0.229,0.298,42
2026-04-05T17:49:05.6260003Z,00000000-0000-0000-0000-000000000003,0.037,0.066,0.103,42
2026-04-05T17:49:05.6261966Z,00000000-0000-0000-0000-000000000003,0.005,0.046,0.051,43
2026-04-05T17:49:05.6262903Z,00000000-0000-0000-0000-000000000003,0.029,0.033,0.062,43
2026-04-05T17:49:05.6263484Z,00000000-0000-0000-0000-000000000003,0.010,0.034,0.044,43
2026-04-05T17:49:05.6264333Z,00000000-0000-0000-0000-000000000003,0.019,0.026,0.045,43
2026-04-05T17:49:05.6265177Z,00000000-0000-0000-0000-000000000003,0.029,0.042,0.071,43
2026-04-05T17:49:05.6265781Z,00000000-0000-0000-0000-000000000003,0.014,0.033,0.047,43
2026-04-05T17:49:05.6266677Z,00000000-0000-0000-0000-000000000003,0.027,0.032,0.059,44
2026-04-05T17:49:05.6267992Z,00000000-0000-0000-0000-000000000003,0.033,0.042,0.075,44
2026-04-05T17:49:05.6268630Z,00000000-0000-0000-0000-000000000003,0.003,0.030,0.033,45
2026-04-05T17:49:05.6269165Z,00000000-0000-0000-0000-000000000003,0.003,0.027,0.030,46
2026-04-05T17:49:05.6270152Z,00000000-0000-0000-0000-000000000003,0.033,0.044,0.076,46
2026-04-05T17:49:05.6271233Z,00000000-0000-0000-0000-000000000003,0.005,0.029,0.034,47
2026-04-05T17:49:05.6274521Z,00000000-0000-0000-0000-000000000003,0.012,0.092,0.104,48
2026-04-05T17:49:05.6276290Z,00000000-0000-0000-0000-000000000003,0.047,0.080,0.127,48
2026-04-05T17:49:05.6278258Z,00000000-0000-0000-0000-000000000003,0.018,0.126,0.144,48
2026-04-05T17:49:05.6279717Z,00000000-0000-0000-0000-000000000003,0.039,0.048,0.087,48
2026-04-05T17:49:05.6281061Z,00000000-0000-0000-0000-000000000003,0.003,0.036,0.039,49
2026-04-05T17:49:05.6282086Z,00000000-0000-0000-0000-000000000003,0.006,0.039,0.045,50
2026-04-05T17:49:05.6282819Z,00000000-0000-0000-0000-000000000003,0.003,0.020,0.023,51
2026-04-05T17:49:05.6283265Z,00000000-0000-0000-0000-000000000003,0.012,0.017,0.029,52
2026-04-05T17:49:05.6283807Z,00000000-0000-0000-0000-000000000003,0.003,0.018,0.021,53
2026-04-05T17:49:06.3288524Z,00000000-0000-0000-0000-000000000003,0.009,0.108,0.117,35
2026-04-05T17:49:07.3386945Z,00000000-0000-0000-0000-000000000030,0.092,0.134,0.226,2
2026-04-05T17:49:08.1390012Z,00000000-0000-0000-0000-000000000003,0.051,0.063,0.114,34
2026-04-05T17:49:08.1390575Z,00000000-0000-0000-0000-000000000003,0.013,0.020,0.032,34
2026-04-05T17:49:08.1390897Z,00000000-0000-0000-0000-000000000003,0.011,0.014,0.025,34
2026-04-05T17:49:08.1391572Z,00000000-0000-0000-0000-000000000003,0.015,0.017,0.032,34
2026-04-05T17:49:08.1392519Z,00000000-0000-0000-0000-000000000003,0.037,0.050,0.087,34
2026-04-05T17:49:08.1393542Z,00000000-0000-0000-0000-000000000003,0.015,0.016,0.031,34
2026-04-05T17:49:08.1393830Z,00000000-0000-0000-0000-000000000003,0.009,0.012,0.021,34
2026-04-05T17:49:08.1394336Z,00000000-0000-0000-0000-000000000003,0.002,0.025,0.027,35
2026-04-05T17:49:08.1394542Z,00000000-0000-0000-0000-000000000003,0.001,0.008,0.009,36
2026-04-05T17:49:08.1431557Z,00000000-0000-0000-0000-000000000003,0.032,0.058,0.090,33
2026-04-05T17:49:08.1431937Z,00000000-0000-0000-0000-000000000003,0.003,0.017,0.019,34
2026-04-05T17:49:08.1432702Z,00000000-0000-0000-0000-000000000003,0.008,0.015,0.022,34
2026-04-05T17:49:08.1432891Z,00000000-0000-0000-0000-000000000003,0.001,0.011,0.011,35
2026-04-05T17:49:08.1434924Z,00000000-0000-0000-0000-000000000003,0.099,0.095,0.194,35
2026-04-05T17:49:08.1437170Z,00000000-0000-0000-0000-000000000003,0.028,0.104,0.132,35
2026-04-05T17:49:08.1438498Z,00000000-0000-0000-0000-000000000003,0.020,0.091,0.111,35
2026-04-05T17:49:08.1440398Z,00000000-0000-0000-0000-000000000003,0.121,0.050,0.172,35
2026-04-05T17:49:08.1441057Z,00000000-0000-0000-0000-000000000003,0.029,0.019,0.048,35
2026-04-05T17:49:08.1442696Z,00000000-0000-0000-0000-000000000003,0.002,0.027,0.028,36
2026-04-05T17:49:08.1445793Z,00000000-0000-0000-0000-000000000003,0.004,0.037,0.041,37
2026-04-05T17:49:08.1446609Z,00000000-0000-0000-0000-000000000003,0.002,0.046,0.048,38
2026-04-05T17:49:08.1450563Z,00000000-0000-0000-0000-000000000003,0.003,0.335,0.338,39
2026-04-05T17:49:08.1452631Z,00000000-0000-0000-0000-000000000003,0.052,0.081,0.133,39
2026-04-05T17:49:08.1456367Z,00000000-0000-0000-0000-000000000003,0.014,0.227,0.241,39
2026-04-05T17:49:08.1458152Z,00000000-0000-0000-0000-000000000003,0.042,0.071,0.113,39
2026-04-05T17:49:08.1459460Z,00000000-0000-0000-0000-000000000003,0.012,0.102,0.114,39
2026-04-05T17:49:08.1460190Z,00000000-0000-0000-0000-000000000003,0.013,0.032,0.045,39
2026-04-05T17:49:08.1460826Z,00000000-0000-0000-0000-000000000003,0.012,0.022,0.034,39
2026-04-05T17:49:08.1463456Z,00000000-0000-0000-0000-000000000003,0.003,0.145,0.148,40
2026-04-05T17:49:08.1463928Z,00000000-0000-0000-0000-000000000003,0.002,0.015,0.017,41
2026-04-05T17:49:08.1465018Z,00000000-0000-0000-0000-000000000003,0.002,0.039,0.041,42
2026-04-05T17:49:08.1468083Z,00000000-0000-0000-0000-000000000003,0.254,0.031,0.284,43
2026-04-05T17:49:08.1470540Z,00000000-0000-0000-0000-000000000003,0.069,0.110,0.179,43
2026-04-05T17:49:08.3527186Z,00000000-0000-0000-0000-000000000003,0.010,0.781,0.791,35
2026-04-05T17:49:09.3668071Z,00000000-0000-0000-0000-000000000030,0.009,0.132,0.141,2
2026-04-05T17:49:10.6493812Z,00000000-0000-0000-0000-000000000003,0.037,0.063,0.100,34
2026-04-05T17:49:10.6494065Z,00000000-0000-0000-0000-000000000003,0.001,0.013,0.014,35
2026-04-05T17:49:10.6494713Z,00000000-0000-0000-0000-000000000003,0.009,0.015,0.024,35
2026-04-05T17:49:10.6494972Z,00000000-0000-0000-0000-000000000003,0.009,0.012,0.021,35
2026-04-05T17:49:10.6495075Z,00000000-0000-0000-0000-000000000003,0.001,0.005,0.006,36
2026-04-05T17:49:10.6495260Z,00000000-0000-0000-0000-000000000003,0.006,0.008,0.014,36
2026-04-05T17:49:10.6495361Z,00000000-0000-0000-0000-000000000003,0.001,0.005,0.006,37
2026-04-05T17:49:10.6495485Z,00000000-0000-0000-0000-000000000003,0.003,0.005,0.008,38
2026-04-05T17:49:10.6495595Z,00000000-0000-0000-0000-000000000003,0.001,0.006,0.007,39
2026-04-05T17:49:10.6528110Z,00000000-0000-0000-0000-000000000003,0.024,0.039,0.063,34
2026-04-05T17:49:10.6528356Z,00000000-0000-0000-0000-000000000003,0.004,0.011,0.016,34
2026-04-05T17:49:10.6528785Z,00000000-0000-0000-0000-000000000003,0.001,0.010,0.011,35
2026-04-05T17:49:10.6529149Z,00000000-0000-0000-0000-000000000003,0.001,0.011,0.012,36
2026-04-05T17:49:10.6529658Z,00000000-0000-0000-0000-000000000003,0.016,0.024,0.040,36
2026-04-05T17:49:10.6530029Z,00000000-0000-0000-0000-000000000003,0.005,0.015,0.021,36
2026-04-05T17:49:10.6530382Z,00000000-0000-0000-0000-000000000003,0.009,0.013,0.022,36
2026-04-05T17:49:10.6530675Z,00000000-0000-0000-0000-000000000003,0.011,0.013,0.024,36
2026-04-05T17:49:10.6530891Z,00000000-0000-0000-0000-000000000003,0.006,0.012,0.018,36
2026-04-05T17:49:10.6531091Z,00000000-0000-0000-0000-000000000003,0.008,0.008,0.016,36
2026-04-05T17:49:10.6531393Z,00000000-0000-0000-0000-000000000003,0.002,0.014,0.016,37
2026-04-05T17:49:10.6531646Z,00000000-0000-0000-0000-000000000003,0.001,0.009,0.010,38
2026-04-05T17:49:10.6531889Z,00000000-0000-0000-0000-000000000003,0.001,0.009,0.010,39
2026-04-05T17:49:10.6532283Z,00000000-0000-0000-0000-000000000003,0.013,0.019,0.032,39
2026-04-05T17:49:10.6532438Z,00000000-0000-0000-0000-000000000003,0.001,0.008,0.009,40
2026-04-05T17:49:10.6532954Z,00000000-0000-0000-0000-000000000003,0.021,0.012,0.032,40
2026-04-05T17:49:10.6533104Z,00000000-0000-0000-0000-000000000003,0.001,0.009,0.010,41
2026-04-05T17:49:10.6533292Z,00000000-0000-0000-0000-000000000003,0.001,0.006,0.007,42
2026-04-05T17:49:10.6533480Z,00000000-0000-0000-0000-000000000003,0.001,0.005,0.006,43
2026-04-05T17:49:10.6533740Z,00000000-0000-0000-0000-000000000003,0.001,0.005,0.006,44
2026-04-05T17:49:10.6533943Z,00000000-0000-0000-0000-000000000003,0.000,0.010,0.010,45
2026-04-05T17:49:10.6534051Z,00000000-0000-0000-0000-000000000003,0.001,0.005,0.006,46
2026-04-05T17:49:10.6534238Z,00000000-0000-0000-0000-000000000003,0.003,0.005,0.009,47
2026-04-05T17:49:10.6534429Z,00000000-0000-0000-0000-000000000003,0.004,0.011,0.015,47
2026-04-05T17:49:10.6534715Z,00000000-0000-0000-0000-000000000003,0.004,0.011,0.014,47
2026-04-05T17:49:10.6534829Z,00000000-0000-0000-0000-000000000003,0.001,0.005,0.006,48
2026-04-05T17:49:10.6535026Z,00000000-0000-0000-0000-000000000003,0.000,0.005,0.005,49
2026-04-05T17:49:10.6535132Z,00000000-0000-0000-0000-000000000003,0.001,0.005,0.006,50
