Timestamp,FusionMs,FusedTrackCount
2026-04-05T18:17:32.3654886Z,1.940,0
2026-04-05T18:17:32.3704000Z,0.024,0
2026-04-05T18:17:32.3705773Z,0.013,0
2026-04-05T18:17:32.3715539Z,0.022,0
2026-04-05T18:17:32.3798053Z,8.123,0
2026-04-05T18:17:32.3910414Z,0.680,0
2026-04-05T18:17:32.3913891Z,0.031,0
2026-04-05T18:17:32.4244442Z,0.640,0
2026-04-05T18:17:32.4710472Z,0.778,0
2026-04-05T18:17:32.5175398Z,0.655,0
2026-04-05T18:17:32.5641261Z,0.036,0
2026-04-05T18:17:32.6109267Z,0.042,0
2026-04-05T18:17:32.6608477Z,0.571,0
2026-04-05T18:17:32.7104578Z,0.661,0
2026-04-05T18:17:32.7525428Z,0.050,0
2026-04-05T18:17:32.7988006Z,0.035,0
2026-04-05T18:17:32.8457988Z,0.096,0
2026-04-05T18:17:32.8932841Z,0.758,0
2026-04-05T18:17:32.9402099Z,0.039,0
2026-04-05T18:17:32.9870911Z,0.036,0
2026-04-05T18:17:33.0338513Z,0.039,0
2026-04-05T18:17:33.0808577Z,0.536,0
2026-04-05T18:17:33.1348687Z,6.995,1
2026-04-05T18:17:33.1754369Z,0.065,1
2026-04-05T18:17:33.2224494Z,0.034,1
2026-04-05T18:17:33.2686865Z,0.593,1
2026-04-05T18:17:33.3173588Z,0.721,1
2026-04-05T18:17:33.3264553Z,0.044,1
2026-04-05T18:17:33.3265950Z,0.011,1
2026-04-05T18:17:33.3266714Z,0.010,1
2026-04-05T18:17:33.3267655Z,0.009,1
2026-04-05T18:17:33.3280341Z,0.020,1
2026-04-05T18:17:33.3286178Z,0.025,1
2026-04-05T18:17:33.3286799Z,0.007,1
2026-04-05T18:17:33.3287277Z,0.013,1
2026-04-05T18:17:33.3332523Z,0.019,1
2026-04-05T18:17:33.3333188Z,0.008,1
2026-04-05T18:17:33.3334037Z,0.010,1
2026-04-05T18:17:33.3334659Z,0.006,1
2026-04-05T18:17:33.3337580Z,0.011,1
2026-04-05T18:17:33.3338727Z,0.011,1
2026-04-05T18:17:33.3339777Z,0.011,1
2026-04-05T18:17:33.3342986Z,0.025,1
2026-04-05T18:17:33.3343851Z,0.007,1
2026-04-05T18:17:33.3344427Z,0.006,1
2026-04-05T18:17:33.3344827Z,0.006,1
2026-04-05T18:17:33.3345674Z,0.005,1
2026-04-05T18:17:33.3625639Z,0.034,1
2026-04-05T18:17:33.4123439Z,2.539,1
2026-04-05T18:17:33.4576854Z,0.547,1
2026-04-05T18:17:33.5028594Z,0.044,1
2026-04-05T18:17:33.5509888Z,1.417,1
2026-04-05T18:17:33.5989509Z,1.572,1
2026-04-05T18:17:33.6428275Z,0.014,1
2026-04-05T18:17:33.6897415Z,0.072,1
2026-04-05T18:17:33.7387246Z,2.026,0
2026-04-05T18:17:33.7837301Z,0.059,0
2026-04-05T18:17:33.8306373Z,0.246,1
2026-04-05T18:17:33.8773783Z,0.871,1
2026-04-05T18:17:33.9224816Z,0.184,1
2026-04-05T18:17:33.9701735Z,0.054,1
2026-04-05T18:17:34.0171114Z,0.053,1
2026-04-05T18:17:34.0660686Z,0.838,1
2026-04-05T18:17:34.1116558Z,0.026,1
2026-04-05T18:17:34.1601518Z,0.058,1
2026-04-05T18:17:34.2076665Z,1.296,1
2026-04-05T18:17:34.2524096Z,0.055,0
2026-04-05T18:17:34.2987737Z,0.522,0
2026-04-05T18:17:34.3448852Z,0.025,0
2026-04-05T18:17:34.3925678Z,0.026,0
2026-04-05T18:17:34.4379492Z,0.031,0
2026-04-05T18:17:34.4842175Z,0.033,0
2026-04-05T18:17:34.5311449Z,0.039,0
2026-04-05T18:17:34.5791136Z,0.038,0
2026-04-05T18:17:34.6283677Z,1.895,0
2026-04-05T18:17:34.6729577Z,0.040,0
2026-04-05T18:17:34.7189694Z,0.057,0
2026-04-05T18:17:34.7666896Z,0.034,0
2026-04-05T18:17:34.8140280Z,0.882,0
2026-04-05T18:17:34.8610575Z,0.015,0
2026-04-05T18:17:34.9085389Z,1.199,0
2026-04-05T18:17:34.9543757Z,0.042,0
2026-04-05T18:17:35.0019182Z,0.811,0
2026-04-05T18:17:35.0486696Z,0.734,0
2026-04-05T18:17:35.0941631Z,0.099,1
2026-04-05T18:17:35.1413424Z,0.043,1
2026-04-05T18:17:35.1885549Z,0.081,1
2026-04-05T18:17:35.2357496Z,0.026,1
2026-04-05T18:17:35.2832058Z,0.722,1
2026-04-05T18:17:35.3291961Z,0.578,1
2026-04-05T18:17:35.3753371Z,0.017,1
2026-04-05T18:17:35.4236888Z,0.947,1
2026-04-05T18:17:35.4687696Z,0.789,1
2026-04-05T18:17:35.5143694Z,0.016,0
2026-04-05T18:17:35.5621898Z,0.528,0
2026-04-05T18:17:35.6083225Z,0.025,0
2026-04-05T18:17:35.6549666Z,0.463,0
2026-04-05T18:17:35.7006497Z,0.015,0
2026-04-05T18:17:35.7470912Z,0.027,0
2026-04-05T18:17:35.7939497Z,0.023,0
2026-04-05T18:17:35.8275240Z,0.032,0
2026-04-05T18:17:35.8278078Z,0.043,0
2026-04-05T18:17:35.8336369Z,0.023,0
2026-04-05T18:17:35.8337981Z,0.008,0
2026-04-05T18:17:35.8340596Z,0.009,0
2026-04-05T18:17:35.8341250Z,0.009,0
2026-04-05T18:17:35.8342829Z,0.015,0
2026-04-05T18:17:35.8346231Z,0.050,0
2026-04-05T18:17:35.8353582Z,0.045,0
2026-04-05T18:17:35.8354663Z,0.012,0
2026-04-05T18:17:35.8362002Z,0.025,0
2026-04-05T18:17:35.8364358Z,0.014,0
2026-04-05T18:17:35.8368896Z,0.016,0
2026-04-05T18:17:35.8410287Z,0.039,0
2026-04-05T18:17:35.8870218Z,0.030,0
2026-04-05T18:17:35.9338563Z,0.042,0
2026-04-05T18:17:35.9805501Z,0.058,0
2026-04-05T18:17:36.0274611Z,0.024,0
2026-04-05T18:17:36.0758196Z,0.034,0
2026-04-05T18:17:36.1228378Z,0.489,0
2026-04-05T18:17:36.1702906Z,0.662,0
2026-04-05T18:17:36.2168064Z,0.028,0
2026-04-05T18:17:36.2638750Z,0.012,0
2026-04-05T18:17:36.3123271Z,0.457,0
2026-04-05T18:17:36.3604759Z,0.925,0
2026-04-05T18:17:36.4072317Z,0.050,0
2026-04-05T18:17:36.4857944Z,1.021,0
2026-04-05T18:17:36.5212233Z,0.667,0
2026-04-05T18:17:36.5684657Z,0.392,0
2026-04-05T18:17:36.6156331Z,0.708,0
2026-04-05T18:17:36.6624122Z,0.926,0
2026-04-05T18:17:36.7101628Z,1.202,0
2026-04-05T18:17:36.7574038Z,0.043,0
2026-04-05T18:17:36.8055848Z,0.771,0
2026-04-05T18:17:36.8516876Z,0.020,0
2026-04-05T18:17:36.8993744Z,0.597,0
2026-04-05T18:17:36.9459114Z,0.741,0
2026-04-05T18:17:36.9911067Z,0.020,0
2026-04-05T18:17:37.0380898Z,0.485,0
2026-04-05T18:17:37.0846128Z,0.623,0
2026-04-05T18:17:37.1302592Z,0.015,0
2026-04-05T18:17:37.1774971Z,0.119,1
2026-04-05T18:17:37.2263289Z,1.999,1
2026-04-05T18:17:37.2705091Z,0.029,1
2026-04-05T18:17:37.3180319Z,0.108,1
2026-04-05T18:17:37.3654691Z,0.040,1
2026-04-05T18:17:37.4125352Z,0.722,1
2026-04-05T18:17:37.4611843Z,2.286,1
2026-04-05T18:17:37.5053538Z,0.078,1
2026-04-05T18:17:37.5508956Z,0.029,1
2026-04-05T18:17:37.5979605Z,0.026,1
2026-04-05T18:17:37.6460715Z,1.174,1
2026-04-05T18:17:37.6917180Z,0.158,1
2026-04-05T18:17:37.7370270Z,0.161,1
2026-04-05T18:17:37.7836256Z,0.043,1
2026-04-05T18:17:37.8309039Z,0.029,1
2026-04-05T18:17:37.8778972Z,0.036,1
2026-04-05T18:17:37.9240271Z,0.029,1
2026-04-05T18:17:37.9724296Z,0.810,1
2026-04-05T18:17:38.0186904Z,0.033,1
2026-04-05T18:17:38.0667526Z,0.770,0
2026-04-05T18:17:38.1132795Z,0.187,1
2026-04-05T18:17:38.1600807Z,0.652,1
2026-04-05T18:17:38.2061108Z,0.501,1
2026-04-05T18:17:38.2527735Z,0.032,1
2026-04-05T18:17:38.3004193Z,0.302,1
2026-04-05T18:17:38.3323442Z,0.024,1
2026-04-05T18:17:38.3323992Z,0.005,1
2026-04-05T18:17:38.3324490Z,0.004,1
2026-04-05T18:17:38.3343519Z,0.025,1
2026-04-05T18:17:38.3344300Z,0.004,1
2026-04-05T18:17:38.3344611Z,0.003,1
2026-04-05T18:17:38.3344855Z,0.003,1
2026-04-05T18:17:38.3346220Z,0.006,1
2026-04-05T18:17:38.3346555Z,0.006,1
2026-04-05T18:17:38.3347044Z,0.005,1
2026-04-05T18:17:38.3347708Z,0.009,1
2026-04-05T18:17:38.3347988Z,0.003,1
2026-04-05T18:17:38.3348411Z,0.004,1
2026-04-05T18:17:38.3348717Z,0.006,1
2026-04-05T18:17:38.3349012Z,0.004,1
2026-04-05T18:17:38.3350342Z,0.004,1
2026-04-05T18:17:38.3351974Z,0.008,1
2026-04-05T18:17:38.3353178Z,0.005,1
2026-04-05T18:17:38.3353544Z,0.003,1
2026-04-05T18:17:38.3353857Z,0.008,1
2026-04-05T18:17:38.3354121Z,0.003,1
2026-04-05T18:17:38.3356166Z,0.006,1
2026-04-05T18:17:38.3474486Z,0.017,1
2026-04-05T18:17:38.3940820Z,0.032,1
2026-04-05T18:17:38.4408724Z,0.719,1
2026-04-05T18:17:38.4869322Z,0.017,1
2026-04-05T18:17:38.5328545Z,0.031,1
2026-04-05T18:17:38.5797064Z,0.024,1
2026-04-05T18:17:38.6267182Z,0.602,0
2026-04-05T18:17:38.6742446Z,0.032,0
2026-04-05T18:17:38.7217629Z,1.156,0
2026-04-05T18:17:38.7667463Z,0.036,0
2026-04-05T18:17:38.8138999Z,0.649,0
2026-04-05T18:17:38.8601022Z,0.017,0
2026-04-05T18:17:38.9055320Z,0.015,0
2026-04-05T18:17:38.9537261Z,0.370,0
2026-04-05T18:17:39.0006640Z,0.505,0
2026-04-05T18:17:39.0487430Z,0.052,0
2026-04-05T18:17:39.0966726Z,0.060,0
2026-04-05T18:17:39.1445246Z,1.239,0
2026-04-05T18:17:39.1900713Z,0.057,0
2026-04-05T18:17:39.2376136Z,1.080,0
2026-04-05T18:17:39.2841018Z,0.017,0
2026-04-05T18:17:39.3308254Z,0.699,0
2026-04-05T18:17:39.3846714Z,0.025,0
2026-04-05T18:17:39.4285131Z,0.055,0
2026-04-05T18:17:39.4791394Z,1.294,0
2026-04-05T18:17:39.5242255Z,0.039,0
2026-04-05T18:17:39.5699309Z,0.017,0
2026-04-05T18:17:39.6171745Z,0.659,0
2026-04-05T18:17:39.6644089Z,0.713,0
2026-04-05T18:17:39.7105738Z,0.029,0
2026-04-05T18:17:39.7574225Z,0.033,0
2026-04-05T18:17:39.8062054Z,0.997,0
2026-04-05T18:17:39.8527854Z,0.815,0
2026-04-05T18:17:39.8991458Z,0.030,0
2026-04-05T18:17:39.9550574Z,1.017,0
2026-04-05T18:17:40.0007171Z,0.071,0
2026-04-05T18:17:40.0471318Z,0.176,1
2026-04-05T18:17:40.0937654Z,0.025,1
2026-04-05T18:17:40.1405377Z,0.064,1
2026-04-05T18:17:40.1876107Z,1.425,1
2026-04-05T18:17:40.2340476Z,0.031,1
2026-04-05T18:17:40.3038812Z,0.068,1
2026-04-05T18:17:40.3357859Z,0.568,1
2026-04-05T18:17:40.3493960Z,0.632,0
2026-04-05T18:17:40.3639549Z,0.022,0
2026-04-05T18:17:40.3801168Z,0.014,0
2026-04-05T18:17:40.3965255Z,0.703,0
2026-04-05T18:17:40.4106590Z,0.020,0
2026-04-05T18:17:40.4261908Z,0.033,0
2026-04-05T18:17:40.4422702Z,0.023,0
2026-04-05T18:17:40.4581108Z,0.632,0
2026-04-05T18:17:40.4739112Z,0.918,0
2026-04-05T18:17:40.4909898Z,1.558,0
2026-04-05T18:17:40.5048169Z,0.046,0
2026-04-05T18:17:40.5233953Z,1.752,0
2026-04-05T18:17:40.5373821Z,1.537,0
2026-04-05T18:17:40.5515089Z,0.162,1
2026-04-05T18:17:40.5675823Z,1.301,1
2026-04-05T18:17:40.5819852Z,0.038,1
2026-04-05T18:17:40.5979296Z,0.770,1
2026-04-05T18:17:40.6142646Z,1.501,1
2026-04-05T18:17:40.6280166Z,0.030,1
2026-04-05T18:17:40.6443286Z,0.793,1
2026-04-05T18:17:40.6613408Z,1.240,0
2026-04-05T18:17:40.6752130Z,0.057,0
2026-04-05T18:17:40.6915988Z,0.026,0
2026-04-05T18:17:40.7090264Z,1.837,0
2026-04-05T18:17:40.7233505Z,0.030,0
2026-04-05T18:17:40.7394056Z,0.088,0
2026-04-05T18:17:40.7573485Z,2.347,0
2026-04-05T18:17:40.7714586Z,0.869,0
2026-04-05T18:17:40.7864257Z,0.057,0
2026-04-05T18:17:40.8016252Z,0.033,0
2026-04-05T18:17:40.8177539Z,1.032,0
2026-04-05T18:17:40.8341457Z,1.031,0
2026-04-05T18:17:40.8499927Z,1.176,0
2026-04-05T18:17:40.8505270Z,0.019,0
2026-04-05T18:17:40.8506088Z,0.010,0
2026-04-05T18:17:40.8507062Z,0.010,0
2026-04-05T18:17:40.8508003Z,0.009,0
2026-04-05T18:17:40.8534475Z,0.029,0
2026-04-05T18:17:40.8535070Z,0.006,0
2026-04-05T18:17:40.8536007Z,0.008,0
2026-04-05T18:17:40.8537132Z,0.007,0
2026-04-05T18:17:40.8537732Z,0.006,0
2026-04-05T18:17:40.8538306Z,0.005,0
2026-04-05T18:17:40.8539526Z,0.005,0
2026-04-05T18:17:40.8541926Z,0.007,0
2026-04-05T18:17:40.8542613Z,0.007,0
2026-04-05T18:17:40.8544454Z,0.009,0
2026-04-05T18:17:40.8545718Z,0.011,0
2026-04-05T18:17:40.8556179Z,0.249,0
2026-04-05T18:17:40.8558230Z,0.019,0
2026-04-05T18:17:40.8559747Z,0.012,0
2026-04-05T18:17:40.8563087Z,0.031,0
2026-04-05T18:17:40.8565935Z,0.016,0
2026-04-05T18:17:40.8568326Z,0.013,0
2026-04-05T18:17:40.8636709Z,0.023,0
2026-04-05T18:17:40.8790474Z,0.031,0
2026-04-05T18:17:40.8950588Z,0.028,0
2026-04-05T18:17:40.9107007Z,0.022,0
2026-04-05T18:17:40.9277518Z,0.767,0
2026-04-05T18:17:40.9432162Z,0.536,0
2026-04-05T18:17:40.9598887Z,1.080,0
2026-04-05T18:17:40.9754599Z,1.348,0
2026-04-05T18:17:40.9897374Z,0.034,0
2026-04-05T18:17:41.0064913Z,1.385,0
2026-04-05T18:17:41.0203836Z,0.011,0
2026-04-05T18:17:41.0360137Z,0.011,0
2026-04-05T18:17:41.0527000Z,0.514,0
2026-04-05T18:17:41.0688772Z,0.746,0
2026-04-05T18:17:41.0835076Z,0.032,0
2026-04-05T18:17:41.0987893Z,0.032,0
2026-04-05T18:17:41.1154492Z,0.912,0
2026-04-05T18:17:41.1312570Z,0.736,0
2026-04-05T18:17:41.1464408Z,0.841,0
2026-04-05T18:17:41.1613038Z,0.037,0
2026-04-05T18:17:41.1782290Z,0.951,0
2026-04-05T18:17:41.1935012Z,0.914,0
2026-04-05T18:17:41.2077025Z,0.055,0
2026-04-05T18:17:41.2245424Z,1.232,0
2026-04-05T18:17:41.2398338Z,1.267,0
2026-04-05T18:17:41.2546453Z,0.026,0
2026-04-05T18:17:41.2710401Z,1.013,0
2026-04-05T18:17:41.2858280Z,1.122,0
2026-04-05T18:17:41.3002561Z,0.021,0
2026-04-05T18:17:41.3165469Z,0.549,0
2026-04-05T18:17:41.3321616Z,0.606,0
2026-04-05T18:17:41.3489714Z,1.209,0
2026-04-05T18:17:41.3641960Z,1.080,0
2026-04-05T18:17:41.3796408Z,0.715,0
2026-04-05T18:17:41.3939350Z,0.017,0
2026-04-05T18:17:41.4093679Z,0.018,0
2026-04-05T18:17:41.4273859Z,1.091,0
2026-04-05T18:17:41.4407892Z,0.039,0
2026-04-05T18:17:41.4568472Z,0.662,0
2026-04-05T18:17:41.4736162Z,1.288,0
2026-04-05T18:17:41.4908162Z,2.358,0
2026-04-05T18:17:41.5036626Z,0.023,0
2026-04-05T18:17:41.5207858Z,1.569,0
2026-04-05T18:17:41.5346595Z,0.042,0
2026-04-05T18:17:41.5513315Z,1.034,0
2026-04-05T18:17:41.5673743Z,1.141,0
2026-04-05T18:17:41.5829429Z,1.381,0
2026-04-05T18:17:41.5995087Z,1.500,0
2026-04-05T18:17:41.6145614Z,1.027,0
2026-04-05T18:17:41.6298677Z,0.027,0
2026-04-05T18:17:41.6455787Z,0.047,0
2026-04-05T18:17:41.6609476Z,0.030,0
2026-04-05T18:17:41.6766168Z,0.058,0
2026-04-05T18:17:41.6921616Z,0.057,0
2026-04-05T18:17:41.7092030Z,1.476,0
2026-04-05T18:17:41.7247261Z,1.509,0
2026-04-05T18:17:41.7408403Z,1.621,0
2026-04-05T18:17:41.7559117Z,1.554,0
2026-04-05T18:17:41.7712674Z,1.123,0
2026-04-05T18:17:41.7845461Z,0.024,0
2026-04-05T18:17:41.8014464Z,1.008,0
2026-04-05T18:17:41.8155650Z,0.065,0
2026-04-05T18:17:41.8325507Z,1.347,0
2026-04-05T18:17:41.8478291Z,1.038,0
2026-04-05T18:17:41.8628897Z,0.059,0
2026-04-05T18:17:41.8788273Z,0.022,0
2026-04-05T18:17:41.8957353Z,0.055,0
2026-04-05T18:17:41.9115966Z,1.080,0
2026-04-05T18:17:41.9278465Z,1.714,0
2026-04-05T18:17:41.9413880Z,0.030,0
2026-04-05T18:17:41.9573264Z,0.789,0
2026-04-05T18:17:41.9730252Z,1.325,0
2026-04-05T18:17:41.9901585Z,2.037,0
2026-04-05T18:17:42.0030224Z,0.024,0
2026-04-05T18:17:42.0193350Z,1.413,0
2026-04-05T18:17:42.0353286Z,1.073,0
2026-04-05T18:17:42.0496889Z,0.148,1
2026-04-05T18:17:42.0648224Z,0.047,1
2026-04-05T18:17:42.0805424Z,0.127,1
2026-04-05T18:17:42.0961441Z,0.062,1
2026-04-05T18:17:42.1130387Z,1.075,1
2026-04-05T18:17:42.1283667Z,0.055,1
2026-04-05T18:17:42.1434951Z,0.043,1
2026-04-05T18:17:42.1591849Z,0.067,1
2026-04-05T18:17:42.1751335Z,0.079,1
2026-04-05T18:17:42.1924075Z,1.581,0
2026-04-05T18:17:42.2061178Z,0.062,0
2026-04-05T18:17:42.2234448Z,1.566,0
2026-04-05T18:17:42.2372315Z,0.025,0
2026-04-05T18:17:42.2528282Z,0.159,1
2026-04-05T18:17:42.2697017Z,1.077,1
2026-04-05T18:17:42.2860688Z,1.539,1
2026-04-05T18:17:42.3018975Z,1.148,1
2026-04-05T18:17:42.3159405Z,0.156,1
2026-04-05T18:17:42.3327702Z,1.340,1
2026-04-05T18:17:42.3790278Z,1.502,1
2026-04-05T18:17:42.4271123Z,2.651,1
2026-04-05T18:17:42.4707455Z,0.080,1
2026-04-05T18:17:42.5182482Z,0.036,1
2026-04-05T18:17:42.5646884Z,0.030,1
2026-04-05T18:17:42.6126813Z,0.957,1
2026-04-05T18:17:42.6602000Z,1.144,1
2026-04-05T18:17:42.7076256Z,1.754,1
2026-04-05T18:17:42.7520735Z,1.156,1
2026-04-05T18:17:42.7992080Z,1.347,0
2026-04-05T18:17:42.8459474Z,1.346,0
2026-04-05T18:17:42.8924437Z,0.068,0
2026-04-05T18:17:42.9415485Z,2.187,0
2026-04-05T18:17:42.9870975Z,0.044,0
2026-04-05T18:17:43.0339498Z,0.024,0
2026-04-05T18:17:43.0804291Z,0.192,1
2026-04-05T18:17:43.1279211Z,1.226,1
2026-04-05T18:17:43.1740426Z,0.030,1
2026-04-05T18:17:43.2216645Z,1.632,1
2026-04-05T18:17:43.2674165Z,1.060,1
2026-04-05T18:17:43.3131579Z,0.975,1
2026-04-05T18:17:43.3615509Z,1.706,1
2026-04-05T18:17:43.3621323Z,0.021,0
2026-04-05T18:17:43.3622308Z,0.021,0
2026-04-05T18:17:43.3623219Z,0.008,0
2026-04-05T18:17:43.3624135Z,0.009,0
2026-04-05T18:17:43.3625100Z,0.008,0
2026-04-05T18:17:43.3650423Z,0.017,0
2026-04-05T18:17:43.3651127Z,0.006,0
2026-04-05T18:17:43.3652563Z,0.012,0
2026-04-05T18:17:43.3653446Z,0.017,0
2026-04-05T18:17:43.3654114Z,0.009,0
2026-04-05T18:17:43.3655712Z,0.011,0
2026-04-05T18:17:43.3658312Z,0.011,0
2026-04-05T18:17:43.3664724Z,0.035,0
2026-04-05T18:17:43.3667043Z,0.017,0
2026-04-05T18:17:43.3670858Z,0.023,0
2026-04-05T18:17:43.3676977Z,0.023,0
2026-04-05T18:17:43.3679192Z,0.014,0
2026-04-05T18:17:43.3681163Z,0.011,0
2026-04-05T18:17:43.3683071Z,0.013,0
2026-04-05T18:17:43.3684960Z,0.012,0
2026-04-05T18:17:43.3689038Z,0.017,0
2026-04-05T18:17:43.4076622Z,0.031,0
2026-04-05T18:17:43.4543884Z,0.612,0
2026-04-05T18:17:43.5024530Z,0.664,0
2026-04-05T18:17:43.5497316Z,1.135,0
2026-04-05T18:17:43.5967690Z,1.160,0
2026-04-05T18:17:43.6427188Z,0.023,0
2026-04-05T18:17:43.6900958Z,1.299,0
2026-04-05T18:17:43.7567082Z,0.017,0
2026-04-05T18:17:43.8033277Z,1.804,0
2026-04-05T18:17:43.8493517Z,0.596,0
2026-04-05T18:17:43.8966292Z,0.809,0
2026-04-05T18:17:43.9424461Z,0.027,0
2026-04-05T18:17:43.9880237Z,0.020,0
2026-04-05T18:17:44.0361574Z,0.738,0
2026-04-05T18:17:44.0822022Z,0.029,0
2026-04-05T18:17:44.1299825Z,1.245,0
2026-04-05T18:17:44.1750621Z,0.071,0
2026-04-05T18:17:44.2225332Z,0.680,0
2026-04-05T18:17:44.2685100Z,0.036,0
2026-04-05T18:17:44.3152478Z,0.025,0
2026-04-05T18:17:44.3625675Z,0.564,0
2026-04-05T18:17:44.4111490Z,1.750,0
2026-04-05T18:17:44.4554417Z,0.023,0
2026-04-05T18:17:44.5032152Z,1.164,0
2026-04-05T18:17:44.5494127Z,0.063,0
2026-04-05T18:17:44.5959910Z,0.169,1
2026-04-05T18:17:44.6447769Z,1.646,1
2026-04-05T18:17:44.6908804Z,0.052,1
2026-04-05T18:17:44.7375775Z,0.041,1
2026-04-05T18:17:44.7844985Z,1.232,1
2026-04-05T18:17:44.8300688Z,0.029,1
2026-04-05T18:17:44.8777608Z,0.086,1
2026-04-05T18:17:44.9263679Z,1.421,0
2026-04-05T18:17:44.9720535Z,0.941,0
2026-04-05T18:17:45.0191657Z,1.180,0
2026-04-05T18:17:45.0649776Z,0.065,0
2026-04-05T18:17:45.1122126Z,0.051,0
2026-04-05T18:17:45.1605868Z,1.375,0
2026-04-05T18:17:45.2053511Z,0.030,0
2026-04-05T18:17:45.2538374Z,1.311,0
2026-04-05T18:17:45.3007444Z,1.052,0
2026-04-05T18:17:45.3471934Z,1.359,0
2026-04-05T18:17:45.3943157Z,1.506,0
2026-04-05T18:17:45.4394851Z,0.046,0
2026-04-05T18:17:45.4880684Z,2.057,0
2026-04-05T18:17:45.5320490Z,0.063,0
2026-04-05T18:17:45.5789199Z,0.023,0
2026-04-05T18:17:45.6271089Z,1.013,0
2026-04-05T18:17:45.6740749Z,1.120,0
2026-04-05T18:17:45.7196184Z,0.045,0
2026-04-05T18:17:45.7656096Z,0.030,0
2026-04-05T18:17:45.8140526Z,1.221,0
2026-04-05T18:17:45.8597751Z,0.081,0
2026-04-05T18:17:45.8784743Z,0.036,0
2026-04-05T18:17:45.8786168Z,0.015,0
2026-04-05T18:17:45.8786995Z,0.008,0
2026-04-05T18:17:45.8787717Z,0.008,0
2026-04-05T18:17:45.8789179Z,0.013,0
2026-04-05T18:17:45.8790054Z,0.010,0
2026-04-05T18:17:45.8792150Z,0.012,0
2026-04-05T18:17:45.8810233Z,0.038,0
2026-04-05T18:17:45.8812526Z,0.018,0
2026-04-05T18:17:45.8814115Z,0.014,0
2026-04-05T18:17:45.8817594Z,0.086,0
2026-04-05T18:17:45.8820584Z,0.039,0
2026-04-05T18:17:45.8826952Z,0.029,0
2026-04-05T18:17:45.8832793Z,0.022,0
2026-04-05T18:17:45.8833665Z,0.009,0
2026-04-05T18:17:45.9066089Z,0.784,0
2026-04-05T18:17:45.9545644Z,1.440,0
2026-04-05T18:17:45.9999766Z,0.025,0
2026-04-05T18:17:46.0479165Z,1.248,0
2026-04-05T18:17:46.0947606Z,1.436,0
2026-04-05T18:17:46.1392706Z,0.023,0
2026-04-05T18:17:46.1867687Z,0.954,0
2026-04-05T18:17:46.2339395Z,1.359,0
2026-04-05T18:17:46.2792416Z,0.053,0
2026-04-05T18:17:46.3266324Z,0.045,0
2026-04-05T18:17:46.3722951Z,0.042,0
2026-04-05T18:17:46.4194219Z,0.015,0
2026-04-05T18:17:46.4667238Z,0.745,0
2026-04-05T18:17:46.5137265Z,0.044,0
2026-04-05T18:17:46.5603161Z,0.060,0
2026-04-05T18:17:46.6073136Z,0.058,0
2026-04-05T18:17:46.6543504Z,0.184,1
2026-04-05T18:17:46.7017874Z,1.137,1
2026-04-05T18:17:46.7474216Z,0.058,1
2026-04-05T18:17:46.7952276Z,0.746,1
2026-04-05T18:17:46.8422826Z,1.754,1
2026-04-05T18:17:46.8865133Z,0.043,1
2026-04-05T18:17:46.9348073Z,1.101,1
2026-04-05T18:17:46.9801475Z,0.044,1
2026-04-05T18:17:47.0277453Z,0.032,1
2026-04-05T18:17:47.0735718Z,0.062,1
2026-04-05T18:17:47.1221654Z,1.155,1
2026-04-05T18:17:47.1674804Z,0.025,1
2026-04-05T18:17:47.2142237Z,0.039,1
2026-04-05T18:17:47.2624120Z,0.883,1
2026-04-05T18:17:47.3107860Z,1.619,1
2026-04-05T18:17:47.3561458Z,0.057,1
2026-04-05T18:17:47.4029393Z,1.380,0
2026-04-05T18:17:47.4511167Z,1.737,0
2026-04-05T18:17:47.4947619Z,0.872,0
2026-04-05T18:17:47.5467643Z,0.014,0
2026-04-05T18:17:47.5924806Z,0.020,0
2026-04-05T18:17:47.6396563Z,0.015,0
2026-04-05T18:17:47.6884379Z,1.724,0
2026-04-05T18:17:47.7342115Z,1.264,0
2026-04-05T18:17:47.7842536Z,1.075,0
2026-04-05T18:17:47.8282092Z,0.740,0
2026-04-05T18:17:47.8764219Z,1.694,0
2026-04-05T18:17:47.9214363Z,0.031,0
2026-04-05T18:17:47.9686728Z,0.106,1
2026-04-05T18:17:48.0150355Z,0.030,1
2026-04-05T18:17:48.0642954Z,1.641,1
2026-04-05T18:17:48.1107212Z,1.301,1
2026-04-05T18:17:48.1584745Z,1.053,1
2026-04-05T18:17:48.2039354Z,0.122,1
2026-04-05T18:17:48.2512594Z,0.192,1
2026-04-05T18:17:48.2980639Z,0.039,1
2026-04-05T18:17:48.3449457Z,1.335,1
2026-04-05T18:17:48.3900674Z,0.063,1
2026-04-05T18:17:48.3920302Z,0.032,1
2026-04-05T18:17:48.3923819Z,0.037,1
2026-04-05T18:17:48.3925313Z,0.015,1
2026-04-05T18:17:48.3927293Z,0.028,1
2026-04-05T18:17:48.3928211Z,0.011,1
2026-04-05T18:17:48.3929258Z,0.009,1
2026-04-05T18:17:48.3959209Z,0.029,1
2026-04-05T18:17:48.3960991Z,0.014,1
2026-04-05T18:17:48.3961959Z,0.011,1
2026-04-05T18:17:48.3962760Z,0.009,1
2026-04-05T18:17:48.3963963Z,0.011,1
2026-04-05T18:17:48.3965547Z,0.010,1
2026-04-05T18:17:48.3966335Z,0.009,1
2026-04-05T18:17:48.3973960Z,0.026,1
2026-04-05T18:17:48.3975343Z,0.012,1
2026-04-05T18:17:48.3976600Z,0.012,1
2026-04-05T18:17:48.3977486Z,0.010,1
2026-04-05T18:17:48.3978476Z,0.010,1
2026-04-05T18:17:48.3979831Z,0.010,1
2026-04-05T18:17:48.3980711Z,0.009,1
2026-04-05T18:17:48.3981692Z,0.030,1
2026-04-05T18:17:48.3987339Z,0.018,1
2026-04-05T18:17:48.3988784Z,0.008,1
2026-04-05T18:17:48.3998536Z,0.865,1
2026-04-05T18:17:48.4372970Z,0.441,1
2026-04-05T18:17:48.4839285Z,0.061,1
2026-04-05T18:17:48.5302938Z,0.036,1
2026-04-05T18:17:48.5759046Z,0.032,1
2026-04-05T18:17:48.6229488Z,0.033,1
2026-04-05T18:17:48.6699715Z,0.232,1
2026-04-05T18:17:48.7151796Z,0.110,1
2026-04-05T18:17:48.7634492Z,0.052,1
2026-04-05T18:17:48.8097342Z,0.109,1
2026-04-05T18:17:48.8567417Z,0.022,1
2026-04-05T18:17:48.9035882Z,1.112,1
2026-04-05T18:17:48.9498002Z,0.158,1
2026-04-05T18:17:48.9967238Z,0.138,1
2026-04-05T18:17:49.0436278Z,0.022,1
2026-04-05T18:17:49.0930227Z,1.567,1
2026-04-05T18:17:49.1378322Z,0.022,1
2026-04-05T18:17:49.1857856Z,0.159,1
2026-04-05T18:17:49.2313515Z,0.054,1
2026-04-05T18:17:49.2785047Z,0.022,1
2026-04-05T18:17:49.3192504Z,0.119,1
2026-04-05T18:17:49.3674701Z,1.386,1
2026-04-05T18:17:49.4135194Z,0.834,1
2026-04-05T18:17:49.4601209Z,1.133,1
2026-04-05T18:17:49.5062481Z,0.075,1
2026-04-05T18:17:49.5543215Z,0.120,1
2026-04-05T18:17:49.6002538Z,0.117,1
2026-04-05T18:17:49.6467732Z,0.159,1
2026-04-05T18:17:49.6932805Z,0.055,1
2026-04-05T18:17:49.7408691Z,1.205,1
2026-04-05T18:17:49.7867206Z,0.023,1
2026-04-05T18:17:49.8321658Z,0.088,1
2026-04-05T18:17:49.8794073Z,0.129,1
2026-04-05T18:17:49.9277102Z,0.915,1
2026-04-05T18:17:49.9709986Z,1.066,1
2026-04-05T18:17:50.0168583Z,1.472,1
2026-04-05T18:17:50.0626476Z,0.089,1
2026-04-05T18:17:50.1086107Z,0.144,1
2026-04-05T18:17:50.1563844Z,0.032,1
2026-04-05T18:17:50.2034271Z,1.634,1
2026-04-05T18:17:50.2487003Z,0.025,1
2026-04-05T18:17:50.2969339Z,0.775,1
2026-04-05T18:17:50.3427918Z,0.075,1
2026-04-05T18:17:50.3596811Z,1.306,1
2026-04-05T18:17:50.3748816Z,0.065,1
2026-04-05T18:17:50.3912275Z,1.681,1
2026-04-05T18:17:50.4047935Z,0.015,1
2026-04-05T18:17:50.4203554Z,0.617,1
2026-04-05T18:17:50.4361627Z,0.950,1
2026-04-05T18:17:50.4505555Z,0.028,1
2026-04-05T18:17:50.4665622Z,0.056,1
2026-04-05T18:17:50.4834682Z,1.440,1
2026-04-05T18:17:50.4993386Z,1.443,1
2026-04-05T18:17:50.5140366Z,0.059,1
2026-04-05T18:17:50.5310441Z,1.395,0
2026-04-05T18:17:50.5451854Z,0.055,0
2026-04-05T18:17:50.5608513Z,0.059,0
2026-04-05T18:17:50.5761256Z,0.066,0
2026-04-05T18:17:50.5920390Z,0.030,0
2026-04-05T18:17:50.6090676Z,1.195,0
2026-04-05T18:17:50.6233127Z,0.045,0
2026-04-05T18:17:50.6405792Z,1.183,0
2026-04-05T18:17:50.6559211Z,1.292,0
2026-04-05T18:17:50.6710109Z,0.039,0
2026-04-05T18:17:50.6890832Z,1.798,0
2026-04-05T18:17:50.7019788Z,0.033,0
2026-04-05T18:17:50.7174699Z,0.029,0
2026-04-05T18:17:50.7335312Z,0.053,0
2026-04-05T18:17:50.7496901Z,0.989,0
2026-04-05T18:17:50.7639753Z,0.057,0
2026-04-05T18:17:50.7799243Z,0.049,0
2026-04-05T18:17:50.7952560Z,0.139,1
2026-04-05T18:17:50.8104541Z,0.123,1
2026-04-05T18:17:50.8266763Z,0.050,1
2026-04-05T18:17:50.8423699Z,0.046,1
2026-04-05T18:17:50.8577286Z,0.042,1
2026-04-05T18:17:50.8732972Z,0.044,1
2026-04-05T18:17:50.8893512Z,0.052,1
2026-04-05T18:17:50.9052480Z,0.042,1
2026-04-05T18:17:50.9075569Z,0.029,0
2026-04-05T18:17:50.9076897Z,0.026,0
2026-04-05T18:17:50.9077853Z,0.011,0
2026-04-05T18:17:50.9078866Z,0.010,0
2026-04-05T18:17:50.9080935Z,0.013,0
2026-04-05T18:17:50.9082723Z,0.012,0
2026-04-05T18:17:50.9109941Z,0.029,0
2026-04-05T18:17:50.9110953Z,0.008,0
2026-04-05T18:17:50.9111511Z,0.006,0
2026-04-05T18:17:50.9112364Z,0.007,0
2026-04-05T18:17:50.9113309Z,0.006,0
2026-04-05T18:17:50.9114144Z,0.009,0
2026-04-05T18:17:50.9118304Z,0.015,0
2026-04-05T18:17:50.9119324Z,0.010,0
2026-04-05T18:17:50.9122043Z,0.029,0
2026-04-05T18:17:50.9123579Z,0.011,0
2026-04-05T18:17:50.9124581Z,0.011,0
2026-04-05T18:17:50.9125435Z,0.010,0
2026-04-05T18:17:50.9127694Z,0.009,0
2026-04-05T18:17:50.9128812Z,0.008,0
2026-04-05T18:17:50.9130852Z,0.012,0
2026-04-05T18:17:50.9131950Z,0.010,0
2026-04-05T18:17:50.9133236Z,0.015,0
2026-04-05T18:17:50.9133758Z,0.005,0
2026-04-05T18:17:50.9144157Z,0.725,0
2026-04-05T18:17:50.9216375Z,0.041,0
2026-04-05T18:17:50.9378602Z,1.184,0
2026-04-05T18:17:50.9529059Z,0.848,0
2026-04-05T18:17:50.9690949Z,0.923,0
2026-04-05T18:17:50.9844950Z,0.787,0
2026-04-05T18:17:50.9991475Z,0.015,0
2026-04-05T18:17:51.0149065Z,0.031,0
2026-04-05T18:17:51.0304668Z,0.071,0
2026-04-05T18:17:51.0457890Z,0.046,0
2026-04-05T18:17:51.0619378Z,0.057,0
2026-04-05T18:17:51.0766721Z,0.056,0
2026-04-05T18:17:51.0924633Z,0.055,0
2026-04-05T18:17:51.1101902Z,1.095,0
2026-04-05T18:17:51.1265534Z,1.175,0
2026-04-05T18:17:51.1424638Z,2.074,0
2026-04-05T18:17:51.1590394Z,1.411,0
2026-04-05T18:17:51.1807318Z,8.726,0
2026-04-05T18:17:51.2138535Z,0.604,0
2026-04-05T18:17:51.2147349Z,0.662,0
2026-04-05T18:17:51.2148520Z,0.006,0
2026-04-05T18:17:51.2450193Z,0.017,0
2026-04-05T18:17:51.2456610Z,0.547,0
2026-04-05T18:17:51.2558133Z,0.030,0
2026-04-05T18:17:51.2731744Z,0.100,1
2026-04-05T18:17:51.2859094Z,0.124,1
2026-04-05T18:17:51.3026581Z,0.852,1
2026-04-05T18:17:51.3181263Z,0.701,1
2026-04-05T18:17:51.3333995Z,1.016,1
2026-04-05T18:17:51.3474276Z,0.047,1
2026-04-05T18:17:51.3636598Z,0.527,1
2026-04-05T18:17:51.3785624Z,0.013,1
2026-04-05T18:17:51.3945676Z,0.806,1
2026-04-05T18:17:51.4089241Z,0.013,1
2026-04-05T18:17:51.4275238Z,0.532,1
2026-04-05T18:17:51.4400839Z,0.601,1
2026-04-05T18:17:51.4552019Z,0.034,0
2026-04-05T18:17:51.4704047Z,0.018,0
2026-04-05T18:17:51.4870868Z,0.816,0
2026-04-05T18:17:51.5009774Z,0.020,0
2026-04-05T18:17:51.5169036Z,0.727,0
2026-04-05T18:17:51.5326314Z,0.707,0
2026-04-05T18:17:51.5473191Z,0.413,0
2026-04-05T18:17:51.5637646Z,0.642,0
2026-04-05T18:17:51.5789817Z,0.037,0
2026-04-05T18:17:51.5956508Z,0.761,0
2026-04-05T18:17:51.6099729Z,0.012,0
2026-04-05T18:17:51.6249641Z,0.122,1
2026-04-05T18:17:51.6403312Z,0.066,1
2026-04-05T18:17:51.6559891Z,0.025,1
2026-04-05T18:17:51.6718919Z,0.061,1
2026-04-05T18:17:51.6876972Z,0.762,1
2026-04-05T18:17:51.7033162Z,0.637,1
2026-04-05T18:17:51.7185343Z,0.036,1
2026-04-05T18:17:51.7336331Z,0.016,1
2026-04-05T18:17:51.7491116Z,0.025,1
2026-04-05T18:17:51.7645144Z,0.020,1
2026-04-05T18:17:51.7805715Z,0.476,1
2026-04-05T18:17:51.7967322Z,0.656,1
2026-04-05T18:17:51.8121332Z,0.805,1
2026-04-05T18:17:51.8269636Z,0.024,1
2026-04-05T18:17:51.8428626Z,0.064,1
2026-04-05T18:17:51.8580723Z,0.134,1
2026-04-05T18:17:51.8732315Z,0.033,1
2026-04-05T18:17:51.8899957Z,1.051,1
2026-04-05T18:17:51.9043475Z,0.053,1
2026-04-05T18:17:51.9201514Z,0.172,1
2026-04-05T18:17:51.9352898Z,0.361,1
2026-04-05T18:17:51.9521320Z,1.229,1
2026-04-05T18:17:51.9660602Z,0.058,1
2026-04-05T18:17:51.9826588Z,1.181,1
2026-04-05T18:17:51.9972691Z,0.052,1
2026-04-05T18:17:52.0135642Z,0.045,1
2026-04-05T18:17:52.0292390Z,0.031,1
2026-04-05T18:17:52.0452977Z,0.031,1
2026-04-05T18:17:52.0620701Z,0.894,1
2026-04-05T18:17:52.0759475Z,0.034,1
2026-04-05T18:17:52.0915545Z,0.055,1
2026-04-05T18:17:52.1074579Z,0.034,1
2026-04-05T18:17:52.1240539Z,1.180,1
2026-04-05T18:17:52.1392146Z,0.407,1
2026-04-05T18:17:52.1541485Z,0.046,1
2026-04-05T18:17:52.1708281Z,1.130,1
2026-04-05T18:17:52.1847651Z,0.060,1
2026-04-05T18:17:52.2006682Z,0.121,1
2026-04-05T18:17:52.2162434Z,0.032,1
2026-04-05T18:17:52.2335068Z,1.104,1
2026-04-05T18:17:52.2485001Z,0.122,1
2026-04-05T18:17:52.2640862Z,0.136,1
2026-04-05T18:17:52.2798213Z,0.023,1
2026-04-05T18:17:52.2963531Z,0.748,1
2026-04-05T18:17:52.3116048Z,0.156,1
2026-04-05T18:17:52.3264865Z,0.114,1
2026-04-05T18:17:52.3746290Z,1.168,1
2026-04-05T18:17:52.4210339Z,0.021,1
2026-04-05T18:17:52.4671663Z,0.908,1
2026-04-05T18:17:52.5134015Z,0.089,1
2026-04-05T18:17:52.5601984Z,0.040,1
2026-04-05T18:17:52.6083744Z,1.052,1
2026-04-05T18:17:52.6549013Z,1.067,1
2026-04-05T18:17:52.7008825Z,1.444,1
2026-04-05T18:17:52.7472066Z,1.469,1
2026-04-05T18:17:52.7949858Z,1.344,1
2026-04-05T18:17:52.8381798Z,0.025,1
2026-04-05T18:17:52.8864174Z,0.033,1
2026-04-05T18:17:52.9334403Z,1.693,1
2026-04-05T18:17:52.9782046Z,0.061,1
2026-04-05T18:17:53.0246875Z,0.028,1
2026-04-05T18:17:53.0737083Z,1.023,1
2026-04-05T18:17:53.1204423Z,0.070,1
2026-04-05T18:17:53.1655591Z,0.049,1
2026-04-05T18:17:53.2135670Z,0.945,1
2026-04-05T18:17:53.2610200Z,1.335,1
2026-04-05T18:17:53.3078333Z,1.122,1
2026-04-05T18:17:53.3545702Z,1.494,1
2026-04-05T18:17:53.3994375Z,0.060,1
2026-04-05T18:17:53.4158932Z,0.041,1
2026-04-05T18:17:53.4160039Z,0.010,1
2026-04-05T18:17:53.4161166Z,0.011,1
2026-04-05T18:17:53.4161928Z,0.009,1
2026-04-05T18:17:53.4162862Z,0.009,1
2026-04-05T18:17:53.4197358Z,0.035,1
2026-04-05T18:17:53.4198325Z,0.009,1
2026-04-05T18:17:53.4199174Z,0.010,1
2026-04-05T18:17:53.4200015Z,0.015,1
2026-04-05T18:17:53.4200812Z,0.009,1
2026-04-05T18:17:53.4201910Z,0.011,1
2026-04-05T18:17:53.4202832Z,0.012,1
2026-04-05T18:17:53.4206222Z,0.011,1
2026-04-05T18:17:53.4207211Z,0.009,1
2026-04-05T18:17:53.4208261Z,0.010,1
2026-04-05T18:17:53.4209016Z,0.008,1
2026-04-05T18:17:53.4218541Z,0.025,1
2026-04-05T18:17:53.4219599Z,0.010,1
2026-04-05T18:17:53.4229116Z,0.017,1
2026-04-05T18:17:53.4230142Z,0.010,1
2026-04-05T18:17:53.4232922Z,0.025,1
2026-04-05T18:17:53.4235622Z,0.043,1
2026-04-05T18:17:53.4238674Z,0.020,1
2026-04-05T18:17:53.4239740Z,0.011,1
2026-04-05T18:17:53.4240715Z,0.022,1
2026-04-05T18:17:53.4244961Z,0.022,1
2026-04-05T18:17:53.4454536Z,0.018,1
2026-04-05T18:17:53.4906839Z,0.054,1
2026-04-05T18:17:53.5376189Z,0.018,1
2026-04-05T18:17:53.5854759Z,0.017,0
2026-04-05T18:17:53.6314557Z,0.044,0
2026-04-05T18:17:53.6793049Z,0.830,0
2026-04-05T18:17:53.7244581Z,0.146,1
2026-04-05T18:17:53.7740055Z,1.074,1
2026-04-05T18:17:53.8211404Z,0.810,1
2026-04-05T18:17:53.8663026Z,0.042,1
2026-04-05T18:17:53.9131910Z,0.047,1
2026-04-05T18:17:53.9598805Z,0.058,1
2026-04-05T18:17:54.0069256Z,0.176,1
2026-04-05T18:17:54.0544845Z,0.029,1
2026-04-05T18:17:54.1023762Z,0.056,1
2026-04-05T18:17:54.1485614Z,0.513,1
2026-04-05T18:17:54.1952779Z,0.652,1
2026-04-05T18:17:54.2415145Z,0.026,1
2026-04-05T18:17:54.2889122Z,0.024,1
2026-04-05T18:17:54.3358660Z,0.039,0
2026-04-05T18:17:54.3822456Z,0.032,0
2026-04-05T18:17:54.4305289Z,1.144,0
2026-04-05T18:17:54.4774027Z,0.028,0
2026-04-05T18:17:54.5254589Z,1.237,0
2026-04-05T18:17:54.5729414Z,1.813,0
2026-04-05T18:17:54.6209938Z,2.137,0
2026-04-05T18:17:54.6669773Z,1.307,0
2026-04-05T18:17:54.7121685Z,0.048,0
2026-04-05T18:17:54.7589008Z,0.022,0
2026-04-05T18:17:54.8060450Z,0.047,0
2026-04-05T18:17:54.8534518Z,1.205,0
2026-04-05T18:17:54.8989688Z,0.826,0
2026-04-05T18:17:54.9521704Z,0.757,0
2026-04-05T18:17:54.9977845Z,0.581,0
2026-04-05T18:17:55.0458286Z,0.017,0
2026-04-05T18:17:55.0939357Z,0.832,0
2026-04-05T18:17:55.1401859Z,0.850,0
2026-04-05T18:17:55.1871783Z,0.557,0
2026-04-05T18:17:55.2336377Z,0.065,0
2026-04-05T18:17:55.2821000Z,1.801,0
2026-04-05T18:17:55.3272470Z,1.277,0
2026-04-05T18:17:55.3724710Z,0.041,0
2026-04-05T18:17:55.4201974Z,1.783,0
2026-04-05T18:17:55.4646669Z,0.059,0
2026-04-05T18:17:55.5111337Z,0.076,0
2026-04-05T18:17:55.5578905Z,0.051,0
2026-04-05T18:17:55.6033138Z,0.240,1
2026-04-05T18:17:55.6535434Z,1.615,1
2026-04-05T18:17:55.6983866Z,0.117,1
2026-04-05T18:17:55.7439787Z,0.024,1
2026-04-05T18:17:55.7910019Z,0.040,1
2026-04-05T18:17:55.8387801Z,1.697,1
2026-04-05T18:17:55.8848154Z,0.912,1
2026-04-05T18:17:55.9307308Z,0.038,1
2026-04-05T18:17:55.9323608Z,0.025,1
2026-04-05T18:17:55.9324822Z,0.012,1
2026-04-05T18:17:55.9325784Z,0.011,1
2026-04-05T18:17:55.9326628Z,0.009,1
2026-04-05T18:17:55.9327553Z,0.010,1
2026-04-05T18:17:55.9328425Z,0.009,1
2026-04-05T18:17:55.9351895Z,0.026,0
2026-04-05T18:17:55.9353127Z,0.012,0
2026-04-05T18:17:55.9357086Z,0.020,0
2026-04-05T18:17:55.9359111Z,0.013,0
2026-04-05T18:17:55.9362303Z,0.033,0
2026-04-05T18:17:55.9368761Z,0.193,0
2026-04-05T18:17:55.9370982Z,0.037,0
2026-04-05T18:17:55.9372565Z,0.014,0
2026-04-05T18:17:55.9373607Z,0.011,0
2026-04-05T18:17:55.9375981Z,0.016,0
2026-04-05T18:17:55.9381789Z,0.025,0
2026-04-05T18:17:55.9382993Z,0.011,0
2026-04-05T18:17:55.9385592Z,0.083,0
2026-04-05T18:17:55.9768676Z,0.464,0
2026-04-05T18:17:56.0232561Z,0.097,0
2026-04-05T18:17:56.0693292Z,0.022,0
2026-04-05T18:17:56.1163392Z,0.524,0
2026-04-05T18:17:56.1626908Z,0.043,0
2026-04-05T18:17:56.2094487Z,0.032,0
2026-04-05T18:17:56.2570537Z,0.696,0
2026-04-05T18:17:56.3040374Z,0.733,0
2026-04-05T18:17:56.3517359Z,0.709,0
2026-04-05T18:17:56.3987263Z,0.676,0
2026-04-05T18:17:56.4451258Z,0.021,0
2026-04-05T18:17:56.4930058Z,1.206,0
2026-04-05T18:17:56.5397612Z,0.049,0
2026-04-05T18:17:56.5866012Z,0.061,0
2026-04-05T18:17:56.6323263Z,0.703,0
2026-04-05T18:17:56.6784644Z,0.029,0
2026-04-05T18:17:56.7250256Z,0.040,0
2026-04-05T18:17:56.7729226Z,1.545,0
2026-04-05T18:17:56.8199535Z,1.837,0
2026-04-05T18:17:56.8654186Z,1.641,0
2026-04-05T18:17:56.9101291Z,0.045,0
2026-04-05T18:17:56.9555234Z,0.053,0
2026-04-05T18:17:57.0050605Z,1.737,0
2026-04-05T18:17:57.0512181Z,1.451,0
2026-04-05T18:17:57.0955942Z,0.057,0
2026-04-05T18:17:57.1436062Z,1.644,0
2026-04-05T18:17:57.1886630Z,0.503,0
2026-04-05T18:17:57.2361293Z,0.025,0
2026-04-05T18:17:57.2839537Z,0.083,0
2026-04-05T18:17:57.3301781Z,0.024,0
2026-04-05T18:17:57.3768906Z,0.065,0
2026-04-05T18:17:57.4264705Z,1.798,0
2026-04-05T18:17:57.4708419Z,0.148,1
2026-04-05T18:17:57.5166291Z,0.131,1
2026-04-05T18:17:57.5686245Z,1.405,1
2026-04-05T18:17:57.6141236Z,0.124,1
2026-04-05T18:17:57.6612259Z,0.053,1
2026-04-05T18:17:57.7088883Z,0.104,1
2026-04-05T18:17:57.7552504Z,0.151,1
2026-04-05T18:17:57.8022769Z,0.998,1
2026-04-05T18:17:57.8488548Z,1.299,1
2026-04-05T18:17:57.8962885Z,1.395,1
2026-04-05T18:17:57.9416680Z,0.054,1
2026-04-05T18:17:57.9899177Z,1.152,1
2026-04-05T18:17:58.0375190Z,1.266,1
2026-04-05T18:17:58.0832980Z,0.048,1
2026-04-05T18:17:58.1299652Z,0.060,1
2026-04-05T18:17:58.1777162Z,1.409,1
2026-04-05T18:17:58.2224106Z,0.038,1
2026-04-05T18:17:58.2697495Z,1.093,1
2026-04-05T18:17:58.3173704Z,1.877,1
2026-04-05T18:17:58.3633029Z,0.037,1
2026-04-05T18:17:58.4116747Z,1.224,1
2026-04-05T18:17:58.4423769Z,0.031,1
2026-04-05T18:17:58.4506177Z,0.024,1
2026-04-05T18:17:58.4507225Z,0.010,1
2026-04-05T18:17:58.4508408Z,0.011,1
2026-04-05T18:17:58.4509181Z,0.007,1
2026-04-05T18:17:58.4510155Z,0.015,1
2026-04-05T18:17:58.4511013Z,0.009,1
2026-04-05T18:17:58.4512449Z,0.011,1
2026-04-05T18:17:58.4515833Z,0.011,1
2026-04-05T18:17:58.4516720Z,0.008,1
2026-04-05T18:17:58.4519478Z,0.015,1
2026-04-05T18:17:58.4520610Z,0.011,1
2026-04-05T18:17:58.4521336Z,0.006,1
2026-04-05T18:17:58.4523716Z,0.029,1
2026-04-05T18:17:58.4524518Z,0.011,1
2026-04-05T18:17:58.4525395Z,0.015,1
2026-04-05T18:17:58.4526129Z,0.019,1
2026-04-05T18:17:58.4527404Z,0.009,1
2026-04-05T18:17:58.4528189Z,0.008,1
2026-04-05T18:17:58.4572855Z,0.132,1
2026-04-05T18:17:58.5037792Z,0.024,1
2026-04-05T18:17:58.5550442Z,0.018,1
2026-04-05T18:17:58.6008536Z,0.018,1
2026-04-05T18:17:58.6453215Z,0.576,1
2026-04-05T18:17:58.6920900Z,0.017,1
2026-04-05T18:17:58.7388707Z,0.023,1
2026-04-05T18:17:58.7886312Z,1.589,1
2026-04-05T18:17:58.8366459Z,1.431,1
2026-04-05T18:17:58.8831343Z,0.029,1
2026-04-05T18:17:58.9302675Z,1.403,1
2026-04-05T18:17:58.9762692Z,1.009,1
2026-04-05T18:17:59.0188994Z,0.111,1
2026-04-05T18:17:59.0647967Z,0.035,1
2026-04-05T18:17:59.1116031Z,0.055,1
2026-04-05T18:17:59.1577012Z,0.037,1
2026-04-05T18:17:59.2037151Z,0.417,1
2026-04-05T18:17:59.2505837Z,0.784,1
2026-04-05T18:17:59.2975446Z,0.106,1
2026-04-05T18:17:59.3466882Z,1.041,1
2026-04-05T18:17:59.3915882Z,0.033,1
2026-04-05T18:17:59.4403582Z,0.945,1
2026-04-05T18:17:59.4863544Z,0.031,1
2026-04-05T18:17:59.5333311Z,0.087,1
2026-04-05T18:17:59.5804549Z,0.032,1
2026-04-05T18:17:59.6275650Z,0.893,1
2026-04-05T18:17:59.6747511Z,1.271,1
2026-04-05T18:17:59.7215154Z,0.080,1
2026-04-05T18:17:59.7679221Z,0.115,1
2026-04-05T18:17:59.8164608Z,2.055,1
2026-04-05T18:17:59.8610127Z,0.023,1
2026-04-05T18:17:59.9088990Z,0.791,1
2026-04-05T18:17:59.9547123Z,0.156,1
2026-04-05T18:18:00.0045299Z,0.064,1
2026-04-05T18:18:00.0495486Z,0.844,1
2026-04-05T18:18:00.0956439Z,0.013,1
2026-04-05T18:18:00.1421446Z,0.506,1
2026-04-05T18:18:00.1896536Z,1.028,1
2026-04-05T18:18:00.2360575Z,0.033,1
2026-04-05T18:18:00.2834432Z,1.213,1
2026-04-05T18:18:00.3291984Z,0.806,1
2026-04-05T18:18:00.3462651Z,1.444,1
2026-04-05T18:18:00.3611086Z,1.282,1
2026-04-05T18:18:00.3753965Z,0.035,1
2026-04-05T18:18:00.3904520Z,0.023,1
2026-04-05T18:18:00.4068631Z,0.983,1
2026-04-05T18:18:00.4231931Z,1.585,1
2026-04-05T18:18:00.4365264Z,0.029,1
2026-04-05T18:18:00.4543009Z,1.230,1
2026-04-05T18:18:00.4706447Z,1.848,0
2026-04-05T18:18:00.4855386Z,1.838,0
2026-04-05T18:18:00.4995750Z,1.178,0
2026-04-05T18:18:00.5140245Z,0.035,0
2026-04-05T18:18:00.5298549Z,0.627,0
2026-04-05T18:18:00.5461837Z,1.264,0
2026-04-05T18:18:00.5607832Z,0.022,0
2026-04-05T18:18:00.5767010Z,0.032,0
2026-04-05T18:18:00.5922530Z,0.031,0
2026-04-05T18:18:00.6093300Z,1.087,0
2026-04-05T18:18:00.6240402Z,0.073,0
2026-04-05T18:18:00.6403313Z,0.775,0
2026-04-05T18:18:00.6552977Z,0.064,0
2026-04-05T18:18:00.6706903Z,0.045,0
2026-04-05T18:18:00.6881208Z,1.473,0
2026-04-05T18:18:00.7039752Z,1.383,0
2026-04-05T18:18:00.7182895Z,0.033,0
2026-04-05T18:18:00.7344252Z,0.825,0
2026-04-05T18:18:00.7511234Z,1.143,0
2026-04-05T18:18:00.7666251Z,2.147,0
2026-04-05T18:18:00.7801784Z,0.061,0
2026-04-05T18:18:00.7969094Z,1.411,0
2026-04-05T18:18:00.8131613Z,2.269,0
2026-04-05T18:18:00.8274806Z,1.007,0
2026-04-05T18:18:00.8415264Z,0.019,0
2026-04-05T18:18:00.8570644Z,0.087,1
2026-04-05T18:18:00.8727505Z,0.032,1
2026-04-05T18:18:00.8889384Z,0.837,1
2026-04-05T18:18:00.9035173Z,0.021,1
2026-04-05T18:18:00.9194324Z,0.035,1
2026-04-05T18:18:00.9364415Z,0.036,1
2026-04-05T18:18:00.9520626Z,0.057,1
2026-04-05T18:18:00.9576868Z,0.026,0
2026-04-05T18:18:00.9577632Z,0.006,0
2026-04-05T18:18:00.9578351Z,0.014,0
2026-04-05T18:18:00.9578868Z,0.005,0
2026-04-05T18:18:00.9579424Z,0.005,0
2026-04-05T18:18:00.9580099Z,0.022,0
2026-04-05T18:18:00.9580648Z,0.005,0
2026-04-05T18:18:00.9581210Z,0.005,0
2026-04-05T18:18:00.9583531Z,0.011,0
2026-04-05T18:18:00.9584224Z,0.005,0
2026-04-05T18:18:00.9584818Z,0.012,0
2026-04-05T18:18:00.9585323Z,0.005,0
2026-04-05T18:18:00.9586113Z,0.009,0
2026-04-05T18:18:00.9586776Z,0.006,0
2026-04-05T18:18:00.9587403Z,0.008,0
2026-04-05T18:18:00.9588466Z,0.012,0
2026-04-05T18:18:00.9589362Z,0.010,0
2026-04-05T18:18:00.9590131Z,0.009,0
2026-04-05T18:18:00.9593337Z,0.010,0
2026-04-05T18:18:00.9594261Z,0.011,0
2026-04-05T18:18:00.9595227Z,0.010,0
2026-04-05T18:18:00.9597008Z,0.107,0
2026-04-05T18:18:00.9598379Z,0.043,0
2026-04-05T18:18:00.9600429Z,0.020,0
2026-04-05T18:18:00.9704004Z,1.292,0
2026-04-05T18:18:00.9834127Z,0.055,0
2026-04-05T18:18:00.9985935Z,0.155,1
2026-04-05T18:18:01.0145794Z,0.216,1
2026-04-05T18:18:01.0308032Z,1.060,1
2026-04-05T18:18:01.0457476Z,0.030,1
2026-04-05T18:18:01.0620582Z,0.924,1
2026-04-05T18:18:01.0763106Z,0.025,1
2026-04-05T18:18:01.0928831Z,1.383,1
2026-04-05T18:18:01.1072140Z,0.044,1
2026-04-05T18:18:01.1240732Z,1.077,0
2026-04-05T18:18:01.1385120Z,0.025,0
2026-04-05T18:18:01.1545056Z,0.055,0
2026-04-05T18:18:01.1705667Z,0.036,0
2026-04-05T18:18:01.1863486Z,0.489,0
2026-04-05T18:18:01.2027593Z,0.690,0
2026-04-05T18:18:01.2193455Z,1.599,0
2026-04-05T18:18:01.2338434Z,0.068,0
2026-04-05T18:18:01.2501285Z,0.730,0
2026-04-05T18:18:01.2648427Z,0.016,0
2026-04-05T18:18:01.2820404Z,0.941,0
2026-04-05T18:18:01.2971301Z,0.714,0
2026-04-05T18:18:01.3117131Z,0.025,0
2026-04-05T18:18:01.3274103Z,0.029,0
2026-04-05T18:18:01.3429838Z,0.025,0
2026-04-05T18:18:01.3601748Z,1.048,0
2026-04-05T18:18:01.3744004Z,0.030,0
2026-04-05T18:18:01.3901530Z,0.543,0
2026-04-05T18:18:01.4054821Z,0.672,0
2026-04-05T18:18:01.4204262Z,0.100,1
2026-04-05T18:18:01.4365470Z,0.703,1
2026-04-05T18:18:01.4521404Z,0.588,1
2026-04-05T18:18:01.4671094Z,0.039,1
2026-04-05T18:18:01.4835790Z,0.795,1
2026-04-05T18:18:01.4993600Z,1.347,1
2026-04-05T18:18:01.5145592Z,0.634,1
2026-04-05T18:18:01.5297338Z,0.731,0
2026-04-05T18:18:01.5455999Z,0.634,0
2026-04-05T18:18:01.5611260Z,0.697,0
2026-04-05T18:18:01.5763357Z,0.032,0
2026-04-05T18:18:01.5921104Z,0.675,0
2026-04-05T18:18:01.6072345Z,0.657,0
2026-04-05T18:18:01.6223674Z,0.028,0
2026-04-05T18:18:01.6388905Z,0.780,0
2026-04-05T18:18:01.6542874Z,0.626,0
2026-04-05T18:18:01.6695826Z,0.019,0
2026-04-05T18:18:01.6857322Z,0.016,0
2026-04-05T18:18:01.7022387Z,0.050,0
2026-04-05T18:18:01.7171963Z,0.017,0
2026-04-05T18:18:01.7328588Z,0.091,1
2026-04-05T18:18:01.7495363Z,0.825,1
2026-04-05T18:18:01.7654418Z,0.896,1
2026-04-05T18:18:01.7800837Z,0.047,1
2026-04-05T18:18:01.7962745Z,0.021,1
2026-04-05T18:18:01.8113189Z,0.015,1
2026-04-05T18:18:01.8265877Z,0.026,1
2026-04-05T18:18:01.8430816Z,0.862,0
2026-04-05T18:18:01.8580906Z,0.680,0
2026-04-05T18:18:01.8732979Z,0.014,0
2026-04-05T18:18:01.8897865Z,0.070,1
2026-04-05T18:18:01.9054681Z,0.028,1
2026-04-05T18:18:01.9219575Z,0.773,1
2026-04-05T18:18:01.9372666Z,0.026,1
2026-04-05T18:18:01.9530854Z,0.751,1
2026-04-05T18:18:01.9676331Z,0.040,1
2026-04-05T18:18:01.9841540Z,0.588,1
2026-04-05T18:18:01.9993993Z,0.021,0
2026-04-05T18:18:02.0152832Z,0.886,0
2026-04-05T18:18:02.0298082Z,0.033,0
2026-04-05T18:18:02.0453442Z,0.101,1
2026-04-05T18:18:02.0606822Z,0.072,1
2026-04-05T18:18:02.0770318Z,0.561,1
2026-04-05T18:18:02.1112101Z,0.024,1
2026-04-05T18:18:02.1113764Z,0.049,1
2026-04-05T18:18:02.1456659Z,0.023,1
2026-04-05T18:18:02.1601876Z,0.020,1
2026-04-05T18:18:02.1745095Z,0.466,1
2026-04-05T18:18:02.1898946Z,0.020,1
2026-04-05T18:18:02.2054361Z,0.014,1
2026-04-05T18:18:02.2216378Z,0.826,1
2026-04-05T18:18:02.2365440Z,0.016,0
2026-04-05T18:18:02.2523549Z,0.557,0
2026-04-05T18:18:02.2677835Z,0.032,0
2026-04-05T18:18:02.2841847Z,0.750,0
2026-04-05T18:18:02.2991244Z,0.025,0
2026-04-05T18:18:02.3155317Z,0.012,0
2026-04-05T18:18:02.3321342Z,0.038,0
2026-04-05T18:18:02.3774877Z,0.019,0
2026-04-05T18:18:02.4238264Z,0.030,0
2026-04-05T18:18:02.4706032Z,0.521,0
2026-04-05T18:18:02.5168399Z,0.018,0
2026-04-05T18:18:02.5638557Z,0.138,1
2026-04-05T18:18:02.6104903Z,0.044,1
2026-04-05T18:18:02.6580374Z,1.185,1
2026-04-05T18:18:02.7051461Z,1.101,1
2026-04-05T18:18:02.7496333Z,0.044,1
2026-04-05T18:18:02.7960931Z,0.804,1
2026-04-05T18:18:02.8431031Z,0.919,1
2026-04-05T18:18:02.8895010Z,0.666,1
2026-04-05T18:18:02.9375043Z,0.757,1
2026-04-05T18:18:02.9791205Z,0.991,1
2026-04-05T18:18:03.0252094Z,0.065,1
2026-04-05T18:18:03.0727911Z,0.874,1
2026-04-05T18:18:03.1200497Z,0.900,1
2026-04-05T18:18:03.1668527Z,0.040,1
2026-04-05T18:18:03.2141194Z,0.895,0
2026-04-05T18:18:03.2595021Z,0.023,0
2026-04-05T18:18:03.3078932Z,1.604,0
2026-04-05T18:18:03.3531039Z,0.029,0
2026-04-05T18:18:03.3998909Z,0.027,0
2026-04-05T18:18:03.4465104Z,0.049,0
2026-04-05T18:18:03.4643242Z,0.029,0
2026-04-05T18:18:03.4648112Z,0.044,0
2026-04-05T18:18:03.4651657Z,0.014,0
2026-04-05T18:18:03.4658429Z,0.047,0
2026-04-05T18:18:03.4659478Z,0.012,0
2026-04-05T18:18:03.4660514Z,0.010,0
2026-04-05T18:18:03.4673737Z,0.017,0
2026-04-05T18:18:03.4674703Z,0.026,0
2026-04-05T18:18:03.4675910Z,0.010,0
2026-04-05T18:18:03.4681842Z,0.022,0
2026-04-05T18:18:03.4682820Z,0.010,0
2026-04-05T18:18:03.4691989Z,0.723,0
2026-04-05T18:18:03.4696629Z,0.027,0
2026-04-05T18:18:03.4705174Z,0.085,0
2026-04-05T18:18:03.4706746Z,0.011,0
2026-04-05T18:18:03.4710001Z,0.064,0
2026-04-05T18:18:03.4712117Z,0.018,0
2026-04-05T18:18:03.4715059Z,0.017,0
2026-04-05T18:18:03.4715810Z,0.025,0
2026-04-05T18:18:03.4940126Z,0.020,0
2026-04-05T18:18:03.5414113Z,0.790,0
2026-04-05T18:18:03.5894591Z,1.230,0
2026-04-05T18:18:03.6359231Z,0.033,0
2026-04-05T18:18:03.6830456Z,0.137,1
2026-04-05T18:18:03.7293805Z,0.145,1
2026-04-05T18:18:03.7767206Z,1.305,1
2026-04-05T18:18:03.8224036Z,0.031,1
2026-04-05T18:18:03.8685885Z,0.166,1
2026-04-05T18:18:03.9160103Z,0.048,1
2026-04-05T18:18:03.9623048Z,0.027,1
2026-04-05T18:18:04.0099149Z,0.707,1
2026-04-05T18:18:04.0557066Z,1.149,1
2026-04-05T18:18:04.1010597Z,0.031,1
2026-04-05T18:18:04.1480580Z,0.043,1
2026-04-05T18:18:04.1943152Z,0.044,0
2026-04-05T18:18:04.2409860Z,0.991,0
2026-04-05T18:18:04.2879573Z,0.984,0
2026-04-05T18:18:04.3364880Z,1.520,0
2026-04-05T18:18:04.3815136Z,0.044,0
2026-04-05T18:18:04.4274857Z,0.067,0
2026-04-05T18:18:04.4751079Z,1.113,0
2026-04-05T18:18:04.5205732Z,0.057,0
2026-04-05T18:18:04.5678775Z,0.063,0
2026-04-05T18:18:04.6182440Z,2.456,0
2026-04-05T18:18:04.6618564Z,0.029,0
2026-04-05T18:18:04.7078056Z,0.025,0
2026-04-05T18:18:04.7550980Z,1.186,0
2026-04-05T18:18:04.8003993Z,0.190,1
2026-04-05T18:18:04.8491419Z,1.172,1
2026-04-05T18:18:04.8956832Z,1.633,1
2026-04-05T18:18:04.9410793Z,0.141,1
2026-04-05T18:18:04.9877484Z,0.025,1
2026-04-05T18:18:05.0360902Z,0.144,1
2026-04-05T18:18:05.0824097Z,0.064,1
2026-04-05T18:18:05.1287402Z,0.042,1
2026-04-05T18:18:05.1753830Z,0.043,1
2026-04-05T18:18:05.2215951Z,0.029,1
2026-04-05T18:18:05.2692574Z,0.089,1
2026-04-05T18:18:05.3161359Z,0.040,1
2026-04-05T18:18:05.3638715Z,1.604,1
2026-04-05T18:18:05.4096765Z,0.029,1
2026-04-05T18:18:05.4600694Z,0.027,1
2026-04-05T18:18:05.5073883Z,0.055,1
2026-04-05T18:18:05.5544292Z,0.863,1
2026-04-05T18:18:05.6028387Z,1.295,1
2026-04-05T18:18:05.6488676Z,0.072,1
2026-04-05T18:18:05.6954792Z,0.032,1
2026-04-05T18:18:05.7426772Z,1.203,1
2026-04-05T18:18:05.8473419Z,0.591,1
2026-04-05T18:18:05.8555966Z,0.038,1
2026-04-05T18:18:05.8983433Z,0.056,1
2026-04-05T18:18:05.9456816Z,0.087,1
2026-04-05T18:18:05.9776671Z,0.021,1
2026-04-05T18:18:05.9777637Z,0.009,1
2026-04-05T18:18:05.9778039Z,0.005,1
2026-04-05T18:18:05.9778468Z,0.005,1
2026-04-05T18:18:05.9779233Z,0.005,1
2026-04-05T18:18:05.9779710Z,0.005,1
2026-04-05T18:18:05.9780073Z,0.003,1
2026-04-05T18:18:05.9791290Z,0.013,1
2026-04-05T18:18:05.9791686Z,0.005,1
2026-04-05T18:18:05.9792163Z,0.005,1
2026-04-05T18:18:05.9792605Z,0.005,1
2026-04-05T18:18:05.9793384Z,0.006,1
2026-04-05T18:18:05.9793783Z,0.005,1
2026-04-05T18:18:05.9794477Z,0.011,1
2026-04-05T18:18:05.9795828Z,0.004,1
2026-04-05T18:18:05.9796171Z,0.011,1
2026-04-05T18:18:05.9796547Z,0.005,1
2026-04-05T18:18:05.9797280Z,0.004,1
2026-04-05T18:18:05.9798173Z,0.004,1
2026-04-05T18:18:05.9798631Z,0.005,1
2026-04-05T18:18:05.9799027Z,0.003,1
2026-04-05T18:18:05.9799334Z,0.007,1
2026-04-05T18:18:05.9799727Z,0.004,1
2026-04-05T18:18:05.9800171Z,0.004,1
2026-04-05T18:18:05.9801888Z,0.018,1
2026-04-05T18:18:05.9921803Z,0.077,1
2026-04-05T18:18:06.0396447Z,0.029,1
2026-04-05T18:18:06.0870150Z,0.012,1
2026-04-05T18:18:06.1343422Z,0.027,1
2026-04-05T18:18:06.1811349Z,0.043,1
2026-04-05T18:18:06.2294192Z,0.731,1
2026-04-05T18:18:06.2773815Z,1.041,1
2026-04-05T18:18:06.3233201Z,0.033,1
2026-04-05T18:18:06.3696050Z,0.024,1
2026-04-05T18:18:06.4185612Z,1.776,1
2026-04-05T18:18:06.4637279Z,0.046,1
2026-04-05T18:18:06.5111163Z,0.813,1
2026-04-05T18:18:06.5583805Z,0.928,1
2026-04-05T18:18:06.6059026Z,1.085,1
2026-04-05T18:18:06.6499932Z,0.839,1
2026-04-05T18:18:06.6956590Z,0.042,1
2026-04-05T18:18:06.7452169Z,0.110,1
2026-04-05T18:18:06.7923337Z,1.137,1
2026-04-05T18:18:06.8398585Z,0.946,1
2026-04-05T18:18:06.8868376Z,0.047,1
2026-04-05T18:18:06.9347168Z,0.030,1
2026-04-05T18:18:06.9800615Z,0.057,1
2026-04-05T18:18:07.0270794Z,0.976,1
2026-04-05T18:18:07.0743981Z,1.395,1
2026-04-05T18:18:07.1197400Z,0.023,1
2026-04-05T18:18:07.1659583Z,0.041,1
2026-04-05T18:18:07.2142720Z,1.623,1
2026-04-05T18:18:07.2588344Z,0.028,1
2026-04-05T18:18:07.3073364Z,1.738,1
2026-04-05T18:18:07.3537268Z,0.765,1
2026-04-05T18:18:07.4002461Z,1.120,1
2026-04-05T18:18:07.4459189Z,0.032,1
2026-04-05T18:18:07.4942883Z,1.421,1
2026-04-05T18:18:07.5395093Z,0.053,0
2026-04-05T18:18:07.5872062Z,0.051,0
2026-04-05T18:18:07.6365514Z,1.650,0
2026-04-05T18:18:07.6820160Z,0.042,0
2026-04-05T18:18:07.7292028Z,0.022,0
2026-04-05T18:18:07.7763322Z,0.772,0
2026-04-05T18:18:07.8231052Z,0.685,0
2026-04-05T18:18:07.8694615Z,0.023,0
2026-04-05T18:18:07.9181690Z,1.292,0
2026-04-05T18:18:07.9629592Z,0.136,0
2026-04-05T18:18:08.0103547Z,0.044,0
2026-04-05T18:18:08.0580917Z,1.641,0
2026-04-05T18:18:08.1035483Z,0.079,0
2026-04-05T18:18:08.1500841Z,0.125,0
2026-04-05T18:18:08.1964088Z,0.054,0
2026-04-05T18:18:08.2438162Z,0.116,1
2026-04-05T18:18:08.2909897Z,0.058,1
2026-04-05T18:18:08.3380087Z,1.084,1
2026-04-05T18:18:08.3855235Z,1.403,1
2026-04-05T18:18:08.4303877Z,0.073,1
2026-04-05T18:18:08.4771919Z,0.057,1
2026-04-05T18:18:08.4957239Z,0.030,1
2026-04-05T18:18:08.4958362Z,0.010,1
2026-04-05T18:18:08.4959218Z,0.007,1
2026-04-05T18:18:08.4992058Z,0.030,1
2026-04-05T18:18:08.4993077Z,0.013,1
2026-04-05T18:18:08.4994094Z,0.010,1
2026-04-05T18:18:08.4995809Z,0.015,1
2026-04-05T18:18:08.4996762Z,0.021,1
2026-04-05T18:18:08.5009904Z,0.024,1
2026-04-05T18:18:08.5011202Z,0.010,1
2026-04-05T18:18:08.5012685Z,0.012,1
2026-04-05T18:18:08.5013663Z,0.011,1
2026-04-05T18:18:08.5014521Z,0.008,1
2026-04-05T18:18:08.5017194Z,0.015,1
2026-04-05T18:18:08.5018913Z,0.034,1
2026-04-05T18:18:08.5019903Z,0.010,1
2026-04-05T18:18:08.5020856Z,0.008,1
2026-04-05T18:18:08.5234006Z,0.033,1
2026-04-05T18:18:08.5710970Z,0.886,0
2026-04-05T18:18:08.6176768Z,0.864,0
2026-04-05T18:18:08.6650921Z,0.690,0
2026-04-05T18:18:08.7100208Z,0.754,0
2026-04-05T18:18:08.7564644Z,0.033,0
2026-04-05T18:18:08.8029166Z,0.025,0
2026-04-05T18:18:08.8501386Z,0.019,0
2026-04-05T18:18:08.8976160Z,1.091,0
2026-04-05T18:18:08.9425963Z,0.543,0
2026-04-05T18:18:08.9889602Z,0.071,1
2026-04-05T18:18:09.0359568Z,0.160,1
2026-04-05T18:18:09.0821577Z,0.036,1
2026-04-05T18:18:09.1296371Z,0.146,1
2026-04-05T18:18:09.1749134Z,0.037,1
2026-04-05T18:18:09.2212916Z,0.036,1
2026-04-05T18:18:09.2690527Z,0.097,1
2026-04-05T18:18:09.3167727Z,0.035,1
2026-04-05T18:18:09.3634258Z,0.024,1
2026-04-05T18:18:09.4122595Z,0.932,1
2026-04-05T18:18:09.4576267Z,0.048,1
2026-04-05T18:18:09.5044337Z,0.042,1
2026-04-05T18:18:09.5519731Z,0.042,1
2026-04-05T18:18:09.5992837Z,0.049,0
2026-04-05T18:18:09.6756622Z,0.035,0
2026-04-05T18:18:09.7175809Z,0.024,0
2026-04-05T18:18:09.7648976Z,0.049,0
2026-04-05T18:18:09.8101208Z,0.041,0
2026-04-05T18:18:09.8570254Z,0.204,1
2026-04-05T18:18:09.8990697Z,0.021,1
2026-04-05T18:18:09.9459666Z,0.808,1
2026-04-05T18:18:09.9911613Z,0.090,1
2026-04-05T18:18:10.0390978Z,0.657,1
2026-04-05T18:18:10.0855309Z,0.032,1
2026-04-05T18:18:10.1318041Z,0.080,1
2026-04-05T18:18:10.1795198Z,0.075,1
2026-04-05T18:18:10.2253869Z,0.014,1
2026-04-05T18:18:10.2728461Z,0.531,1
2026-04-05T18:18:10.3180081Z,0.020,1
2026-04-05T18:18:10.3336556Z,0.020,1
2026-04-05T18:18:10.3498933Z,0.020,1
2026-04-05T18:18:10.3662223Z,0.799,1
2026-04-05T18:18:10.3807835Z,0.029,0
2026-04-05T18:18:10.3974743Z,0.815,0
2026-04-05T18:18:10.4130010Z,0.739,0
2026-04-05T18:18:10.4287063Z,0.743,0
2026-04-05T18:18:10.4456517Z,0.036,0
2026-04-05T18:18:10.4615389Z,0.020,0
2026-04-05T18:18:10.4769251Z,0.445,0
2026-04-05T18:18:10.4923466Z,0.026,0
2026-04-05T18:18:10.5099579Z,0.568,0
2026-04-05T18:18:10.5243949Z,0.687,0
2026-04-05T18:18:10.5393961Z,0.522,0
2026-04-05T18:18:10.5475065Z,0.759,0
2026-04-05T18:18:10.5618872Z,0.028,0
2026-04-05T18:18:10.5794156Z,0.990,0
2026-04-05T18:18:10.5937694Z,0.388,0
2026-04-05T18:18:10.6098402Z,0.612,0
2026-04-05T18:18:10.6256350Z,0.579,0
2026-04-05T18:18:10.6413185Z,0.692,0
2026-04-05T18:18:10.6566754Z,0.025,0
2026-04-05T18:18:10.6729144Z,0.785,0
2026-04-05T18:18:10.6874731Z,0.024,0
2026-04-05T18:18:10.7034997Z,0.112,1
2026-04-05T18:18:10.7191297Z,0.035,1
2026-04-05T18:18:10.7343658Z,0.024,1
2026-04-05T18:18:10.7502721Z,0.400,1
2026-04-05T18:18:10.7662645Z,0.014,1
2026-04-05T18:18:10.7822782Z,0.734,1
2026-04-05T18:18:10.7987431Z,0.804,1
2026-04-05T18:18:10.8127844Z,0.017,0
2026-04-05T18:18:10.8279709Z,0.054,1
2026-04-05T18:18:10.8443634Z,0.532,1
2026-04-05T18:18:10.8593128Z,0.015,1
2026-04-05T18:18:10.8752937Z,0.420,1
2026-04-05T18:18:10.8906290Z,0.057,1
2026-04-05T18:18:10.9070414Z,0.725,1
2026-04-05T18:18:10.9217382Z,0.029,1
2026-04-05T18:18:10.9390756Z,1.175,1
2026-04-05T18:18:10.9544097Z,0.882,1
2026-04-05T18:18:10.9704479Z,1.300,1
2026-04-05T18:18:10.9848756Z,0.033,1
2026-04-05T18:18:11.0022114Z,0.049,0
2026-04-05T18:18:11.0034346Z,0.019,0
2026-04-05T18:18:11.0035345Z,0.009,0
2026-04-05T18:18:11.0036267Z,0.023,0
2026-04-05T18:18:11.0037113Z,0.009,0
2026-04-05T18:18:11.0037929Z,0.010,0
2026-04-05T18:18:11.0066147Z,0.026,0
2026-04-05T18:18:11.0067194Z,0.007,0
2026-04-05T18:18:11.0068427Z,0.008,0
2026-04-05T18:18:11.0069037Z,0.006,0
2026-04-05T18:18:11.0070369Z,0.006,0
2026-04-05T18:18:11.0071382Z,0.046,0
2026-04-05T18:18:11.0072808Z,0.014,0
2026-04-05T18:18:11.0076110Z,0.017,0
2026-04-05T18:18:11.0076908Z,0.007,0
2026-04-05T18:18:11.0080356Z,0.021,0
2026-04-05T18:18:11.0081399Z,0.008,0
2026-04-05T18:18:11.0082030Z,0.005,0
2026-04-05T18:18:11.0082789Z,0.006,0
2026-04-05T18:18:11.0086261Z,0.016,0
2026-04-05T18:18:11.0185017Z,2.011,0
2026-04-05T18:18:11.0328146Z,1.645,0
2026-04-05T18:18:11.0483717Z,1.702,0
2026-04-05T18:18:11.0644378Z,1.532,0
2026-04-05T18:18:11.0780671Z,0.022,0
2026-04-05T18:18:11.0938429Z,0.033,0
2026-04-05T18:18:11.1090893Z,0.045,0
2026-04-05T18:18:11.1248654Z,0.023,0
2026-04-05T18:18:11.1397096Z,0.035,0
2026-04-05T18:18:11.1560031Z,0.640,0
2026-04-05T18:18:11.1713440Z,0.528,0
2026-04-05T18:18:11.1868638Z,0.013,0
2026-04-05T18:18:11.2032468Z,0.029,0
2026-04-05T18:18:11.2184736Z,0.043,0
2026-04-05T18:18:11.2333209Z,0.031,0
2026-04-05T18:18:11.2498926Z,0.061,0
2026-04-05T18:18:11.2653407Z,0.054,0
2026-04-05T18:18:11.2816419Z,0.901,0
2026-04-05T18:18:11.2976310Z,1.599,0
2026-04-05T18:18:11.3113012Z,0.051,0
2026-04-05T18:18:11.3283480Z,1.188,0
2026-04-05T18:18:11.3437594Z,1.514,0
2026-04-05T18:18:11.3574775Z,0.054,0
2026-04-05T18:18:11.3736225Z,1.096,0
2026-04-05T18:18:11.3872617Z,0.023,0
2026-04-05T18:18:11.4034355Z,0.752,0
2026-04-05T18:18:11.4183152Z,0.637,0
2026-04-05T18:18:11.4347428Z,0.964,0
2026-04-05T18:18:11.4505458Z,0.887,0
2026-04-05T18:18:11.4650606Z,0.034,0
2026-04-05T18:18:11.4807613Z,0.030,0
2026-04-05T18:18:11.4969117Z,0.042,0
2026-04-05T18:18:11.5135520Z,1.477,0
2026-04-05T18:18:11.5292279Z,1.176,0
2026-04-05T18:18:11.5438378Z,0.025,0
2026-04-05T18:18:11.5593119Z,0.145,1
2026-04-05T18:18:11.5747350Z,0.045,1
2026-04-05T18:18:11.5911451Z,1.194,1
2026-04-05T18:18:11.6062748Z,0.914,1
2026-04-05T18:18:11.6215942Z,0.031,1
2026-04-05T18:18:11.6373982Z,0.044,1
2026-04-05T18:18:11.6530853Z,0.054,1
2026-04-05T18:18:11.6699034Z,1.132,1
2026-04-05T18:18:11.6851084Z,0.054,1
2026-04-05T18:18:11.7020349Z,1.126,1
2026-04-05T18:18:11.7173523Z,1.245,1
2026-04-05T18:18:11.7320259Z,0.044,1
2026-04-05T18:18:11.7490524Z,1.700,1
2026-04-05T18:18:11.7629412Z,0.023,0
2026-04-05T18:18:11.7796881Z,1.544,0
2026-04-05T18:18:11.7943559Z,0.046,0
2026-04-05T18:18:11.8106081Z,1.114,0
2026-04-05T18:18:11.8265140Z,1.156,0
2026-04-05T18:18:11.8423395Z,1.491,0
2026-04-05T18:18:11.8579440Z,1.631,0
2026-04-05T18:18:11.8741038Z,1.557,0
2026-04-05T18:18:11.8882428Z,1.247,0
2026-04-05T18:18:11.9022289Z,0.052,0
2026-04-05T18:18:11.9178524Z,0.056,0
2026-04-05T18:18:11.9368251Z,2.276,0
2026-04-05T18:18:11.9502597Z,0.030,0
2026-04-05T18:18:11.9654165Z,0.034,0
2026-04-05T18:18:11.9822504Z,1.016,0
2026-04-05T18:18:11.9970483Z,0.946,0
2026-04-05T18:18:12.0126617Z,1.437,0
2026-04-05T18:18:12.0280783Z,1.152,0
2026-04-05T18:18:12.0436036Z,1.332,0
2026-04-05T18:18:12.0587073Z,0.029,0
2026-04-05T18:18:12.0739672Z,0.114,1
2026-04-05T18:18:12.0906157Z,1.312,1
2026-04-05T18:18:12.1049122Z,0.039,1
2026-04-05T18:18:12.1211762Z,1.012,1
2026-04-05T18:18:12.1355629Z,0.094,1
2026-04-05T18:18:12.1512592Z,0.045,1
2026-04-05T18:18:12.1676973Z,0.063,1
2026-04-05T18:18:12.1830236Z,0.059,1
2026-04-05T18:18:12.2002639Z,2.029,1
2026-04-05T18:18:12.2152499Z,1.385,1
2026-04-05T18:18:12.2288047Z,0.032,1
2026-04-05T18:18:12.2442962Z,0.045,1
2026-04-05T18:18:12.2613437Z,1.232,1
2026-04-05T18:18:12.2770964Z,1.168,0
2026-04-05T18:18:12.2921861Z,1.351,0
2026-04-05T18:18:12.3068257Z,0.039,0
2026-04-05T18:18:12.3219297Z,0.152,1
2026-04-05T18:18:12.3688447Z,0.096,1
2026-04-05T18:18:12.4170145Z,0.178,1
2026-04-05T18:18:12.4668695Z,0.111,1
2026-04-05T18:18:12.5132743Z,0.021,1
2026-04-05T18:18:12.5603496Z,0.028,1
2026-04-05T18:18:12.6077386Z,0.054,1
2026-04-05T18:18:12.6546847Z,1.033,1
2026-04-05T18:18:12.7014256Z,0.771,1
2026-04-05T18:18:12.7462914Z,0.015,1
2026-04-05T18:18:12.7933210Z,0.738,1
2026-04-05T18:18:12.8397385Z,0.023,1
2026-04-05T18:18:12.8878750Z,1.036,1
2026-04-05T18:18:12.9331776Z,0.048,1
2026-04-05T18:18:12.9814953Z,0.049,1
2026-04-05T18:18:13.0272561Z,0.029,1
2026-04-05T18:18:13.0742324Z,0.038,1
2026-04-05T18:18:13.1223545Z,0.847,1
2026-04-05T18:18:13.1698780Z,0.837,1
2026-04-05T18:18:13.2175197Z,1.658,1
2026-04-05T18:18:13.2626203Z,0.032,1
2026-04-05T18:18:13.3088403Z,0.024,1
2026-04-05T18:18:13.3556357Z,0.065,1
2026-04-05T18:18:13.4036680Z,1.603,1
2026-04-05T18:18:13.4657277Z,0.018,1
2026-04-05T18:18:13.5056801Z,1.012,1
2026-04-05T18:18:13.5059446Z,0.009,1
2026-04-05T18:18:13.5060042Z,0.004,1
2026-04-05T18:18:13.5060373Z,0.003,1
2026-04-05T18:18:13.5063539Z,0.006,1
2026-04-05T18:18:13.5063923Z,0.009,1
2026-04-05T18:18:13.5064218Z,0.003,1
2026-04-05T18:18:13.5064671Z,0.013,1
2026-04-05T18:18:13.5065313Z,0.014,1
2026-04-05T18:18:13.5065910Z,0.005,1
2026-04-05T18:18:13.5066239Z,0.003,1
2026-04-05T18:18:13.5066924Z,0.004,1
2026-04-05T18:18:13.5067270Z,0.003,1
2026-04-05T18:18:13.5067608Z,0.003,1
2026-04-05T18:18:13.5067909Z,0.008,1
2026-04-05T18:18:13.5068494Z,0.010,1
2026-04-05T18:18:13.5069051Z,0.005,1
2026-04-05T18:18:13.5069399Z,0.004,1
2026-04-05T18:18:13.5069775Z,0.003,1
2026-04-05T18:18:13.5070118Z,0.004,1
2026-04-05T18:18:13.5070497Z,0.004,1
2026-04-05T18:18:13.5071128Z,0.004,1
2026-04-05T18:18:13.5072570Z,0.004,1
2026-04-05T18:18:13.5072871Z,0.003,1
2026-04-05T18:18:13.5076065Z,0.021,1
2026-04-05T18:18:13.5076639Z,0.010,1
2026-04-05T18:18:13.5077169Z,0.005,1
2026-04-05T18:18:13.5077801Z,0.004,1
2026-04-05T18:18:13.5513625Z,0.023,1
2026-04-05T18:18:13.5985864Z,0.025,1
2026-04-05T18:18:13.6474218Z,0.855,1
2026-04-05T18:18:13.6923319Z,0.017,1
2026-04-05T18:18:13.7391691Z,0.018,1
2026-04-05T18:18:13.7847629Z,0.028,1
2026-04-05T18:18:13.8313151Z,0.021,1
2026-04-05T18:18:13.8783244Z,0.065,1
2026-04-05T18:18:13.9249289Z,0.013,1
2026-04-05T18:18:13.9724632Z,0.060,1
2026-04-05T18:18:14.0184536Z,0.047,1
2026-04-05T18:18:14.0638289Z,0.016,1
2026-04-05T18:18:14.1106466Z,0.084,1
2026-04-05T18:18:14.1578645Z,0.035,1
2026-04-05T18:18:14.2058432Z,0.131,1
2026-04-05T18:18:14.2525842Z,0.103,1
2026-04-05T18:18:14.2984918Z,0.052,1
2026-04-05T18:18:14.3480682Z,1.188,1
2026-04-05T18:18:14.3919794Z,0.161,1
2026-04-05T18:18:14.4381150Z,0.033,1
2026-04-05T18:18:14.4854894Z,0.122,1
2026-04-05T18:18:14.5334881Z,0.126,1
2026-04-05T18:18:14.5811299Z,0.174,1
2026-04-05T18:18:14.6268531Z,0.027,1
2026-04-05T18:18:14.6736766Z,0.023,1
2026-04-05T18:18:14.7213657Z,0.788,1
2026-04-05T18:18:14.7675737Z,0.705,1
2026-04-05T18:18:14.8139313Z,0.041,1
2026-04-05T18:18:14.8616334Z,0.030,1
2026-04-05T18:18:14.9084166Z,0.034,1
2026-04-05T18:18:14.9545547Z,0.014,1
2026-04-05T18:18:15.0015369Z,0.779,1
2026-04-05T18:18:15.0490443Z,0.879,1
2026-04-05T18:18:15.0956608Z,0.056,1
2026-04-05T18:18:15.1420597Z,0.063,1
2026-04-05T18:18:15.1885883Z,0.032,1
2026-04-05T18:18:15.2368089Z,1.150,1
2026-04-05T18:18:15.2839941Z,1.332,1
2026-04-05T18:18:15.3298054Z,1.327,0
2026-04-05T18:18:15.3752277Z,0.050,0
2026-04-05T18:18:15.4218819Z,0.025,0
2026-04-05T18:18:15.4690438Z,0.061,0
2026-04-05T18:18:15.5157859Z,0.052,0
2026-04-05T18:18:15.5621360Z,0.035,0
2026-04-05T18:18:15.6107068Z,0.083,0
2026-04-05T18:18:15.6573448Z,0.034,0
2026-04-05T18:18:15.7046716Z,1.194,0
2026-04-05T18:18:15.7508272Z,0.032,0
2026-04-05T18:18:15.7973647Z,0.062,0
2026-04-05T18:18:15.8462862Z,1.774,0
2026-04-05T18:18:15.8905139Z,0.148,1
2026-04-05T18:18:15.9379828Z,1.056,1
2026-04-05T18:18:15.9864001Z,1.841,1
2026-04-05T18:18:16.0178234Z,0.030,1
2026-04-05T18:18:16.0179233Z,0.009,1
2026-04-05T18:18:16.0180210Z,0.011,1
2026-04-05T18:18:16.0181638Z,0.008,1
2026-04-05T18:18:16.0207228Z,0.022,1
2026-04-05T18:18:16.0207930Z,0.007,1
2026-04-05T18:18:16.0209482Z,0.062,1
2026-04-05T18:18:16.0210893Z,0.009,1
2026-04-05T18:18:16.0211844Z,0.006,1
2026-04-05T18:18:16.0212416Z,0.005,1
2026-04-05T18:18:16.0214131Z,0.006,1
2026-04-05T18:18:16.0215894Z,0.009,1
2026-04-05T18:18:16.0216782Z,0.019,1
2026-04-05T18:18:16.0217684Z,0.009,1
2026-04-05T18:18:16.0220256Z,0.013,1
2026-04-05T18:18:16.0222383Z,0.011,1
2026-04-05T18:18:16.0223997Z,0.013,1
2026-04-05T18:18:16.0225506Z,0.021,1
2026-04-05T18:18:16.0228783Z,0.039,1
2026-04-05T18:18:16.0313901Z,0.035,1
2026-04-05T18:18:16.0800876Z,0.855,0
2026-04-05T18:18:16.1251797Z,0.067,0
2026-04-05T18:18:16.1736448Z,1.069,0
2026-04-05T18:18:16.2197094Z,0.060,0
2026-04-05T18:18:16.2680398Z,1.239,0
2026-04-05T18:18:16.3156769Z,1.729,0
2026-04-05T18:18:16.3603324Z,0.040,0
2026-04-05T18:18:16.4070265Z,0.015,0
2026-04-05T18:18:16.4535671Z,0.024,0
2026-04-05T18:18:16.5004878Z,0.795,0
2026-04-05T18:18:16.5479849Z,1.450,0
2026-04-05T18:18:16.5942389Z,0.061,0
2026-04-05T18:18:16.6413883Z,1.317,0
2026-04-05T18:18:16.6867889Z,0.052,0
2026-04-05T18:18:16.7341604Z,1.590,0
2026-04-05T18:18:16.7785349Z,0.062,0
2026-04-05T18:18:16.8246127Z,0.027,0
2026-04-05T18:18:16.8706020Z,0.032,0
2026-04-05T18:18:16.9180333Z,0.035,0
2026-04-05T18:18:16.9642653Z,0.038,0
2026-04-05T18:18:17.0110615Z,0.073,0
2026-04-05T18:18:17.0826456Z,0.016,0
2026-04-05T18:18:17.1266410Z,0.620,0
2026-04-05T18:18:17.1671139Z,0.454,0
2026-04-05T18:18:17.2145427Z,1.145,0
2026-04-05T18:18:17.2608358Z,0.017,0
2026-04-05T18:18:17.3078006Z,0.407,0
2026-04-05T18:18:17.3545068Z,0.663,0
2026-04-05T18:18:17.4008718Z,0.623,0
2026-04-05T18:18:17.4490366Z,0.722,0
2026-04-05T18:18:17.4943700Z,0.013,0
2026-04-05T18:18:17.5409733Z,0.077,1
2026-04-05T18:18:17.5870564Z,0.087,1
2026-04-05T18:18:17.6332616Z,0.020,1
2026-04-05T18:18:17.6805564Z,0.019,1
2026-04-05T18:18:17.7257560Z,0.030,1
2026-04-05T18:18:17.7727024Z,0.036,1
2026-04-05T18:18:17.8201470Z,0.638,1
2026-04-05T18:18:17.8665939Z,0.018,1
2026-04-05T18:18:17.9139483Z,0.021,0
2026-04-05T18:18:17.9613496Z,0.047,0
2026-04-05T18:18:18.0078471Z,0.051,0
2026-04-05T18:18:18.0566008Z,1.210,0
2026-04-05T18:18:18.1035592Z,1.251,0
2026-04-05T18:18:18.1506395Z,1.395,0
2026-04-05T18:18:18.1947148Z,0.021,0
2026-04-05T18:18:18.2415920Z,0.047,0
2026-04-05T18:18:18.2877062Z,0.035,0
2026-04-05T18:18:18.3351424Z,0.900,0
2026-04-05T18:18:18.3835007Z,1.304,0
2026-04-05T18:18:18.4322142Z,2.966,0
2026-04-05T18:18:18.4752074Z,0.032,0
2026-04-05T18:18:18.5216522Z,0.032,0
2026-04-05T18:18:18.5224772Z,0.018,0
2026-04-05T18:18:18.5225383Z,0.005,0
2026-04-05T18:18:18.5225942Z,0.003,0
2026-04-05T18:18:18.5226588Z,0.011,0
2026-04-05T18:18:18.5243049Z,0.015,0
2026-04-05T18:18:18.5244496Z,0.008,0
2026-04-05T18:18:18.5245584Z,0.006,0
2026-04-05T18:18:18.5246085Z,0.011,0
2026-04-05T18:18:18.5249086Z,0.009,0
2026-04-05T18:18:18.5249667Z,0.006,0
2026-04-05T18:18:18.5250233Z,0.017,0
2026-04-05T18:18:18.5250770Z,0.005,0
2026-04-05T18:18:18.5252391Z,0.008,0
2026-04-05T18:18:18.5253371Z,0.023,0
2026-04-05T18:18:18.5254634Z,0.007,0
2026-04-05T18:18:18.5255192Z,0.013,0
2026-04-05T18:18:18.5680461Z,0.016,0
2026-04-05T18:18:18.6169116Z,1.089,0
2026-04-05T18:18:18.6624379Z,0.070,0
2026-04-05T18:18:18.7094129Z,0.052,0
2026-04-05T18:18:18.7572004Z,0.870,0
2026-04-05T18:18:18.8030594Z,1.269,0
2026-04-05T18:18:18.8487940Z,0.056,0
2026-04-05T18:18:18.8948713Z,0.021,0
2026-04-05T18:18:18.9429864Z,1.501,0
2026-04-05T18:18:18.9892140Z,0.174,1
2026-04-05T18:18:19.0358823Z,0.104,1
2026-04-05T18:18:19.0835123Z,1.102,1
2026-04-05T18:18:19.1303536Z,1.104,1
2026-04-05T18:18:19.1771738Z,0.031,1
2026-04-05T18:18:19.2239296Z,1.012,1
2026-04-05T18:18:19.2703112Z,1.133,1
2026-04-05T18:18:19.3171305Z,0.052,1
2026-04-05T18:18:19.3639570Z,0.031,0
2026-04-05T18:18:19.4117173Z,0.023,0
2026-04-05T18:18:19.4586655Z,1.229,0
2026-04-05T18:18:19.5066937Z,1.750,0
2026-04-05T18:18:19.5514579Z,0.032,0
2026-04-05T18:18:19.5978044Z,0.529,0
2026-04-05T18:18:19.6475157Z,2.243,0
2026-04-05T18:18:19.6924449Z,0.052,0
2026-04-05T18:18:19.7384917Z,0.712,0
2026-04-05T18:18:19.7858678Z,0.744,0
2026-04-05T18:18:19.8303669Z,0.014,0
2026-04-05T18:18:19.8793332Z,1.065,0
2026-04-05T18:18:19.9242983Z,0.029,0
2026-04-05T18:18:19.9716738Z,0.977,0
2026-04-05T18:18:20.0171365Z,0.022,0
2026-04-05T18:18:20.0643714Z,0.040,0
2026-04-05T18:18:20.1101171Z,1.037,0
2026-04-05T18:18:20.1560009Z,0.095,1
2026-04-05T18:18:20.2027747Z,0.770,1
2026-04-05T18:18:20.2488839Z,0.049,1
2026-04-05T18:18:20.2965097Z,0.993,1
2026-04-05T18:18:20.3437363Z,0.993,1
2026-04-05T18:18:20.3587033Z,0.028,1
2026-04-05T18:18:20.3758478Z,1.471,1
2026-04-05T18:18:20.3908879Z,1.067,1
2026-04-05T18:18:20.4050400Z,0.021,1
2026-04-05T18:18:20.4212423Z,0.510,0
2026-04-05T18:18:20.4373779Z,0.822,0
2026-04-05T18:18:20.4544086Z,1.679,0
2026-04-05T18:18:20.4699334Z,1.567,0
2026-04-05T18:18:20.4844535Z,0.061,0
2026-04-05T18:18:20.5020090Z,1.439,0
2026-04-05T18:18:20.5151562Z,0.054,0
2026-04-05T18:18:20.5312896Z,0.031,0
2026-04-05T18:18:20.5467580Z,0.049,0
2026-04-05T18:18:20.5620877Z,0.025,0
2026-04-05T18:18:20.5780900Z,0.045,0
2026-04-05T18:18:20.5937140Z,0.045,0
2026-04-05T18:18:20.6094786Z,0.779,0
2026-04-05T18:18:20.6262928Z,1.276,0
2026-04-05T18:18:20.6410677Z,0.026,0
2026-04-05T18:18:20.6566683Z,0.937,0
2026-04-05T18:18:20.6708559Z,0.030,0
2026-04-05T18:18:20.6873513Z,0.928,0
2026-04-05T18:18:20.7036164Z,0.996,0
2026-04-05T18:18:20.7182198Z,0.085,1
2026-04-05T18:18:20.7338974Z,0.061,1
2026-04-05T18:18:20.7741428Z,0.668,1
2026-04-05T18:18:20.8070480Z,0.015,1
2026-04-05T18:18:20.8172201Z,0.363,1
2026-04-05T18:18:20.8338623Z,0.709,1
2026-04-05T18:18:20.8484564Z,0.051,1
2026-04-05T18:18:20.8651685Z,0.770,1
2026-04-05T18:18:20.8803626Z,0.020,1
2026-04-05T18:18:20.8967366Z,0.625,1
2026-04-05T18:18:20.9115183Z,0.020,1
2026-04-05T18:18:20.9272361Z,0.504,1
2026-04-05T18:18:20.9432628Z,0.571,1
2026-04-05T18:18:20.9589574Z,0.891,0
2026-04-05T18:18:20.9744610Z,0.714,0
2026-04-05T18:18:20.9895492Z,0.022,0
2026-04-05T18:18:21.0055497Z,0.050,0
2026-04-05T18:18:21.0211671Z,0.057,0
2026-04-05T18:18:21.0363934Z,0.080,0
2026-04-05T18:18:21.0370709Z,0.017,0
2026-04-05T18:18:21.0371821Z,0.007,0
2026-04-05T18:18:21.0387569Z,0.019,0
2026-04-05T18:18:21.0388429Z,0.007,0
2026-04-05T18:18:21.0390147Z,0.006,0
2026-04-05T18:18:21.0390658Z,0.005,0
2026-04-05T18:18:21.0392487Z,0.005,0
2026-04-05T18:18:21.0395023Z,0.011,0
2026-04-05T18:18:21.0517515Z,0.029,0
2026-04-05T18:18:21.0672150Z,0.051,0
2026-04-05T18:18:21.0830052Z,0.048,0
2026-04-05T18:18:21.0998853Z,1.093,0
2026-04-05T18:18:21.1150680Z,1.399,0
2026-04-05T18:18:21.1314354Z,1.758,0
2026-04-05T18:18:21.1455425Z,0.048,0
2026-04-05T18:18:21.1632555Z,2.379,0
2026-04-05T18:18:21.1767095Z,0.047,0
2026-04-05T18:18:21.1920322Z,0.035,0
2026-04-05T18:18:21.2071993Z,0.052,0
2026-04-05T18:18:21.2219231Z,0.015,0
2026-04-05T18:18:21.2379574Z,0.423,0
2026-04-05T18:18:21.2533178Z,0.053,0
2026-04-05T18:18:21.2701340Z,1.014,0
2026-04-05T18:18:21.2845129Z,0.108,1
2026-04-05T18:18:21.2995813Z,0.022,1
2026-04-05T18:18:21.3152780Z,0.053,1
2026-04-05T18:18:21.3313232Z,0.037,1
2026-04-05T18:18:21.3471665Z,0.061,1
2026-04-05T18:18:21.3630069Z,0.066,1
2026-04-05T18:18:21.3780347Z,0.018,1
2026-04-05T18:18:21.3946916Z,0.752,0
2026-04-05T18:18:21.4088603Z,0.031,0
2026-04-05T18:18:21.4255454Z,0.034,0
2026-04-05T18:18:21.4394197Z,0.016,0
2026-04-05T18:18:21.4551420Z,0.026,0
2026-04-05T18:18:21.4702017Z,0.031,0
2026-04-05T18:18:21.4868412Z,0.782,0
2026-04-05T18:18:21.5010226Z,0.019,0
2026-04-05T18:18:21.5171851Z,0.035,0
2026-04-05T18:18:21.5324099Z,0.027,0
2026-04-05T18:18:21.5480195Z,0.019,0
2026-04-05T18:18:21.5638954Z,0.050,1
2026-04-05T18:18:21.5802253Z,0.428,1
2026-04-05T18:18:21.5962264Z,0.856,1
2026-04-05T18:18:21.6119332Z,0.744,1
2026-04-05T18:18:21.6270403Z,0.031,1
2026-04-05T18:18:21.6426975Z,0.020,1
2026-04-05T18:18:21.6587688Z,0.013,1
2026-04-05T18:18:21.6740686Z,0.014,1
2026-04-05T18:18:21.6903093Z,0.559,1
2026-04-05T18:18:21.7057351Z,0.505,1
2026-04-05T18:18:21.7206122Z,0.060,1
2026-04-05T18:18:21.7368242Z,0.792,1
2026-04-05T18:18:21.7524366Z,0.691,1
2026-04-05T18:18:21.7678589Z,0.470,1
2026-04-05T18:18:21.7832577Z,0.606,1
2026-04-05T18:18:21.7981286Z,0.011,1
2026-04-05T18:18:21.8146122Z,0.694,1
2026-04-05T18:18:21.8292223Z,0.011,0
2026-04-05T18:18:21.8451089Z,0.555,0
2026-04-05T18:18:21.8611982Z,0.947,0
2026-04-05T18:18:21.8758605Z,0.042,0
2026-04-05T18:18:21.8926415Z,0.668,0
2026-04-05T18:18:21.9075629Z,0.463,0
2026-04-05T18:18:21.9230940Z,0.665,0
2026-04-05T18:18:21.9378550Z,0.013,0
2026-04-05T18:18:21.9539288Z,0.820,0
2026-04-05T18:18:21.9696385Z,0.055,0
2026-04-05T18:18:21.9859616Z,0.159,1
2026-04-05T18:18:22.0010562Z,0.037,1
2026-04-05T18:18:22.0169080Z,0.029,1
2026-04-05T18:18:22.0320740Z,0.040,1
2026-04-05T18:18:22.0471815Z,0.028,1
2026-04-05T18:18:22.0636433Z,0.085,1
2026-04-05T18:18:22.0790636Z,0.021,1
2026-04-05T18:18:22.0946160Z,0.054,1
2026-04-05T18:18:22.1105312Z,0.026,1
2026-04-05T18:18:22.1277405Z,0.902,1
2026-04-05T18:18:22.1426822Z,0.052,1
2026-04-05T18:18:22.1590428Z,1.129,1
2026-04-05T18:18:22.1732281Z,0.043,0
2026-04-05T18:18:22.1891616Z,0.052,0
2026-04-05T18:18:22.2053421Z,1.105,0
2026-04-05T18:18:22.2200400Z,0.024,0
2026-04-05T18:18:22.2354612Z,0.046,0
2026-04-05T18:18:22.2511184Z,0.045,0
2026-04-05T18:18:22.2669677Z,0.053,0
2026-04-05T18:18:22.2833341Z,1.059,0
2026-04-05T18:18:22.2976421Z,0.027,0
2026-04-05T18:18:22.3129486Z,0.053,0
2026-04-05T18:18:22.3285053Z,0.134,1
2026-04-05T18:18:22.3748925Z,0.035,1
2026-04-05T18:18:22.4210997Z,0.041,1
2026-04-05T18:18:22.4680751Z,0.069,1
2026-04-05T18:18:22.5152570Z,0.771,1
2026-04-05T18:18:22.5616577Z,0.035,1
2026-04-05T18:18:22.6080688Z,0.088,1
2026-04-05T18:18:22.6559611Z,1.141,1
2026-04-05T18:18:22.7033179Z,1.318,1
2026-04-05T18:18:22.7476934Z,0.016,1
2026-04-05T18:18:22.7960180Z,0.392,1
2026-04-05T18:18:22.8438112Z,0.779,1
2026-04-05T18:18:22.8895309Z,0.069,1
2026-04-05T18:18:22.9372630Z,0.047,1
2026-04-05T18:18:22.9848135Z,0.030,1
2026-04-05T18:18:23.0320086Z,0.815,1
2026-04-05T18:18:23.0796134Z,1.378,1
2026-04-05T18:18:23.1262788Z,1.176,1
2026-04-05T18:18:23.1711547Z,0.058,1
2026-04-05T18:18:23.2179820Z,1.044,0
2026-04-05T18:18:23.2635446Z,0.031,0
2026-04-05T18:18:23.3107100Z,0.092,0
2026-04-05T18:18:23.3595092Z,1.695,0
2026-04-05T18:18:23.4049281Z,0.031,0
2026-04-05T18:18:23.4516853Z,0.041,0
2026-04-05T18:18:23.4979962Z,0.038,0
2026-04-05T18:18:23.5452236Z,0.167,1
2026-04-05T18:18:23.5469728Z,0.028,1
2026-04-05T18:18:23.5470821Z,0.023,1
2026-04-05T18:18:23.5471838Z,0.012,1
2026-04-05T18:18:23.5494946Z,0.025,1
2026-04-05T18:18:23.5496083Z,0.011,1
2026-04-05T18:18:23.5502871Z,0.019,1
2026-04-05T18:18:23.5503724Z,0.008,1
2026-04-05T18:18:23.5504738Z,0.009,1
2026-04-05T18:18:23.5505585Z,0.010,1
2026-04-05T18:18:23.5507344Z,0.059,1
2026-04-05T18:18:23.5508278Z,0.011,1
2026-04-05T18:18:23.5509169Z,0.010,1
2026-04-05T18:18:23.5514451Z,0.018,1
2026-04-05T18:18:23.5515201Z,0.010,1
2026-04-05T18:18:23.5911614Z,0.037,1
2026-04-05T18:18:23.6377114Z,0.117,1
2026-04-05T18:18:23.6853218Z,0.984,1
2026-04-05T18:18:23.7331673Z,0.721,1
2026-04-05T18:18:23.7794986Z,0.118,1
2026-04-05T18:18:23.8266889Z,1.196,1
2026-04-05T18:18:23.8725069Z,0.048,1
2026-04-05T18:18:23.9197060Z,1.387,1
2026-04-05T18:18:23.9650239Z,0.029,1
2026-04-05T18:18:24.0140781Z,1.798,1
2026-04-05T18:18:24.0585653Z,1.616,1
2026-04-05T18:18:24.1035378Z,0.037,0
2026-04-05T18:18:24.1526050Z,1.462,0
2026-04-05T18:18:24.1964525Z,0.669,0
2026-04-05T18:18:24.2436419Z,0.920,0
2026-04-05T18:18:24.2921470Z,1.102,0
2026-04-05T18:18:24.3374330Z,0.016,0
2026-04-05T18:18:24.3843450Z,0.029,0
2026-04-05T18:18:24.4311037Z,0.655,0
2026-04-05T18:18:24.4920404Z,1.979,0
2026-04-05T18:18:24.5416124Z,0.444,0
2026-04-05T18:18:24.5881644Z,0.606,0
2026-04-05T18:18:24.6348045Z,0.035,0
2026-04-05T18:18:24.6822969Z,0.665,0
2026-04-05T18:18:24.7285187Z,0.016,0
2026-04-05T18:18:24.7754556Z,0.017,0
2026-04-05T18:18:24.8220668Z,0.038,0
2026-04-05T18:18:24.8684512Z,0.472,0
2026-04-05T18:18:24.9156408Z,1.182,0
2026-04-05T18:18:24.9617254Z,1.365,0
2026-04-05T18:18:25.0064105Z,0.025,0
2026-04-05T18:18:25.0535879Z,0.031,0
2026-04-05T18:18:25.1004641Z,0.053,1
2026-04-05T18:18:25.1478077Z,0.454,1
2026-04-05T18:18:25.1952060Z,0.431,1
2026-04-05T18:18:25.2418077Z,0.026,1
2026-04-05T18:18:25.2885869Z,0.024,1
2026-04-05T18:18:25.3358862Z,0.033,1
2026-04-05T18:18:25.3828834Z,0.043,1
2026-04-05T18:18:25.4298159Z,0.051,0
2026-04-05T18:18:25.4760409Z,0.022,0
2026-04-05T18:18:25.5241294Z,1.326,0
2026-04-05T18:18:25.5700044Z,0.868,0
2026-04-05T18:18:25.6163831Z,0.130,1
2026-04-05T18:18:25.6639771Z,1.046,1
2026-04-05T18:18:25.7107721Z,1.206,1
2026-04-05T18:18:25.7558259Z,0.113,1
2026-04-05T18:18:25.8022937Z,0.061,1
2026-04-05T18:18:25.8512106Z,1.083,1
2026-04-05T18:18:25.8984237Z,1.034,1
2026-04-05T18:18:25.9441786Z,1.625,1
2026-04-05T18:18:25.9898081Z,1.065,1
2026-04-05T18:18:26.0362305Z,1.187,1
2026-04-05T18:18:26.0523181Z,0.033,0
2026-04-05T18:18:26.0527162Z,0.015,0
2026-04-05T18:18:26.0529232Z,0.011,0
2026-04-05T18:18:26.0549813Z,0.024,0
2026-04-05T18:18:26.0551662Z,0.009,0
2026-04-05T18:18:26.0553317Z,0.011,0
2026-04-05T18:18:26.0559735Z,0.025,0
2026-04-05T18:18:26.0560665Z,0.011,0
2026-04-05T18:18:26.0572526Z,0.022,0
2026-04-05T18:18:26.0573761Z,0.010,0
2026-04-05T18:18:26.0574883Z,0.010,0
2026-04-05T18:18:26.0578295Z,0.016,0
2026-04-05T18:18:26.0817766Z,0.035,0
2026-04-05T18:18:26.1292189Z,1.471,0
2026-04-05T18:18:26.1749844Z,0.043,0
2026-04-05T18:18:26.2209560Z,0.025,0
2026-04-05T18:18:26.2677538Z,0.027,0
2026-04-05T18:18:26.3158236Z,1.157,0
2026-04-05T18:18:26.3749940Z,11.625,0
2026-04-05T18:18:26.4059443Z,0.324,0
2026-04-05T18:18:26.4525462Z,0.112,1
2026-04-05T18:18:26.4990816Z,0.016,1
2026-04-05T18:18:26.5468399Z,0.528,1
2026-04-05T18:18:26.5937558Z,0.018,1
2026-04-05T18:18:26.6395702Z,0.565,1
2026-04-05T18:18:26.6876434Z,0.499,1
2026-04-05T18:18:26.7346738Z,0.560,1
2026-04-05T18:18:26.7805580Z,0.051,0
2026-04-05T18:18:26.8283181Z,1.894,0
2026-04-05T18:18:26.8760077Z,0.037,0
2026-04-05T18:18:26.9212948Z,1.097,0
2026-04-05T18:18:26.9670165Z,0.038,0
2026-04-05T18:18:27.0159954Z,1.267,0
2026-04-05T18:18:27.0627914Z,1.427,0
2026-04-05T18:18:27.1082391Z,0.109,1
2026-04-05T18:18:27.1571066Z,1.363,1
2026-04-05T18:18:27.2020566Z,0.055,1
2026-04-05T18:18:27.2498205Z,0.044,1
2026-04-05T18:18:27.2962118Z,0.031,1
2026-04-05T18:18:27.3443016Z,0.029,1
2026-04-05T18:18:27.3908751Z,0.111,1
2026-04-05T18:18:27.4433781Z,0.045,1
2026-04-05T18:18:27.4910556Z,0.412,1
2026-04-05T18:18:27.5371742Z,0.490,1
2026-04-05T18:18:27.5840514Z,0.011,1
2026-04-05T18:18:27.6312396Z,0.010,1
2026-04-05T18:18:27.6795623Z,0.861,1
2026-04-05T18:18:27.7269293Z,1.070,1
2026-04-05T18:18:27.7736173Z,0.746,1
2026-04-05T18:18:27.8193084Z,0.048,1
2026-04-05T18:18:27.8667054Z,1.033,1
2026-04-05T18:18:27.9122957Z,0.037,1
2026-04-05T18:18:27.9596434Z,0.026,1
2026-04-05T18:18:28.0070107Z,0.041,1
2026-04-05T18:18:28.0538568Z,0.995,1
2026-04-05T18:18:28.1005994Z,1.061,1
2026-04-05T18:18:28.1560971Z,1.354,1
2026-04-05T18:18:28.2032650Z,1.496,0
2026-04-05T18:18:28.2496874Z,1.307,0
2026-04-05T18:18:28.2951510Z,0.038,0
2026-04-05T18:18:28.3434139Z,1.672,0
2026-04-05T18:18:28.3901104Z,1.382,0
2026-04-05T18:18:28.4533475Z,0.018,0
2026-04-05T18:18:28.5083082Z,0.516,0
2026-04-05T18:18:28.5485849Z,0.017,0
2026-04-05T18:18:28.5652212Z,0.018,0
2026-04-05T18:18:28.5652995Z,0.005,0
2026-04-05T18:18:28.5658892Z,0.024,0
2026-04-05T18:18:28.5659529Z,0.003,0
2026-04-05T18:18:28.5660507Z,0.004,0
2026-04-05T18:18:28.5660784Z,0.003,0
2026-04-05T18:18:28.5661039Z,0.003,0
2026-04-05T18:18:28.5661473Z,0.005,0
2026-04-05T18:18:28.5662148Z,0.004,0
2026-04-05T18:18:28.5662444Z,0.003,0
2026-04-05T18:18:28.5663464Z,0.005,0
2026-04-05T18:18:28.5952097Z,0.011,0
2026-04-05T18:18:28.6436096Z,0.035,0
2026-04-05T18:18:28.6912231Z,0.076,1
2026-04-05T18:18:28.7378187Z,0.037,1
2026-04-05T18:18:28.7854198Z,0.055,1
2026-04-05T18:18:28.8329685Z,0.110,1
2026-04-05T18:18:28.8798895Z,0.059,1
2026-04-05T18:18:28.9261771Z,0.112,1
2026-04-05T18:18:28.9718317Z,0.048,1
2026-04-05T18:18:29.0212304Z,1.260,1
2026-04-05T18:18:29.0661856Z,0.034,1
2026-04-05T18:18:29.1140072Z,1.168,1
2026-04-05T18:18:29.1613974Z,1.731,1
2026-04-05T18:18:29.2063044Z,0.041,1
2026-04-05T18:18:29.2543214Z,0.030,0
2026-04-05T18:18:29.3009962Z,0.021,0
2026-04-05T18:18:29.3471619Z,0.047,0
2026-04-05T18:18:29.3947942Z,0.149,1
2026-04-05T18:18:29.4425260Z,1.212,1
2026-04-05T18:18:29.4885201Z,0.149,1
2026-04-05T18:18:29.5357747Z,0.054,1
2026-04-05T18:18:29.5829513Z,0.058,1
2026-04-05T18:18:29.6299185Z,0.070,1
2026-04-05T18:18:29.6771510Z,1.637,1
2026-04-05T18:18:29.7227819Z,0.045,1
2026-04-05T18:18:29.7712272Z,1.577,1
2026-04-05T18:18:29.8175854Z,1.449,0
2026-04-05T18:18:29.8644760Z,1.152,0
2026-04-05T18:18:29.9107285Z,0.027,0
2026-04-05T18:18:29.9570376Z,0.032,0
2026-04-05T18:18:30.0040779Z,1.040,0
2026-04-05T18:18:30.0509325Z,0.117,1
2026-04-05T18:18:30.0989974Z,1.478,1
2026-04-05T18:18:30.1430698Z,0.131,1
2026-04-05T18:18:30.1898922Z,0.069,1
2026-04-05T18:18:30.2370174Z,0.668,1
2026-04-05T18:18:30.2830511Z,0.017,1
2026-04-05T18:18:30.3301272Z,0.511,1
2026-04-05T18:18:31.0754481Z,0.012,1
2026-04-05T18:18:31.0761495Z,0.009,1
2026-04-05T18:18:31.0761772Z,0.009,1
2026-04-05T18:18:31.0761951Z,0.002,1
2026-04-05T18:18:31.0762120Z,0.002,1
2026-04-05T18:18:31.0762286Z,0.002,1
2026-04-05T18:18:31.0762836Z,0.002,1
2026-04-05T18:18:31.0763089Z,0.007,1
2026-04-05T18:18:31.0763367Z,0.003,1
2026-04-05T18:18:31.0763926Z,0.003,1
2026-04-05T18:18:31.0764308Z,0.003,1
2026-04-05T18:18:31.0764559Z,0.003,1
2026-04-05T18:18:31.0764873Z,0.008,1
2026-04-05T18:18:31.0765099Z,0.002,1
2026-04-05T18:18:31.0765504Z,0.003,1
2026-04-05T18:18:31.0765933Z,0.003,1
2026-04-05T18:18:31.0766358Z,0.003,1
