Timestamp,Gen0Collections,Gen1Collections,Gen2Collections,SuspectedPauseMs
2026-04-05T18:22:12.2934049Z,0,0,0,7.44
2026-04-05T18:22:12.3251457Z,0,0,0,10.47
2026-04-05T18:22:12.3411227Z,0,0,0,5.64
2026-04-05T18:22:12.3569637Z,0,0,0,5.66
2026-04-05T18:22:12.3726552Z,0,0,0,5.54
2026-04-05T18:22:12.4029753Z,0,0,0,5.20
2026-04-05T18:22:12.4193183Z,0,0,0,6.18
2026-04-05T18:22:12.4495977Z,0,0,0,5.16
2026-04-05T18:22:12.4650056Z,0,0,0,5.23
2026-04-05T18:22:12.4806703Z,0,0,0,5.45
2026-04-05T18:22:12.4961128Z,0,0,0,5.15
2026-04-05T18:22:12.5118141Z,0,0,0,5.46
2026-04-05T18:22:12.5271966Z,0,0,0,5.18
2026-04-05T18:22:12.5589721Z,0,0,0,5.74
2026-04-05T18:22:12.5898343Z,0,0,0,5.99
2026-04-05T18:22:12.6053927Z,0,0,0,5.44
2026-04-05T18:22:12.6209729Z,0,0,0,5.46
2026-04-05T18:22:12.6368513Z,0,0,0,5.74
2026-04-05T18:22:12.6524653Z,0,0,0,5.44
2026-04-05T18:22:12.6830824Z,0,0,0,5.55
2026-04-05T18:22:12.6984402Z,0,0,0,5.19
2026-04-05T18:22:12.7140822Z,0,0,0,5.45
2026-04-05T18:22:12.7302562Z,0,0,0,5.87
2026-04-05T18:22:12.7454941Z,0,0,0,5.10
2026-04-05T18:22:12.7608280Z,0,0,0,5.18
2026-04-05T18:22:12.7767691Z,0,0,0,5.78
2026-04-05T18:22:12.7922063Z,0,0,0,5.27
2026-04-05T18:22:12.8077424Z,0,0,0,5.38
2026-04-05T18:22:12.8230532Z,0,0,0,5.16
2026-04-05T18:22:12.8384007Z,0,0,0,5.21
2026-04-05T18:22:12.8542100Z,0,0,0,5.66
2026-04-05T18:22:12.8707053Z,0,0,0,6.35
2026-04-05T18:22:12.8859638Z,0,0,0,5.01
2026-04-05T18:22:12.9018477Z,0,0,0,5.73
2026-04-05T18:22:12.9179156Z,0,0,0,5.63
2026-04-05T18:22:12.9335811Z,0,0,0,5.33
2026-04-05T18:22:12.9488202Z,0,0,0,5.11
2026-04-05T18:22:12.9644486Z,0,0,0,5.26
2026-04-05T18:22:12.9798540Z,0,0,0,5.22
2026-04-05T18:22:12.9950681Z,0,0,0,5.08
2026-04-05T18:22:13.0257004Z,0,0,0,5.46
2026-04-05T18:22:13.0414610Z,0,0,0,5.64
2026-04-05T18:22:13.0574949Z,0,0,0,5.90
2026-04-05T18:22:13.0732780Z,0,0,0,5.65
2026-04-05T18:22:13.0893018Z,0,0,0,5.88
2026-04-05T18:22:13.1198626Z,0,0,0,5.45
2026-04-05T18:22:13.1350450Z,0,0,0,5.03
2026-04-05T18:22:13.1511188Z,0,0,0,5.95
2026-04-05T18:22:13.1671015Z,0,0,0,5.87
2026-04-05T18:22:13.1824407Z,0,0,0,5.22
2026-04-05T18:22:13.1982839Z,0,0,0,5.73
2026-04-05T18:22:13.2137693Z,0,0,0,5.26
2026-04-05T18:22:13.2300505Z,0,0,0,6.00
2026-04-05T18:22:13.2452072Z,0,0,0,5.05
2026-04-05T18:22:13.2604273Z,0,0,0,5.09
2026-04-05T18:22:13.2757751Z,0,0,0,5.25
2026-04-05T18:22:13.3069691Z,0,0,0,6.07
2026-04-05T18:22:13.3230081Z,0,0,0,5.93
2026-04-05T18:22:13.3388149Z,0,0,0,5.66
2026-04-05T18:22:13.3547179Z,0,0,0,5.76
2026-04-05T18:22:13.3699982Z,0,0,0,5.15
2026-04-05T18:22:13.3861416Z,0,0,0,6.01
2026-04-05T18:22:13.4013634Z,0,0,0,5.09
2026-04-05T18:22:13.4166265Z,0,0,0,5.13
2026-04-05T18:22:13.4324461Z,0,0,0,5.70
2026-04-05T18:22:13.4632543Z,0,0,0,5.67
2026-04-05T18:22:13.4796327Z,0,0,0,6.24
2026-04-05T18:22:13.4953506Z,0,0,0,5.56
2026-04-05T18:22:13.5109636Z,0,0,0,5.49
2026-04-05T18:22:13.5265495Z,0,0,0,5.47
2026-04-05T18:22:13.5419303Z,0,0,0,5.21
2026-04-05T18:22:13.5577316Z,0,0,0,5.67
2026-04-05T18:22:13.5882692Z,0,0,0,5.49
2026-04-05T18:22:13.6039413Z,0,0,0,5.55
2026-04-05T18:22:13.6195642Z,0,0,0,5.49
2026-04-05T18:22:13.6348197Z,0,0,0,5.13
2026-04-05T18:22:13.6502797Z,0,0,0,5.34
2026-04-05T18:22:13.6655945Z,0,0,0,5.11
2026-04-05T18:22:13.6813976Z,0,0,0,5.67
2026-04-05T18:22:13.6972689Z,0,0,0,5.69
2026-04-05T18:22:13.7130223Z,0,0,0,5.36
2026-04-05T18:22:13.7298054Z,0,0,0,6.43
2026-04-05T18:22:13.7596284Z,0,0,0,5.24
2026-04-05T18:22:13.7905382Z,0,0,0,5.85
2026-04-05T18:22:13.8062411Z,0,0,0,5.60
2026-04-05T18:22:13.8216390Z,0,0,0,5.28
2026-04-05T18:22:13.8369049Z,0,0,0,5.15
2026-04-05T18:22:13.8521175Z,0,0,0,5.09
2026-04-05T18:22:13.8674247Z,0,0,0,5.20
2026-04-05T18:22:13.8826043Z,0,0,0,5.07
2026-04-05T18:22:13.8981397Z,0,0,0,5.41
2026-04-05T18:22:13.9142591Z,0,0,0,5.81
2026-04-05T18:22:13.9303938Z,0,0,0,5.76
2026-04-05T18:22:13.9460447Z,0,0,0,5.45
2026-04-05T18:22:13.9614952Z,0,0,0,5.25
2026-04-05T18:22:13.9766347Z,0,0,0,5.01
2026-04-05T18:22:13.9919201Z,0,0,0,5.18
2026-04-05T18:22:14.0074205Z,0,0,0,5.39
2026-04-05T18:22:14.0233643Z,0,0,0,5.85
2026-04-05T18:22:14.0678596Z,0,0,0,34.27
2026-04-05T18:22:14.0910696Z,0,0,0,13.10
2026-04-05T18:22:14.1309948Z,0,0,0,6.67
2026-04-05T18:22:14.1619939Z,0,0,0,6.05
2026-04-05T18:22:14.1921997Z,0,0,0,5.14
2026-04-05T18:22:14.2081650Z,0,0,0,5.82
2026-04-05T18:22:14.2235562Z,0,0,0,5.30
2026-04-05T18:22:14.2392774Z,0,0,0,5.63
2026-04-05T18:22:14.2550837Z,0,0,0,5.70
2026-04-05T18:22:14.2853127Z,0,0,0,5.39
2026-04-05T18:22:14.3011474Z,0,0,0,5.75
2026-04-05T18:22:14.3175366Z,0,0,0,6.28
2026-04-05T18:22:14.3328706Z,0,0,0,5.14
2026-04-05T18:22:14.3482699Z,0,0,0,5.25
2026-04-05T18:22:14.3637649Z,0,0,0,5.39
2026-04-05T18:22:14.3790111Z,0,0,0,5.15
2026-04-05T18:22:14.4099640Z,0,0,0,5.94
2026-04-05T18:22:14.4254502Z,0,0,0,5.39
2026-04-05T18:22:14.4415031Z,0,0,0,5.94
2026-04-05T18:22:14.4712212Z,0,0,0,5.63
2026-04-05T18:22:14.5021615Z,0,0,0,5.83
2026-04-05T18:22:14.5175005Z,0,0,0,5.23
2026-04-05T18:22:14.5333087Z,0,0,0,5.70
2026-04-05T18:22:14.5489307Z,0,0,0,5.43
2026-04-05T18:22:14.5650290Z,0,0,0,5.99
2026-04-05T18:22:14.5807492Z,0,0,0,5.62
2026-04-05T18:22:14.6112220Z,0,0,0,5.56
2026-04-05T18:22:14.6265058Z,0,0,0,5.15
2026-04-05T18:22:14.6426148Z,0,0,0,5.98
2026-04-05T18:22:14.6736425Z,0,0,0,5.93
2026-04-05T18:22:14.6894610Z,0,0,0,5.66
2026-04-05T18:22:14.7052447Z,0,0,0,5.62
2026-04-05T18:22:14.7208519Z,0,0,0,5.47
2026-04-05T18:22:14.7508673Z,0,0,0,5.22
2026-04-05T18:22:14.7663608Z,0,0,0,5.36
2026-04-05T18:22:14.7822653Z,0,0,0,5.71
2026-04-05T18:22:14.7988398Z,0,0,0,6.31
2026-04-05T18:22:14.8144648Z,0,0,0,5.11
2026-04-05T18:22:14.8311842Z,0,0,0,6.46
2026-04-05T18:22:14.8608447Z,0,0,0,5.82
2026-04-05T18:22:14.8912099Z,0,0,0,5.21
2026-04-05T18:22:14.9222546Z,0,0,0,5.94
2026-04-05T18:22:14.9380922Z,0,0,0,5.66
2026-04-05T18:22:14.9533924Z,0,0,0,5.14
2026-04-05T18:22:14.9687120Z,0,0,0,5.22
2026-04-05T18:22:14.9849186Z,0,0,0,6.10
2026-04-05T18:22:15.0001683Z,0,0,0,5.14
2026-04-05T18:22:15.0161140Z,0,0,0,5.84
2026-04-05T18:22:15.0313242Z,0,0,0,5.00
2026-04-05T18:22:15.0468977Z,0,0,0,5.44
2026-04-05T18:22:15.0623990Z,0,0,0,5.39
2026-04-05T18:22:15.0778041Z,0,0,0,5.28
2026-04-05T18:22:15.0934231Z,0,0,0,5.51
2026-04-05T18:22:15.1094531Z,0,0,0,5.91
2026-04-05T18:22:15.1254988Z,0,0,0,5.95
2026-04-05T18:22:15.1560704Z,0,0,0,5.37
2026-04-05T18:22:15.1717589Z,0,0,0,5.51
2026-04-05T18:22:15.1876945Z,0,0,0,5.71
2026-04-05T18:22:15.2189578Z,0,0,0,6.07
2026-04-05T18:22:15.2343811Z,0,0,0,5.33
2026-04-05T18:22:15.2497176Z,0,0,0,5.25
2026-04-05T18:22:15.2657406Z,0,0,0,5.93
2026-04-05T18:22:15.2809806Z,0,0,0,5.15
2026-04-05T18:22:15.2962590Z,0,0,0,5.15
2026-04-05T18:22:15.3114316Z,0,0,0,5.04
2026-04-05T18:22:15.3268360Z,0,0,0,5.30
2026-04-05T18:22:15.3425150Z,0,0,0,5.59
2026-04-05T18:22:15.3586116Z,0,0,0,5.98
2026-04-05T18:22:15.3737766Z,0,0,0,5.05
2026-04-05T18:22:15.3897518Z,0,0,0,5.88
2026-04-05T18:22:15.4057236Z,0,0,0,5.90
2026-04-05T18:22:15.4210165Z,0,0,0,5.02
2026-04-05T18:22:15.4362079Z,0,0,0,5.12
2026-04-05T18:22:15.4519509Z,0,0,0,5.64
2026-04-05T18:22:15.4672944Z,0,0,0,5.28
2026-04-05T18:22:15.4825741Z,0,0,0,5.20
2026-04-05T18:22:15.4986619Z,0,0,0,6.00
2026-04-05T18:22:15.5142156Z,0,0,0,5.46
2026-04-05T18:22:15.5300174Z,0,0,0,5.65
2026-04-05T18:22:15.5454482Z,0,0,0,5.32
2026-04-05T18:22:15.5609904Z,0,0,0,5.41
2026-04-05T18:22:15.5761919Z,0,0,0,5.05
2026-04-05T18:22:15.5917207Z,0,0,0,5.46
2026-04-05T18:22:15.6070935Z,0,0,0,5.25
2026-04-05T18:22:15.6227017Z,0,0,0,5.53
2026-04-05T18:22:15.6384418Z,0,0,0,5.65
2026-04-05T18:22:15.6542041Z,0,0,0,5.67
2026-04-05T18:22:15.6694838Z,0,0,0,5.11
2026-04-05T18:22:15.6853264Z,0,0,0,5.77
2026-04-05T18:22:15.7005423Z,0,0,0,5.14
2026-04-05T18:22:15.7164265Z,0,0,0,5.77
2026-04-05T18:22:15.7315326Z,0,0,0,5.01
2026-04-05T18:22:15.7476374Z,0,0,0,6.01
2026-04-05T18:22:15.7784264Z,0,0,0,5.72
2026-04-05T18:22:15.7941046Z,0,0,0,5.60
2026-04-05T18:22:15.8099624Z,0,0,0,5.78
2026-04-05T18:22:15.8259984Z,0,0,0,5.95
2026-04-05T18:22:15.8418737Z,0,0,0,5.78
2026-04-05T18:22:15.8572874Z,0,0,0,5.34
2026-04-05T18:22:15.8725846Z,0,0,0,5.11
2026-04-05T18:22:15.8887161Z,0,0,0,5.99
2026-04-05T18:22:15.9045405Z,0,0,0,5.74
2026-04-05T18:22:15.9202758Z,0,0,0,5.65
2026-04-05T18:22:15.9354336Z,0,0,0,5.07
2026-04-05T18:22:15.9509899Z,0,0,0,5.47
2026-04-05T18:22:15.9671930Z,0,0,0,6.10
2026-04-05T18:22:15.9993601Z,0,0,0,5.75
2026-04-05T18:22:16.0154024Z,0,0,0,5.95
2026-04-05T18:22:16.0307234Z,0,0,0,5.24
2026-04-05T18:22:16.0460146Z,0,0,0,5.19
2026-04-05T18:22:16.0620700Z,0,0,0,5.78
2026-04-05T18:22:16.0774048Z,0,0,0,5.23
2026-04-05T18:22:16.0928202Z,0,0,0,5.33
2026-04-05T18:22:16.1082473Z,0,0,0,5.32
2026-04-05T18:22:16.1244428Z,0,0,0,6.11
2026-04-05T18:22:16.1395524Z,0,0,0,5.02
2026-04-05T18:22:16.1547936Z,0,0,0,5.13
2026-04-05T18:22:16.1705976Z,0,0,0,5.19
2026-04-05T18:22:16.1860498Z,0,0,0,5.35
2026-04-05T18:22:16.2019723Z,0,0,0,5.83
2026-04-05T18:22:16.2179171Z,0,0,0,5.86
2026-04-05T18:22:16.2332620Z,0,0,0,5.26
2026-04-05T18:22:16.2490589Z,0,0,0,5.69
2026-04-05T18:22:16.2649165Z,0,0,0,5.77
2026-04-05T18:22:16.2804505Z,0,0,0,5.38
2026-04-05T18:22:16.2959293Z,0,0,0,5.23
2026-04-05T18:22:16.3119387Z,0,0,0,5.89
2026-04-05T18:22:16.3277235Z,0,0,0,5.63
2026-04-05T18:22:16.3434351Z,0,0,0,5.62
2026-04-05T18:22:16.3590019Z,0,0,0,5.48
2026-04-05T18:22:16.3748572Z,0,0,0,5.76
2026-04-05T18:22:16.3905777Z,0,0,0,5.63
2026-04-05T18:22:16.4059898Z,0,0,0,5.32
2026-04-05T18:22:16.4218811Z,0,0,0,5.80
2026-04-05T18:22:16.4376929Z,0,0,0,5.54
2026-04-05T18:22:16.4530237Z,0,0,0,5.25
2026-04-05T18:22:16.4685867Z,0,0,0,5.41
2026-04-05T18:22:16.4848124Z,0,0,0,6.13
2026-04-05T18:22:16.5001299Z,0,0,0,5.20
2026-04-05T18:22:16.5155832Z,0,0,0,5.25
2026-04-05T18:22:16.5315663Z,0,0,0,5.89
2026-04-05T18:22:16.5472633Z,0,0,0,5.53
2026-04-05T18:22:16.5630061Z,0,0,0,5.60
2026-04-05T18:22:16.5784865Z,0,0,0,5.39
2026-04-05T18:22:16.5939242Z,0,0,0,5.34
2026-04-05T18:22:16.6091429Z,0,0,0,5.11
2026-04-05T18:22:16.6246858Z,0,0,0,5.45
2026-04-05T18:22:16.6399305Z,0,0,0,5.16
2026-04-05T18:22:16.6554986Z,0,0,0,5.48
2026-04-05T18:22:16.6709277Z,0,0,0,5.33
2026-04-05T18:22:16.6863521Z,0,0,0,5.35
2026-04-05T18:22:16.7022452Z,0,0,0,5.81
2026-04-05T18:22:16.7179765Z,0,0,0,5.62
2026-04-05T18:22:16.7332170Z,0,0,0,5.16
2026-04-05T18:22:16.7488471Z,0,0,0,5.55
2026-04-05T18:22:16.7643218Z,0,0,0,5.39
2026-04-05T18:22:16.7802268Z,0,0,0,5.80
2026-04-05T18:22:16.7958184Z,0,0,0,5.40
2026-04-05T18:22:16.8115717Z,0,0,0,5.64
2026-04-05T18:22:16.8418696Z,0,0,0,5.28
2026-04-05T18:22:16.8580030Z,0,0,0,6.05
2026-04-05T18:22:16.8733876Z,0,0,0,5.26
2026-04-05T18:22:16.9035421Z,0,0,0,5.59
2026-04-05T18:22:16.9188680Z,0,0,0,5.23
2026-04-05T18:22:16.9348818Z,0,0,0,5.89
2026-04-05T18:22:16.9502964Z,0,0,0,5.30
2026-04-05T18:22:16.9657233Z,0,0,0,5.34
2026-04-05T18:22:16.9811553Z,0,0,0,5.31
2026-04-05T18:22:16.9974383Z,0,0,0,6.18
2026-04-05T18:22:17.0128746Z,0,0,0,5.32
2026-04-05T18:22:17.0283767Z,0,0,0,5.40
2026-04-05T18:22:17.0588005Z,0,0,0,5.47
2026-04-05T18:22:17.0741923Z,0,0,0,5.27
2026-04-05T18:22:17.0893731Z,0,0,0,5.10
2026-04-05T18:22:17.1054028Z,0,0,0,5.93
2026-04-05T18:22:17.1212396Z,0,0,0,5.69
2026-04-05T18:22:17.1370721Z,0,0,0,5.29
2026-04-05T18:22:17.1523066Z,0,0,0,5.10
2026-04-05T18:22:17.1688325Z,0,0,0,6.36
2026-04-05T18:22:17.1988410Z,0,0,0,5.10
2026-04-05T18:22:17.2145589Z,0,0,0,5.58
2026-04-05T18:22:17.2302523Z,0,0,0,5.48
2026-04-05T18:22:17.2455546Z,0,0,0,5.13
2026-04-05T18:22:17.2608731Z,0,0,0,5.12
2026-04-05T18:22:17.2767796Z,0,0,0,5.77
2026-04-05T18:22:17.2920325Z,0,0,0,5.12
2026-04-05T18:22:17.3076147Z,0,0,0,5.44
2026-04-05T18:22:17.3382164Z,0,0,0,5.95
2026-04-05T18:22:17.3535555Z,0,0,0,5.23
2026-04-05T18:22:17.3695121Z,0,0,0,5.84
2026-04-05T18:22:17.3853115Z,0,0,0,5.66
2026-04-05T18:22:17.4156257Z,0,0,0,5.28
2026-04-05T18:22:17.4309974Z,0,0,0,5.27
2026-04-05T18:22:17.4469365Z,0,0,0,5.79
2026-04-05T18:22:17.4630386Z,0,0,0,6.00
2026-04-05T18:22:17.4792058Z,0,0,0,5.98
2026-04-05T18:22:17.4945863Z,0,0,0,5.21
2026-04-05T18:22:17.5097728Z,0,0,0,5.06
2026-04-05T18:22:17.5256869Z,0,0,0,5.80
2026-04-05T18:22:17.5414833Z,0,0,0,5.68
2026-04-05T18:22:17.5568791Z,0,0,0,5.29
2026-04-05T18:22:17.5725977Z,0,0,0,5.62
2026-04-05T18:22:17.5885236Z,0,0,0,5.81
2026-04-05T18:22:17.6192767Z,0,0,0,5.61
2026-04-05T18:22:17.6347342Z,0,0,0,5.31
2026-04-05T18:22:17.6503633Z,0,0,0,5.50
2026-04-05T18:22:17.6655794Z,0,0,0,5.07
2026-04-05T18:22:17.6816202Z,0,0,0,5.82
2026-04-05T18:22:17.7123381Z,0,0,0,5.60
2026-04-05T18:22:17.7278963Z,0,0,0,5.42
2026-04-05T18:22:17.7437328Z,0,0,0,5.38
2026-04-05T18:22:17.7589945Z,0,0,0,5.09
2026-04-05T18:22:17.7770356Z,0,0,0,7.91
2026-04-05T18:22:17.7978277Z,0,0,0,10.63
2026-04-05T18:22:17.8276939Z,0,0,0,19.78
2026-04-05T18:22:17.8594216Z,0,0,0,8.41
2026-04-05T18:22:17.8880897Z,0,0,0,6.07
2026-04-05T18:22:17.9042977Z,0,0,0,6.13
2026-04-05T18:22:17.9197688Z,0,0,0,5.38
2026-04-05T18:22:17.9348837Z,0,0,0,5.02
2026-04-05T18:22:17.9507412Z,0,0,0,5.64
2026-04-05T18:22:17.9660962Z,0,0,0,5.26
2026-04-05T18:22:17.9819683Z,0,0,0,5.81
2026-04-05T18:22:17.9971715Z,0,0,0,5.13
2026-04-05T18:22:18.0127379Z,0,0,0,5.50
2026-04-05T18:22:18.0279062Z,0,0,0,5.03
2026-04-05T18:22:18.0437716Z,0,0,0,5.75
2026-04-05T18:22:18.0590839Z,0,0,0,5.23
2026-04-05T18:22:18.0747616Z,0,0,0,5.58
2026-04-05T18:22:18.0904209Z,0,0,0,5.57
2026-04-05T18:22:18.1060562Z,0,0,0,5.54
2026-04-05T18:22:18.1214445Z,0,0,0,5.27
2026-04-05T18:22:18.1517432Z,0,0,0,5.35
2026-04-05T18:22:18.1677846Z,0,0,0,5.91
2026-04-05T18:22:18.1831400Z,0,0,0,5.21
2026-04-05T18:22:18.1988505Z,0,0,0,5.50
2026-04-05T18:22:18.2147246Z,0,0,0,5.68
2026-04-05T18:22:18.2304220Z,0,0,0,5.56
2026-04-05T18:22:18.2615313Z,0,0,0,6.04
2026-04-05T18:22:18.2923720Z,0,0,0,5.81
2026-04-05T18:22:18.3083832Z,0,0,0,5.79
2026-04-05T18:22:18.3236781Z,0,0,0,5.22
2026-04-05T18:22:18.3389205Z,0,0,0,5.15
2026-04-05T18:22:18.3543051Z,0,0,0,5.26
2026-04-05T18:22:18.3700494Z,0,0,0,5.65
2026-04-05T18:22:18.3855360Z,0,0,0,5.42
2026-04-05T18:22:18.4014005Z,0,0,0,5.76
2026-04-05T18:22:18.4326845Z,0,0,0,6.21
2026-04-05T18:22:18.4483922Z,0,0,0,5.63
2026-04-05T18:22:18.4640224Z,0,0,0,5.47
2026-04-05T18:22:18.4798318Z,0,0,0,5.65
2026-04-05T18:22:18.4951714Z,0,0,0,5.14
2026-04-05T18:22:18.5108048Z,0,0,0,5.54
2026-04-05T18:22:18.5267558Z,0,0,0,5.81
2026-04-05T18:22:18.5426169Z,0,0,0,5.78
2026-04-05T18:22:18.5588564Z,0,0,0,6.14
2026-04-05T18:22:18.5742544Z,0,0,0,5.30
2026-04-05T18:22:18.5899262Z,0,0,0,5.59
2026-04-05T18:22:18.6052007Z,0,0,0,5.18
2026-04-05T18:22:18.6205346Z,0,0,0,5.24
2026-04-05T18:22:18.6362593Z,0,0,0,5.64
2026-04-05T18:22:18.6664432Z,0,0,0,5.11
2026-04-05T18:22:18.6819805Z,0,0,0,5.45
2026-04-05T18:22:18.7122553Z,0,0,0,5.15
2026-04-05T18:22:18.7275847Z,0,0,0,5.24
2026-04-05T18:22:18.7430067Z,0,0,0,5.25
2026-04-05T18:22:18.7587519Z,0,0,0,5.67
2026-04-05T18:22:18.7742945Z,0,0,0,5.45
2026-04-05T18:22:18.7903269Z,0,0,0,5.95
2026-04-05T18:22:18.8056743Z,0,0,0,5.27
2026-04-05T18:22:18.8211699Z,0,0,0,5.40
2026-04-05T18:22:18.8518862Z,0,0,0,5.58
2026-04-05T18:22:18.8674610Z,0,0,0,5.44
2026-04-05T18:22:18.8830708Z,0,0,0,5.47
2026-04-05T18:22:18.8987101Z,0,0,0,5.47
2026-04-05T18:22:18.9140626Z,0,0,0,5.18
2026-04-05T18:22:18.9298794Z,0,0,0,5.62
2026-04-05T18:22:18.9450966Z,0,0,0,5.04
2026-04-05T18:22:18.9611892Z,0,0,0,5.95
2026-04-05T18:22:18.9766486Z,0,0,0,5.29
2026-04-05T18:22:18.9919231Z,0,0,0,5.06
2026-04-05T18:22:19.0072366Z,0,0,0,5.14
2026-04-05T18:22:19.0233606Z,0,0,0,5.92
2026-04-05T18:22:19.0390722Z,0,0,0,5.51
2026-04-05T18:22:19.0550517Z,0,0,0,5.84
2026-04-05T18:22:19.0711835Z,0,0,0,5.92
2026-04-05T18:22:19.1012866Z,0,0,0,5.51
2026-04-05T18:22:19.1316312Z,0,0,0,5.13
2026-04-05T18:22:19.1618661Z,0,0,0,5.50
2026-04-05T18:22:19.1930582Z,0,0,0,5.96
2026-04-05T18:22:19.2235903Z,0,0,0,5.48
2026-04-05T18:22:19.2538143Z,0,0,0,5.31
2026-04-05T18:22:19.2695450Z,0,0,0,5.58
2026-04-05T18:22:19.2852234Z,0,0,0,5.53
2026-04-05T18:22:19.3006183Z,0,0,0,5.14
2026-04-05T18:22:19.3168190Z,0,0,0,5.93
2026-04-05T18:22:19.3327642Z,0,0,0,5.77
2026-04-05T18:22:19.3555524Z,0,0,0,12.21
2026-04-05T18:22:19.3717977Z,0,0,0,6.09
2026-04-05T18:22:19.4022918Z,0,0,0,5.53
2026-04-05T18:22:19.4181237Z,0,0,0,5.56
2026-04-05T18:22:19.4336889Z,0,0,0,5.43
2026-04-05T18:22:19.4497378Z,0,0,0,5.91
2026-04-05T18:22:19.4658449Z,0,0,0,5.90
2026-04-05T18:22:19.4816004Z,0,0,0,5.55
2026-04-05T18:22:19.5124416Z,0,0,0,5.74
2026-04-05T18:22:19.5279822Z,0,0,0,5.36
2026-04-05T18:22:19.5433321Z,0,0,0,5.15
2026-04-05T18:22:19.5744431Z,0,0,0,5.20
2026-04-05T18:22:19.5896480Z,0,0,0,5.03
2026-04-05T18:22:19.6204624Z,0,0,0,5.78
2026-04-05T18:22:19.6360945Z,0,0,0,5.42
2026-04-05T18:22:19.6515676Z,0,0,0,5.31
2026-04-05T18:22:19.6670610Z,0,0,0,5.34
2026-04-05T18:22:19.6830573Z,0,0,0,5.86
2026-04-05T18:22:19.6990386Z,0,0,0,5.78
2026-04-05T18:22:19.7148230Z,0,0,0,5.47
2026-04-05T18:22:19.7305388Z,0,0,0,5.42
2026-04-05T18:22:19.7464301Z,0,0,0,5.74
2026-04-05T18:22:19.7616831Z,0,0,0,5.11
2026-04-05T18:22:19.7778850Z,0,0,0,6.01
2026-04-05T18:22:19.8090689Z,0,0,0,6.21
2026-04-05T18:22:19.8248543Z,0,0,0,5.64
2026-04-05T18:22:19.8401453Z,0,0,0,5.11
2026-04-05T18:22:19.8553693Z,0,0,0,5.08
2026-04-05T18:22:19.8858863Z,0,0,0,5.50
2026-04-05T18:22:19.9013297Z,0,0,0,5.26
2026-04-05T18:22:19.9173010Z,0,0,0,5.83
2026-04-05T18:22:19.9332788Z,0,0,0,5.83
2026-04-05T18:22:19.9639426Z,0,0,0,5.90
2026-04-05T18:22:19.9793483Z,0,0,0,5.19
2026-04-05T18:22:19.9949885Z,0,0,0,5.45
2026-04-05T18:22:20.0109866Z,0,0,0,5.83
2026-04-05T18:22:20.0262892Z,0,0,0,5.18
2026-04-05T18:22:20.0418431Z,0,0,0,5.44
2026-04-05T18:22:20.0725931Z,0,0,0,5.39
2026-04-05T18:22:20.0885501Z,0,0,0,5.85
2026-04-05T18:22:20.1047508Z,0,0,0,6.09
2026-04-05T18:22:20.1354287Z,0,0,0,5.73
2026-04-05T18:22:20.1512758Z,0,0,0,5.75
2026-04-05T18:22:20.1821619Z,0,0,0,5.77
2026-04-05T18:22:20.1984813Z,0,0,0,6.16
2026-04-05T18:22:20.2296155Z,0,0,0,5.78
2026-04-05T18:22:20.2451334Z,0,0,0,5.37
2026-04-05T18:22:20.2610873Z,0,0,0,5.80
2026-04-05T18:22:20.2774541Z,0,0,0,6.22
2026-04-05T18:22:20.2930762Z,0,0,0,5.46
2026-04-05T18:22:20.3086112Z,0,0,0,5.37
2026-04-05T18:22:20.3238759Z,0,0,0,5.08
2026-04-05T18:22:20.3395922Z,0,0,0,5.57
2026-04-05T18:22:20.3551905Z,0,0,0,5.41
2026-04-05T18:22:20.4008347Z,0,0,0,5.66
2026-04-05T18:22:20.4163788Z,0,0,0,5.28
2026-04-05T18:22:20.4316367Z,0,0,0,5.03
2026-04-05T18:22:20.4470814Z,0,0,0,5.28
2026-04-05T18:22:20.4623889Z,0,0,0,5.20
2026-04-05T18:22:20.4776773Z,0,0,0,5.09
2026-04-05T18:22:20.4936856Z,0,0,0,5.40
2026-04-05T18:22:20.5089613Z,0,0,0,5.12
2026-04-05T18:22:20.5244471Z,0,0,0,5.37
2026-04-05T18:22:20.5549416Z,0,0,0,5.55
2026-04-05T18:22:20.5701532Z,0,0,0,5.06
2026-04-05T18:22:20.5858896Z,0,0,0,5.60
2026-04-05T18:22:20.6010570Z,0,0,0,5.00
2026-04-05T18:22:20.6163021Z,0,0,0,5.09
2026-04-05T18:22:20.6470344Z,0,0,0,5.53
2026-04-05T18:22:20.6632544Z,0,0,0,5.79
2026-04-05T18:22:20.6784550Z,0,0,0,5.01
2026-04-05T18:22:20.6938549Z,0,0,0,5.22
2026-04-05T18:22:20.7090306Z,0,0,0,5.01
2026-04-05T18:22:20.7242806Z,0,0,0,5.11
2026-04-05T18:22:20.7400874Z,0,0,0,5.67
2026-04-05T18:22:20.7558369Z,0,0,0,5.55
2026-04-05T18:22:20.7715522Z,0,0,0,5.55
2026-04-05T18:22:20.7869767Z,0,0,0,5.28
2026-04-05T18:22:20.8024372Z,0,0,0,5.16
2026-04-05T18:22:20.8179035Z,0,0,0,5.33
2026-04-05T18:22:20.8333644Z,0,0,0,5.32
2026-04-05T18:22:20.8485602Z,0,0,0,5.06
2026-04-05T18:22:20.8645309Z,0,0,0,5.71
2026-04-05T18:22:20.8950086Z,0,0,0,5.39
2026-04-05T18:22:20.9102308Z,0,0,0,5.08
2026-04-05T18:22:20.9401864Z,0,0,0,5.34
2026-04-05T18:22:20.9555288Z,0,0,0,5.21
2026-04-05T18:22:20.9713511Z,0,0,0,5.71
2026-04-05T18:22:20.9869834Z,0,0,0,5.54
2026-04-05T18:22:21.0023858Z,0,0,0,5.30
2026-04-05T18:22:21.0181665Z,0,0,0,5.64
2026-04-05T18:22:21.0335508Z,0,0,0,5.12
2026-04-05T18:22:21.0495636Z,0,0,0,5.88
2026-04-05T18:22:21.0653632Z,0,0,0,5.70
2026-04-05T18:22:21.0808099Z,0,0,0,5.34
2026-04-05T18:22:21.0966004Z,0,0,0,5.66
2026-04-05T18:22:21.1124607Z,0,0,0,5.71
2026-04-05T18:22:21.1286310Z,0,0,0,6.04
2026-04-05T18:22:21.1443529Z,0,0,0,5.58
2026-04-05T18:22:21.1603702Z,0,0,0,5.91
2026-04-05T18:22:21.1758360Z,0,0,0,5.31
2026-04-05T18:22:21.1916648Z,0,0,0,5.71
2026-04-05T18:22:21.2069930Z,0,0,0,5.23
2026-04-05T18:22:21.2224885Z,0,0,0,5.32
2026-04-05T18:22:21.2385194Z,0,0,0,5.93
2026-04-05T18:22:21.2539265Z,0,0,0,5.30
2026-04-05T18:22:21.2846858Z,0,0,0,5.83
2026-04-05T18:22:21.3001755Z,0,0,0,5.35
2026-04-05T18:22:21.3308117Z,0,0,0,5.47
2026-04-05T18:22:21.3462421Z,0,0,0,5.28
2026-04-05T18:22:21.3973041Z,0,0,0,25.81
2026-04-05T18:22:21.4152758Z,0,0,0,7.85
2026-04-05T18:22:21.4358877Z,0,0,0,10.50
2026-04-05T18:22:21.4592322Z,0,0,0,13.26
2026-04-05T18:22:21.4880609Z,0,0,0,5.54
2026-04-05T18:22:21.5039248Z,0,0,0,5.71
2026-04-05T18:22:21.5199381Z,0,0,0,5.89
2026-04-05T18:22:21.5356491Z,0,0,0,5.61
2026-04-05T18:22:21.5516413Z,0,0,0,5.87
2026-04-05T18:22:21.5673139Z,0,0,0,5.58
2026-04-05T18:22:21.5829636Z,0,0,0,5.57
2026-04-05T18:22:21.6140889Z,0,0,0,6.03
2026-04-05T18:22:21.6295343Z,0,0,0,5.34
2026-04-05T18:22:21.6455450Z,0,0,0,5.89
2026-04-05T18:22:21.6607384Z,0,0,0,5.10
2026-04-05T18:22:21.6765534Z,0,0,0,5.72
2026-04-05T18:22:21.7067435Z,0,0,0,5.11
2026-04-05T18:22:21.7228986Z,0,0,0,6.09
2026-04-05T18:22:21.7389335Z,0,0,0,5.94
2026-04-05T18:22:21.7545353Z,0,0,0,5.36
2026-04-05T18:22:21.7701143Z,0,0,0,5.49
2026-04-05T18:22:21.7859272Z,0,0,0,5.72
2026-04-05T18:22:21.8015120Z,0,0,0,5.49
2026-04-05T18:22:21.8319776Z,0,0,0,5.58
2026-04-05T18:22:21.8626366Z,0,0,0,5.79
2026-04-05T18:22:21.8783202Z,0,0,0,5.54
2026-04-05T18:22:21.8935525Z,0,0,0,5.09
2026-04-05T18:22:21.9090448Z,0,0,0,5.33
2026-04-05T18:22:21.9242779Z,0,0,0,5.07
2026-04-05T18:22:21.9400117Z,0,0,0,5.50
2026-04-05T18:22:21.9553998Z,0,0,0,5.25
2026-04-05T18:22:21.9712195Z,0,0,0,5.62
2026-04-05T18:22:21.9870871Z,0,0,0,5.53
2026-04-05T18:22:22.0032587Z,0,0,0,6.04
2026-04-05T18:22:22.0186968Z,0,0,0,5.30
2026-04-05T18:22:22.0339415Z,0,0,0,5.06
2026-04-05T18:22:22.0501254Z,0,0,0,6.04
2026-04-05T18:22:22.0660762Z,0,0,0,5.80
2026-04-05T18:22:22.0816753Z,0,0,0,5.38
2026-04-05T18:22:22.0975279Z,0,0,0,5.65
2026-04-05T18:22:22.1279147Z,0,0,0,5.36
2026-04-05T18:22:22.1433762Z,0,0,0,5.29
2026-04-05T18:22:22.1593312Z,0,0,0,5.78
2026-04-05T18:22:22.1747938Z,0,0,0,5.31
2026-04-05T18:22:22.1905780Z,0,0,0,5.63
2026-04-05T18:22:22.2359677Z,0,0,0,5.36
2026-04-05T18:22:22.2515194Z,0,0,0,5.36
2026-04-05T18:22:22.2667606Z,0,0,0,5.07
2026-04-05T18:22:22.2916101Z,0,0,0,14.71
2026-04-05T18:22:22.3073341Z,0,0,0,5.55
2026-04-05T18:22:22.3234290Z,0,0,0,5.95
2026-04-05T18:22:22.3387994Z,0,0,0,5.23
2026-04-05T18:22:22.3549279Z,0,0,0,5.99
2026-04-05T18:22:22.3707795Z,0,0,0,5.63
2026-04-05T18:22:22.3866321Z,0,0,0,5.68
2026-04-05T18:22:22.4017836Z,0,0,0,5.00
2026-04-05T18:22:22.4174144Z,0,0,0,5.50
2026-04-05T18:22:22.4332610Z,0,0,0,5.64
2026-04-05T18:22:22.4491670Z,0,0,0,5.73
2026-04-05T18:22:22.4646719Z,0,0,0,5.32
2026-04-05T18:22:22.4805628Z,0,0,0,5.73
2026-04-05T18:22:22.4964220Z,0,0,0,5.68
2026-04-05T18:22:22.5122069Z,0,0,0,5.64
2026-04-05T18:22:22.5278895Z,0,0,0,5.46
2026-04-05T18:22:22.5433529Z,0,0,0,5.27
2026-04-05T18:22:22.5591978Z,0,0,0,5.70
2026-04-05T18:22:22.5750347Z,0,0,0,5.67
2026-04-05T18:22:22.5907844Z,0,0,0,5.21
2026-04-05T18:22:22.6059751Z,0,0,0,5.05
2026-04-05T18:22:22.6362591Z,0,0,0,5.33
2026-04-05T18:22:22.6520972Z,0,0,0,5.70
2026-04-05T18:22:22.6674128Z,0,0,0,5.17
2026-04-05T18:22:22.6826848Z,0,0,0,5.13
2026-04-05T18:22:22.6981324Z,0,0,0,5.30
2026-04-05T18:22:22.7283794Z,0,0,0,5.15
2026-04-05T18:22:22.7439207Z,0,0,0,5.33
2026-04-05T18:22:22.7602057Z,0,0,0,6.14
2026-04-05T18:22:22.7905121Z,0,0,0,5.10
2026-04-05T18:22:22.8058591Z,0,0,0,5.16
2026-04-05T18:22:22.8211630Z,0,0,0,5.16
2026-04-05T18:22:22.8372636Z,0,0,0,5.93
2026-04-05T18:22:22.8524532Z,0,0,0,5.05
2026-04-05T18:22:22.8677007Z,0,0,0,5.07
2026-04-05T18:22:22.8835937Z,0,0,0,5.75
2026-04-05T18:22:22.8997907Z,0,0,0,6.07
2026-04-05T18:22:22.9154495Z,0,0,0,5.46
2026-04-05T18:22:22.9460713Z,0,0,0,5.49
2026-04-05T18:22:22.9614125Z,0,0,0,5.20
2026-04-05T18:22:22.9773038Z,0,0,0,5.75
2026-04-05T18:22:23.0079119Z,0,0,0,5.89
2026-04-05T18:22:23.0237120Z,0,0,0,5.68
2026-04-05T18:22:23.0395972Z,0,0,0,5.78
2026-04-05T18:22:23.0548572Z,0,0,0,5.12
2026-04-05T18:22:23.0708200Z,0,0,0,5.83
2026-04-05T18:22:23.0862346Z,0,0,0,5.29
2026-04-05T18:22:23.1020667Z,0,0,0,5.63
2026-04-05T18:22:23.1181788Z,0,0,0,5.93
2026-04-05T18:22:23.1341470Z,0,0,0,5.85
2026-04-05T18:22:23.1501150Z,0,0,0,5.82
2026-04-05T18:22:23.1653661Z,0,0,0,5.09
2026-04-05T18:22:23.1815076Z,0,0,0,5.99
2026-04-05T18:22:23.1967538Z,0,0,0,5.02
2026-04-05T18:22:23.2119132Z,0,0,0,5.01
2026-04-05T18:22:23.2274471Z,0,0,0,5.32
2026-04-05T18:22:23.2576335Z,0,0,0,5.46
2026-04-05T18:22:23.2733361Z,0,0,0,5.55
2026-04-05T18:22:23.2886794Z,0,0,0,5.20
2026-04-05T18:22:23.3046709Z,0,0,0,5.84
2026-04-05T18:22:23.3201208Z,0,0,0,5.31
2026-04-05T18:22:23.3358668Z,0,0,0,5.59
2026-04-05T18:22:23.3514410Z,0,0,0,5.44
2026-04-05T18:22:23.3669087Z,0,0,0,5.33
2026-04-05T18:22:23.3827576Z,0,0,0,5.72
2026-04-05T18:22:23.3982507Z,0,0,0,5.25
2026-04-05T18:22:23.4134886Z,0,0,0,5.02
2026-04-05T18:22:23.4428132Z,0,0,0,5.37
2026-04-05T18:22:23.4738104Z,0,0,0,5.86
2026-04-05T18:22:23.4899819Z,0,0,0,5.87
2026-04-05T18:22:23.5057697Z,0,0,0,5.66
2026-04-05T18:22:23.5210388Z,0,0,0,5.12
2026-04-05T18:22:23.5362384Z,0,0,0,5.07
2026-04-05T18:22:23.5514045Z,0,0,0,5.05
2026-04-05T18:22:23.5670032Z,0,0,0,5.49
2026-04-05T18:22:23.5824896Z,0,0,0,5.39
2026-04-05T18:22:23.5984382Z,0,0,0,5.79
2026-04-05T18:22:23.6149911Z,0,0,0,6.37
2026-04-05T18:22:23.6302743Z,0,0,0,5.12
2026-04-05T18:22:23.6454418Z,0,0,0,5.04
2026-04-05T18:22:23.6610353Z,0,0,0,5.47
2026-04-05T18:22:23.6770740Z,0,0,0,5.81
2026-04-05T18:22:23.6927815Z,0,0,0,5.62
2026-04-05T18:22:23.7229627Z,0,0,0,5.16
2026-04-05T18:22:23.7389825Z,0,0,0,5.92
2026-04-05T18:22:23.7545083Z,0,0,0,5.39
2026-04-05T18:22:23.7698529Z,0,0,0,5.20
2026-04-05T18:22:23.7854198Z,0,0,0,5.42
2026-04-05T18:22:23.8009175Z,0,0,0,5.35
2026-04-05T18:22:23.8169454Z,0,0,0,5.88
2026-04-05T18:22:23.8328000Z,0,0,0,5.71
2026-04-05T18:22:23.8484815Z,0,0,0,5.54
2026-04-05T18:22:23.8641637Z,0,0,0,5.48
2026-04-05T18:22:23.8794094Z,0,0,0,5.10
2026-04-05T18:22:23.8952124Z,0,0,0,5.60
2026-04-05T18:22:23.9107016Z,0,0,0,5.28
2026-04-05T18:22:23.9261207Z,0,0,0,5.16
2026-04-05T18:22:23.9416687Z,0,0,0,5.40
2026-04-05T18:22:23.9570233Z,0,0,0,5.21
2026-04-05T18:22:23.9725016Z,0,0,0,5.33
2026-04-05T18:22:23.9881015Z,0,0,0,5.44
2026-04-05T18:22:24.0032802Z,0,0,0,5.04
2026-04-05T18:22:24.0185031Z,0,0,0,5.08
2026-04-05T18:22:24.0344570Z,0,0,0,5.75
2026-04-05T18:22:24.0503277Z,0,0,0,5.73
2026-04-05T18:22:24.0655470Z,0,0,0,5.02
2026-04-05T18:22:24.0812450Z,0,0,0,5.41
2026-04-05T18:22:24.0966583Z,0,0,0,5.24
2026-04-05T18:22:24.1125060Z,0,0,0,5.70
2026-04-05T18:22:24.1281599Z,0,0,0,5.51
2026-04-05T18:22:24.1447570Z,0,0,0,6.40
2026-04-05T18:22:24.1755536Z,0,0,0,5.37
2026-04-05T18:22:24.1909930Z,0,0,0,5.29
2026-04-05T18:22:24.2063495Z,0,0,0,5.14
2026-04-05T18:22:24.2221536Z,0,0,0,5.66
2026-04-05T18:22:24.2384243Z,0,0,0,6.12
2026-04-05T18:22:24.2544206Z,0,0,0,5.84
2026-04-05T18:22:24.2695964Z,0,0,0,5.04
2026-04-05T18:22:24.2852699Z,0,0,0,5.45
2026-04-05T18:22:24.3005156Z,0,0,0,5.10
2026-04-05T18:22:24.3158082Z,0,0,0,5.07
2026-04-05T18:22:24.3311891Z,0,0,0,5.21
2026-04-05T18:22:24.3478308Z,0,0,0,6.46
2026-04-05T18:22:24.3630200Z,0,0,0,5.05
2026-04-05T18:22:24.3789663Z,0,0,0,5.81
2026-04-05T18:22:24.3946803Z,0,0,0,5.55
2026-04-05T18:22:24.4101664Z,0,0,0,5.38
2026-04-05T18:22:24.4260852Z,0,0,0,5.82
2026-04-05T18:22:24.4412395Z,0,0,0,5.05
2026-04-05T18:22:24.4571063Z,0,0,0,5.67
2026-04-05T18:22:24.4724661Z,0,0,0,5.25
2026-04-05T18:22:24.4886144Z,0,0,0,6.04
2026-04-05T18:22:24.5037936Z,0,0,0,5.08
2026-04-05T18:22:24.5193681Z,0,0,0,5.47
2026-04-05T18:22:24.5355251Z,0,0,0,6.04
2026-04-05T18:22:24.5511898Z,0,0,0,5.52
2026-04-05T18:22:24.5673219Z,0,0,0,6.02
2026-04-05T18:22:24.5829414Z,0,0,0,5.52
2026-04-05T18:22:24.5982867Z,0,0,0,5.25
2026-04-05T18:22:24.6285458Z,0,0,0,5.20
2026-04-05T18:22:24.6442164Z,0,0,0,5.51
2026-04-05T18:22:24.6602480Z,0,0,0,5.94
2026-04-05T18:22:24.6764414Z,0,0,0,6.10
2026-04-05T18:22:24.7073553Z,0,0,0,5.79
2026-04-05T18:22:24.7226690Z,0,0,0,5.21
2026-04-05T18:22:24.7382906Z,0,0,0,5.46
2026-04-05T18:22:24.7542000Z,0,0,0,5.81
2026-04-05T18:22:24.7703492Z,0,0,0,6.04
2026-04-05T18:22:24.7854767Z,0,0,0,5.03
2026-04-05T18:22:24.8010014Z,0,0,0,5.38
2026-04-05T18:22:24.8312996Z,0,0,0,5.26
2026-04-05T18:22:24.8471734Z,0,0,0,5.76
2026-04-05T18:22:24.8622926Z,0,0,0,5.02
2026-04-05T18:22:24.8780645Z,0,0,0,5.64
2026-04-05T18:22:24.8942192Z,0,0,0,5.95
2026-04-05T18:22:24.9102021Z,0,0,0,5.87
2026-04-05T18:22:24.9257526Z,0,0,0,5.45
2026-04-05T18:22:24.9413274Z,0,0,0,5.47
2026-04-05T18:22:24.9567859Z,0,0,0,5.33
2026-04-05T18:22:24.9725547Z,0,0,0,5.64
2026-04-05T18:22:24.9881500Z,0,0,0,5.50
2026-04-05T18:22:25.0037330Z,0,0,0,5.48
2026-04-05T18:22:25.0346745Z,0,0,0,5.86
2026-04-05T18:22:25.0501473Z,0,0,0,5.35
2026-04-05T18:22:25.0658187Z,0,0,0,5.58
2026-04-05T18:22:25.0813781Z,0,0,0,5.43
2026-04-05T18:22:25.0965484Z,0,0,0,5.05
2026-04-05T18:22:25.1121547Z,0,0,0,5.48
2026-04-05T18:22:25.1286861Z,0,0,0,6.40
2026-04-05T18:22:25.1446212Z,0,0,0,5.78
2026-04-05T18:22:25.1603589Z,0,0,0,5.64
2026-04-05T18:22:25.1755420Z,0,0,0,5.08
2026-04-05T18:22:25.1918089Z,0,0,0,6.17
2026-04-05T18:22:25.2073538Z,0,0,0,5.44
2026-04-05T18:22:25.2235724Z,0,0,0,6.11
2026-04-05T18:22:25.2395329Z,0,0,0,5.79
2026-04-05T18:22:25.2554135Z,0,0,0,5.74
2026-04-05T18:22:25.2705902Z,0,0,0,5.08
2026-04-05T18:22:25.2858633Z,0,0,0,5.15
2026-04-05T18:22:25.3020335Z,0,0,0,6.04
2026-04-05T18:22:25.3183973Z,0,0,0,6.18
2026-04-05T18:22:25.3337252Z,0,0,0,5.18
2026-04-05T18:22:25.3493370Z,0,0,0,5.48
2026-04-05T18:22:25.3804287Z,0,0,0,5.92
2026-04-05T18:22:25.3963171Z,0,0,0,5.65
2026-04-05T18:22:25.4266079Z,0,0,0,5.38
2026-04-05T18:22:25.4425206Z,0,0,0,5.58
2026-04-05T18:22:25.4577719Z,0,0,0,5.10
2026-04-05T18:22:25.4731667Z,0,0,0,5.25
2026-04-05T18:22:25.4885881Z,0,0,0,5.25
2026-04-05T18:22:25.5268825Z,0,0,0,28.11
2026-04-05T18:22:25.5577908Z,0,0,0,19.60
2026-04-05T18:22:25.5937046Z,0,0,0,13.79
2026-04-05T18:22:25.6160595Z,0,0,0,12.23
2026-04-05T18:22:25.6463583Z,0,0,0,5.25
2026-04-05T18:22:25.6625912Z,0,0,0,6.08
2026-04-05T18:22:25.6788060Z,0,0,0,6.09
2026-04-05T18:22:25.6940365Z,0,0,0,5.03
2026-04-05T18:22:25.7095566Z,0,0,0,5.38
2026-04-05T18:22:25.7250728Z,0,0,0,5.40
2026-04-05T18:22:25.7404183Z,0,0,0,5.25
2026-04-05T18:22:25.7564461Z,0,0,0,5.93
2026-04-05T18:22:25.7717982Z,0,0,0,5.26
2026-04-05T18:22:25.7880814Z,0,0,0,6.19
2026-04-05T18:22:25.8034462Z,0,0,0,5.28
2026-04-05T18:22:25.8190816Z,0,0,0,5.53
2026-04-05T18:22:25.8350223Z,0,0,0,5.85
2026-04-05T18:22:25.8504037Z,0,0,0,5.28
2026-04-05T18:22:25.8657170Z,0,0,0,5.22
2026-04-05T18:22:25.8819486Z,0,0,0,6.14
2026-04-05T18:22:25.8976795Z,0,0,0,5.64
2026-04-05T18:22:25.9134540Z,0,0,0,5.65
2026-04-05T18:22:25.9294272Z,0,0,0,5.88
2026-04-05T18:22:25.9448722Z,0,0,0,5.36
2026-04-05T18:22:25.9604476Z,0,0,0,5.48
2026-04-05T18:22:25.9766002Z,0,0,0,6.06
2026-04-05T18:22:25.9930756Z,0,0,0,6.37
2026-04-05T18:22:26.0085889Z,0,0,0,5.40
2026-04-05T18:22:26.0243908Z,0,0,0,5.71
2026-04-05T18:22:26.0547397Z,0,0,0,5.55
2026-04-05T18:22:26.0773848Z,0,0,0,12.54
2026-04-05T18:22:26.1026783Z,0,0,0,15.19
2026-04-05T18:22:26.1328459Z,0,0,0,5.29
2026-04-05T18:22:26.1631868Z,0,0,0,5.75
2026-04-05T18:22:26.1789514Z,0,0,0,5.66
2026-04-05T18:22:26.1945813Z,0,0,0,5.39
2026-04-05T18:22:26.2099402Z,0,0,0,5.26
2026-04-05T18:22:26.2257756Z,0,0,0,5.62
2026-04-05T18:22:26.2410509Z,0,0,0,5.16
2026-04-05T18:22:26.2562836Z,0,0,0,5.13
2026-04-05T18:22:26.2720040Z,0,0,0,5.62
2026-04-05T18:22:26.2881480Z,0,0,0,6.03
2026-04-05T18:22:26.3036316Z,0,0,0,5.39
2026-04-05T18:22:26.3193809Z,0,0,0,5.53
2026-04-05T18:22:26.3350585Z,0,0,0,5.53
2026-04-05T18:22:26.3503050Z,0,0,0,5.11
2026-04-05T18:22:26.3656057Z,0,0,0,5.16
2026-04-05T18:22:26.3812531Z,0,0,0,5.50
2026-04-05T18:22:26.3970892Z,0,0,0,5.68
2026-04-05T18:22:26.4270144Z,0,0,0,5.42
2026-04-05T18:22:26.4429267Z,0,0,0,5.57
2026-04-05T18:22:26.4583570Z,0,0,0,5.28
2026-04-05T18:22:26.4737363Z,0,0,0,5.23
2026-04-05T18:22:26.5046234Z,0,0,0,9.81
2026-04-05T18:22:26.5203354Z,0,0,0,5.43
2026-04-05T18:22:26.5356415Z,0,0,0,5.17
2026-04-05T18:22:26.5518252Z,0,0,0,6.05
2026-04-05T18:22:26.5819196Z,0,0,0,5.28
2026-04-05T18:22:26.5975797Z,0,0,0,5.50
2026-04-05T18:22:26.6282975Z,0,0,0,5.59
2026-04-05T18:22:26.6441678Z,0,0,0,5.71
2026-04-05T18:22:26.6749408Z,0,0,0,5.65
2026-04-05T18:22:26.6901749Z,0,0,0,5.08
2026-04-05T18:22:26.7054622Z,0,0,0,5.18
2026-04-05T18:22:26.7209132Z,0,0,0,5.35
2026-04-05T18:22:26.7371676Z,0,0,0,6.16
2026-04-05T18:22:26.7526100Z,0,0,0,5.31
2026-04-05T18:22:26.7679734Z,0,0,0,5.26
2026-04-05T18:22:26.7834710Z,0,0,0,5.32
2026-04-05T18:22:26.7995980Z,0,0,0,5.99
2026-04-05T18:22:26.8150789Z,0,0,0,5.27
2026-04-05T18:22:26.8309072Z,0,0,0,5.66
2026-04-05T18:22:26.8463463Z,0,0,0,5.30
2026-04-05T18:22:26.8620836Z,0,0,0,5.58
2026-04-05T18:22:26.8933554Z,0,0,0,5.92
2026-04-05T18:22:26.9241938Z,0,0,0,5.86
2026-04-05T18:22:26.9400975Z,0,0,0,5.76
2026-04-05T18:22:26.9553543Z,0,0,0,5.12
2026-04-05T18:22:26.9713697Z,0,0,0,5.35
2026-04-05T18:22:26.9870275Z,0,0,0,5.53
2026-04-05T18:22:27.0029055Z,0,0,0,5.74
2026-04-05T18:22:27.0185030Z,0,0,0,5.48
2026-04-05T18:22:27.0339365Z,0,0,0,5.03
2026-04-05T18:22:27.0494667Z,0,0,0,5.32
2026-04-05T18:22:27.0809502Z,0,0,0,6.29
2026-04-05T18:22:27.0960836Z,0,0,0,5.03
2026-04-05T18:22:27.1127719Z,0,0,0,6.59
2026-04-05T18:22:27.1287877Z,0,0,0,5.91
2026-04-05T18:22:27.1448492Z,0,0,0,5.92
2026-04-05T18:22:27.1601432Z,0,0,0,5.16
2026-04-05T18:22:27.1761619Z,0,0,0,5.84
2026-04-05T18:22:27.1917678Z,0,0,0,5.46
2026-04-05T18:22:27.2073528Z,0,0,0,5.37
2026-04-05T18:22:27.2226652Z,0,0,0,5.17
2026-04-05T18:22:27.2379772Z,0,0,0,5.17
2026-04-05T18:22:27.2532746Z,0,0,0,5.14
2026-04-05T18:22:27.2689523Z,0,0,0,5.55
2026-04-05T18:22:27.2841059Z,0,0,0,5.02
2026-04-05T18:22:27.2995709Z,0,0,0,5.33
2026-04-05T18:22:27.3154944Z,0,0,0,5.73
2026-04-05T18:22:27.3311665Z,0,0,0,5.53
2026-04-05T18:22:27.3617333Z,0,0,0,5.52
2026-04-05T18:22:27.3770930Z,0,0,0,5.13
2026-04-05T18:22:27.3924443Z,0,0,0,5.14
2026-04-05T18:22:27.4086021Z,0,0,0,5.63
2026-04-05T18:22:27.4239709Z,0,0,0,5.24
2026-04-05T18:22:27.4398569Z,0,0,0,5.74
2026-04-05T18:22:27.4553936Z,0,0,0,5.39
2026-04-05T18:22:27.4713224Z,0,0,0,5.80
2026-04-05T18:22:27.4866218Z,0,0,0,5.16
2026-04-05T18:22:27.5022393Z,0,0,0,5.49
2026-04-05T18:22:27.5179019Z,0,0,0,5.53
2026-04-05T18:22:27.5333875Z,0,0,0,5.31
2026-04-05T18:22:27.5494241Z,0,0,0,5.94
2026-04-05T18:22:27.5649432Z,0,0,0,5.41
2026-04-05T18:22:27.5809225Z,0,0,0,5.86
2026-04-05T18:22:27.5963896Z,0,0,0,5.35
2026-04-05T18:22:27.6270771Z,0,0,0,5.88
2026-04-05T18:22:27.6429476Z,0,0,0,5.75
2026-04-05T18:22:27.6583031Z,0,0,0,5.25
2026-04-05T18:22:27.6743867Z,0,0,0,5.98
2026-04-05T18:22:27.6895494Z,0,0,0,5.03
2026-04-05T18:22:27.7056730Z,0,0,0,6.02
2026-04-05T18:22:27.7216074Z,0,0,0,5.77
2026-04-05T18:22:27.7368579Z,0,0,0,5.14
2026-04-05T18:22:27.7522449Z,0,0,0,5.28
2026-04-05T18:22:27.7676850Z,0,0,0,5.34
2026-04-05T18:22:27.7833920Z,0,0,0,5.53
2026-04-05T18:22:27.7985847Z,0,0,0,5.08
2026-04-05T18:22:27.8145009Z,0,0,0,5.80
2026-04-05T18:22:27.8302338Z,0,0,0,5.63
2026-04-05T18:22:27.8455883Z,0,0,0,5.24
2026-04-05T18:22:27.8607021Z,0,0,0,5.01
2026-04-05T18:22:27.8766800Z,0,0,0,5.83
2026-04-05T18:22:27.8928453Z,0,0,0,6.01
2026-04-05T18:22:27.9239057Z,0,0,0,5.94
2026-04-05T18:22:27.9396781Z,0,0,0,5.66
2026-04-05T18:22:27.9551606Z,0,0,0,5.33
2026-04-05T18:22:27.9851349Z,0,0,0,5.09
2026-04-05T18:22:28.0011681Z,0,0,0,5.93
2026-04-05T18:22:28.0172630Z,0,0,0,5.99
2026-04-05T18:22:28.0326831Z,0,0,0,5.27
2026-04-05T18:22:28.0480814Z,0,0,0,5.30
2026-04-05T18:22:28.0639163Z,0,0,0,5.73
2026-04-05T18:22:28.0791857Z,0,0,0,5.16
2026-04-05T18:22:28.0956540Z,0,0,0,6.36
2026-04-05T18:22:28.1108425Z,0,0,0,5.09
2026-04-05T18:22:28.1267564Z,0,0,0,5.78
2026-04-05T18:22:28.1420088Z,0,0,0,5.12
2026-04-05T18:22:28.1572502Z,0,0,0,5.11
2026-04-05T18:22:28.1728096Z,0,0,0,5.40
2026-04-05T18:22:28.1887764Z,0,0,0,5.86
2026-04-05T18:22:28.2043617Z,0,0,0,5.47
2026-04-05T18:22:28.2209371Z,0,0,0,6.26
2026-04-05T18:22:28.2364289Z,0,0,0,5.38
2026-04-05T18:22:28.2517732Z,0,0,0,5.21
2026-04-05T18:22:28.2670813Z,0,0,0,5.16
2026-04-05T18:22:28.2827036Z,0,0,0,5.47
2026-04-05T18:22:28.2978528Z,0,0,0,5.03
2026-04-05T18:22:28.3138957Z,0,0,0,5.94
2026-04-05T18:22:28.3295207Z,0,0,0,5.52
2026-04-05T18:22:28.3448649Z,0,0,0,5.15
2026-04-05T18:22:28.3757980Z,0,0,0,5.81
2026-04-05T18:22:28.3917980Z,0,0,0,5.92
2026-04-05T18:22:28.4080206Z,0,0,0,6.09
2026-04-05T18:22:28.4242356Z,0,0,0,6.12
2026-04-05T18:22:28.4396093Z,0,0,0,5.03
2026-04-05T18:22:28.4550414Z,0,0,0,5.29
2026-04-05T18:22:28.4704429Z,0,0,0,5.23
2026-04-05T18:22:28.5018855Z,0,0,0,6.00
2026-04-05T18:22:28.5178853Z,0,0,0,5.83
2026-04-05T18:22:28.5488932Z,0,0,0,5.85
2026-04-05T18:22:28.5643760Z,0,0,0,5.34
2026-04-05T18:22:28.5799934Z,0,0,0,5.48
2026-04-05T18:22:28.6112393Z,0,0,0,6.33
2026-04-05T18:22:28.6269572Z,0,0,0,5.53
2026-04-05T18:22:28.6421783Z,0,0,0,5.08
2026-04-05T18:22:28.6577558Z,0,0,0,5.42
2026-04-05T18:22:28.6883552Z,0,0,0,5.76
2026-04-05T18:22:28.7043394Z,0,0,0,5.85
2026-04-05T18:22:28.7202511Z,0,0,0,5.74
2026-04-05T18:22:28.7360106Z,0,0,0,5.58
2026-04-05T18:22:28.7661252Z,0,0,0,5.19
2026-04-05T18:22:28.7814558Z,0,0,0,5.18
2026-04-05T18:22:28.8126195Z,0,0,0,5.85
2026-04-05T18:22:28.8283413Z,0,0,0,5.52
2026-04-05T18:22:28.8443250Z,0,0,0,5.81
2026-04-05T18:22:28.8596799Z,0,0,0,5.21
2026-04-05T18:22:28.8750230Z,0,0,0,5.18
2026-04-05T18:22:28.8907551Z,0,0,0,5.52
2026-04-05T18:22:28.9060070Z,0,0,0,5.07
2026-04-05T18:22:28.9215251Z,0,0,0,5.37
2026-04-05T18:22:28.9367655Z,0,0,0,5.10
2026-04-05T18:22:28.9526070Z,0,0,0,5.70
2026-04-05T18:22:28.9681542Z,0,0,0,5.41
2026-04-05T18:22:28.9835304Z,0,0,0,5.06
2026-04-05T18:22:28.9987072Z,0,0,0,5.00
2026-04-05T18:22:29.0147265Z,0,0,0,5.83
2026-04-05T18:22:29.0301699Z,0,0,0,5.34
2026-04-05T18:22:29.0465301Z,0,0,0,6.28
2026-04-05T18:22:29.0774555Z,0,0,0,5.75
2026-04-05T18:22:29.0931039Z,0,0,0,5.54
2026-04-05T18:22:29.1195841Z,0,0,0,16.38
2026-04-05T18:22:29.1637201Z,0,0,0,22.97
2026-04-05T18:22:29.1849455Z,0,0,0,11.13
2026-04-05T18:22:29.2058033Z,0,0,0,10.76
2026-04-05T18:22:29.2211652Z,0,0,0,5.28
2026-04-05T18:22:29.2372425Z,0,0,0,5.99
2026-04-05T18:22:29.2533710Z,0,0,0,6.04
2026-04-05T18:22:29.2689686Z,0,0,0,5.49
2026-04-05T18:22:29.2849132Z,0,0,0,5.85
2026-04-05T18:22:29.3005842Z,0,0,0,5.58
2026-04-05T18:22:29.3159368Z,0,0,0,5.26
2026-04-05T18:22:29.3315107Z,0,0,0,5.48
2026-04-05T18:22:29.3474156Z,0,0,0,5.82
2026-04-05T18:22:29.3628945Z,0,0,0,5.35
2026-04-05T18:22:29.3943875Z,0,0,0,6.16
2026-04-05T18:22:29.4097304Z,0,0,0,5.20
2026-04-05T18:22:29.4260777Z,0,0,0,6.17
2026-04-05T18:22:29.4417379Z,0,0,0,5.48
2026-04-05T18:22:29.4578201Z,0,0,0,5.89
2026-04-05T18:22:29.4733279Z,0,0,0,5.41
2026-04-05T18:22:29.4895089Z,0,0,0,6.09
2026-04-05T18:22:29.5051332Z,0,0,0,5.53
2026-04-05T18:22:29.5207850Z,0,0,0,5.54
2026-04-05T18:22:29.5367309Z,0,0,0,5.85
2026-04-05T18:22:29.5520382Z,0,0,0,5.20
2026-04-05T18:22:29.5672159Z,0,0,0,5.05
2026-04-05T18:22:29.5832129Z,0,0,0,5.90
2026-04-05T18:22:29.5990386Z,0,0,0,5.73
2026-04-05T18:22:29.6148447Z,0,0,0,5.70
2026-04-05T18:22:29.6309854Z,0,0,0,5.95
2026-04-05T18:22:29.6469270Z,0,0,0,5.80
2026-04-05T18:22:29.6626703Z,0,0,0,5.64
2026-04-05T18:22:29.6779459Z,0,0,0,5.19
2026-04-05T18:22:29.6939005Z,0,0,0,5.82
2026-04-05T18:22:29.7095923Z,0,0,0,5.37
2026-04-05T18:22:29.7255775Z,0,0,0,5.86
2026-04-05T18:22:29.7410289Z,0,0,0,5.32
2026-04-05T18:22:29.7568148Z,0,0,0,5.69
2026-04-05T18:22:29.7725205Z,0,0,0,5.51
2026-04-05T18:22:29.7877278Z,0,0,0,5.13
2026-04-05T18:22:29.8028996Z,0,0,0,5.08
2026-04-05T18:22:29.8190442Z,0,0,0,6.06
2026-04-05T18:22:29.8345227Z,0,0,0,5.39
2026-04-05T18:22:29.8501671Z,0,0,0,5.51
2026-04-05T18:22:29.8662285Z,0,0,0,5.92
2026-04-05T18:22:29.8817457Z,0,0,0,5.30
2026-04-05T18:22:29.8977522Z,0,0,0,5.86
2026-04-05T18:22:29.9133959Z,0,0,0,5.50
2026-04-05T18:22:29.9286636Z,0,0,0,5.12
2026-04-05T18:22:29.9440224Z,0,0,0,5.20
2026-04-05T18:22:29.9595606Z,0,0,0,5.36
2026-04-05T18:22:29.9755051Z,0,0,0,5.78
2026-04-05T18:22:29.9916821Z,0,0,0,6.02
2026-04-05T18:22:30.0071624Z,0,0,0,5.34
2026-04-05T18:22:30.0231390Z,0,0,0,5.78
2026-04-05T18:22:30.0392108Z,0,0,0,5.90
2026-04-05T18:22:30.0546726Z,0,0,0,5.32
2026-04-05T18:22:30.0702472Z,0,0,0,5.40
2026-04-05T18:22:30.0855954Z,0,0,0,5.15
2026-04-05T18:22:30.1010827Z,0,0,0,5.35
2026-04-05T18:22:30.1317936Z,0,0,0,5.52
2026-04-05T18:22:30.1475324Z,0,0,0,5.59
2026-04-05T18:22:30.1629869Z,0,0,0,5.28
2026-04-05T18:22:30.1792306Z,0,0,0,6.03
2026-04-05T18:22:30.1946911Z,0,0,0,5.29
2026-04-05T18:22:30.2250699Z,0,0,0,5.41
2026-04-05T18:22:30.2406124Z,0,0,0,5.38
2026-04-05T18:22:30.2717839Z,0,0,0,6.04
2026-04-05T18:22:30.3019298Z,0,0,0,5.38
2026-04-05T18:22:30.3174542Z,0,0,0,5.37
2026-04-05T18:22:30.3329624Z,0,0,0,5.33
2026-04-05T18:22:30.3488892Z,0,0,0,5.81
2026-04-05T18:22:30.3646298Z,0,0,0,5.60
2026-04-05T18:22:30.3804266Z,0,0,0,5.62
2026-04-05T18:22:30.3961845Z,0,0,0,5.60
2026-04-05T18:22:30.4269644Z,0,0,0,5.73
2026-04-05T18:22:30.4424786Z,0,0,0,5.24
2026-04-05T18:22:30.4582288Z,0,0,0,5.57
2026-04-05T18:22:30.4739606Z,0,0,0,5.39
2026-04-05T18:22:30.4900334Z,0,0,0,5.93
2026-04-05T18:22:30.5056104Z,0,0,0,5.11
2026-04-05T18:22:30.5209991Z,0,0,0,5.22
2026-04-05T18:22:30.5367141Z,0,0,0,5.56
2026-04-05T18:22:30.5523427Z,0,0,0,5.42
2026-04-05T18:22:30.5679416Z,0,0,0,5.28
2026-04-05T18:22:30.5832517Z,0,0,0,5.15
2026-04-05T18:22:30.5984677Z,0,0,0,5.06
2026-04-05T18:22:30.6136263Z,0,0,0,5.01
2026-04-05T18:22:30.6292887Z,0,0,0,5.51
2026-04-05T18:22:30.6451084Z,0,0,0,5.62
2026-04-05T18:22:30.6609781Z,0,0,0,5.72
2026-04-05T18:22:30.6769689Z,0,0,0,5.74
2026-04-05T18:22:30.6928334Z,0,0,0,5.73
2026-04-05T18:22:30.7084927Z,0,0,0,5.52
2026-04-05T18:22:30.7242244Z,0,0,0,5.50
2026-04-05T18:22:30.7403543Z,0,0,0,5.93
2026-04-05T18:22:30.7559012Z,0,0,0,5.33
2026-04-05T18:22:30.7714210Z,0,0,0,5.29
2026-04-05T18:22:30.7870125Z,0,0,0,5.46
2026-04-05T18:22:30.8029890Z,0,0,0,5.82
2026-04-05T18:22:30.8187225Z,0,0,0,5.54
2026-04-05T18:22:30.8342233Z,0,0,0,5.33
2026-04-05T18:22:30.8501020Z,0,0,0,5.64
2026-04-05T18:22:30.8661079Z,0,0,0,5.90
2026-04-05T18:22:30.8822502Z,0,0,0,6.01
2026-04-05T18:22:30.8976619Z,0,0,0,5.26
2026-04-05T18:22:30.9136681Z,0,0,0,5.91
2026-04-05T18:22:30.9293398Z,0,0,0,5.49
2026-04-05T18:22:30.9597620Z,0,0,0,5.35
2026-04-05T18:22:30.9758779Z,0,0,0,5.90
2026-04-05T18:22:31.0067628Z,0,0,0,5.23
2026-04-05T18:22:31.0223316Z,0,0,0,5.42
2026-04-05T18:22:31.0380472Z,0,0,0,5.46
2026-04-05T18:22:31.0536080Z,0,0,0,5.42
2026-04-05T18:22:31.0691955Z,0,0,0,5.23
2026-04-05T18:22:31.0846407Z,0,0,0,5.12
2026-04-05T18:22:31.1005119Z,0,0,0,5.69
2026-04-05T18:22:31.1165223Z,0,0,0,5.87
2026-04-05T18:22:31.1324577Z,0,0,0,5.81
2026-04-05T18:22:31.1477645Z,0,0,0,5.16
2026-04-05T18:22:31.1631317Z,0,0,0,5.22
2026-04-05T18:22:31.1782938Z,0,0,0,5.01
2026-04-05T18:22:31.1945079Z,0,0,0,5.94
2026-04-05T18:22:31.2106808Z,0,0,0,5.99
2026-04-05T18:22:31.2268734Z,0,0,0,6.01
2026-04-05T18:22:31.2423264Z,0,0,0,5.25
2026-04-05T18:22:31.2578088Z,0,0,0,5.30
2026-04-05T18:22:31.2735838Z,0,0,0,5.57
2026-04-05T18:22:31.2899304Z,0,0,0,6.20
2026-04-05T18:22:31.3209153Z,0,0,0,6.03
2026-04-05T18:22:31.3511316Z,0,0,0,5.20
2026-04-05T18:22:31.3672781Z,0,0,0,5.99
2026-04-05T18:22:31.3833581Z,0,0,0,5.96
2026-04-05T18:22:31.3988830Z,0,0,0,5.39
2026-04-05T18:22:31.4146053Z,0,0,0,5.62
2026-04-05T18:22:31.4307198Z,0,0,0,6.01
2026-04-05T18:22:31.4461105Z,0,0,0,5.29
2026-04-05T18:22:31.4617868Z,0,0,0,5.51
2026-04-05T18:22:31.4777916Z,0,0,0,5.94
2026-04-05T18:22:31.4931082Z,0,0,0,5.17
2026-04-05T18:22:31.5083955Z,0,0,0,5.22
2026-04-05T18:22:31.5241090Z,0,0,0,5.63
2026-04-05T18:22:31.5401165Z,0,0,0,5.93
2026-04-05T18:22:31.5564840Z,0,0,0,6.28
2026-04-05T18:22:31.5723075Z,0,0,0,5.64
2026-04-05T18:22:31.6024093Z,0,0,0,5.47
2026-04-05T18:22:31.6184528Z,0,0,0,5.92
2026-04-05T18:22:31.6338806Z,0,0,0,5.33
2026-04-05T18:22:31.6495798Z,0,0,0,5.55
2026-04-05T18:22:31.6656405Z,0,0,0,5.91
2026-04-05T18:22:31.6956856Z,0,0,0,5.57
2026-04-05T18:22:31.7116633Z,0,0,0,5.77
2026-04-05T18:22:31.7273842Z,0,0,0,5.62
2026-04-05T18:22:31.7435866Z,0,0,0,6.07
2026-04-05T18:22:31.7596931Z,0,0,0,5.96
2026-04-05T18:22:31.7753546Z,0,0,0,5.42
2026-04-05T18:22:31.7910891Z,0,0,0,5.59
2026-04-05T18:22:31.8068827Z,0,0,0,5.65
2026-04-05T18:22:31.8260496Z,0,0,0,8.94
2026-04-05T18:22:31.8538004Z,0,0,0,5.50
2026-04-05T18:22:31.8694873Z,0,0,0,5.59
2026-04-05T18:22:31.8856202Z,0,0,0,6.03
2026-04-05T18:22:31.9011043Z,0,0,0,5.35
2026-04-05T18:22:31.9165059Z,0,0,0,5.31
2026-04-05T18:22:31.9317479Z,0,0,0,5.16
2026-04-05T18:22:31.9476571Z,0,0,0,5.83
2026-04-05T18:22:31.9637642Z,0,0,0,6.01
2026-04-05T18:22:31.9940234Z,0,0,0,5.36
2026-04-05T18:22:32.0095036Z,0,0,0,5.37
2026-04-05T18:22:32.0254325Z,0,0,0,5.70
2026-04-05T18:22:32.0408314Z,0,0,0,5.28
2026-04-05T18:22:32.0562757Z,0,0,0,5.35
2026-04-05T18:22:32.0719394Z,0,0,0,5.52
2026-04-05T18:22:32.0880205Z,0,0,0,5.98
2026-04-05T18:22:32.1034104Z,0,0,0,5.29
2026-04-05T18:22:32.1195682Z,0,0,0,6.05
2026-04-05T18:22:32.1350381Z,0,0,0,5.37
2026-04-05T18:22:32.1510481Z,0,0,0,5.91
2026-04-05T18:22:32.1670335Z,0,0,0,5.89
2026-04-05T18:22:32.1826749Z,0,0,0,5.54
2026-04-05T18:22:32.1989179Z,0,0,0,6.14
2026-04-05T18:22:32.2294622Z,0,0,0,5.98
2026-04-05T18:22:32.2451010Z,0,0,0,5.41
2026-04-05T18:22:32.2759659Z,0,0,0,5.70
2026-04-05T18:22:32.3062181Z,0,0,0,5.24
2026-04-05T18:22:32.3215339Z,0,0,0,5.09
2026-04-05T18:22:32.3369836Z,0,0,0,5.26
2026-04-05T18:22:32.3679556Z,0,0,0,5.85
2026-04-05T18:22:32.3831581Z,0,0,0,5.07
2026-04-05T18:22:32.3984666Z,0,0,0,5.23
2026-04-05T18:22:32.4145725Z,0,0,0,6.03
2026-04-05T18:22:32.4307539Z,0,0,0,6.10
2026-04-05T18:22:32.4462165Z,0,0,0,5.30
2026-04-05T18:22:32.4616512Z,0,0,0,5.36
2026-04-05T18:22:32.4773055Z,0,0,0,5.57
2026-04-05T18:22:32.4927362Z,0,0,0,5.34
2026-04-05T18:22:32.5080835Z,0,0,0,5.19
2026-04-05T18:22:32.5240582Z,0,0,0,5.77
2026-04-05T18:22:32.5396215Z,0,0,0,5.43
2026-04-05T18:22:32.5553621Z,0,0,0,5.60
2026-04-05T18:22:32.5706280Z,0,0,0,5.10
2026-04-05T18:22:32.5859886Z,0,0,0,5.19
2026-04-05T18:22:32.6168109Z,0,0,0,5.67
2026-04-05T18:22:32.6328087Z,0,0,0,5.82
2026-04-05T18:22:32.6481511Z,0,0,0,5.17
2026-04-05T18:22:32.6633960Z,0,0,0,5.11
2026-04-05T18:22:32.6794066Z,0,0,0,5.87
2026-04-05T18:22:32.6953960Z,0,0,0,5.86
2026-04-05T18:22:32.7113716Z,0,0,0,5.77
2026-04-05T18:22:32.7415801Z,0,0,0,5.28
2026-04-05T18:22:32.7567446Z,0,0,0,5.04
2026-04-05T18:22:32.7727098Z,0,0,0,5.82
2026-04-05T18:22:32.8011045Z,0,0,0,5.12
2026-04-05T18:22:32.8165823Z,0,0,0,5.34
2026-04-05T18:22:32.8324739Z,0,0,0,5.74
2026-04-05T18:22:32.8476559Z,0,0,0,5.05
2026-04-05T18:22:32.8632062Z,0,0,0,5.41
2026-04-05T18:22:32.8791305Z,0,0,0,5.78
2026-04-05T18:22:32.8948041Z,0,0,0,5.52
2026-04-05T18:22:32.9109336Z,0,0,0,5.96
2026-04-05T18:22:32.9271918Z,0,0,0,6.12
2026-04-05T18:22:32.9431694Z,0,0,0,5.75
2026-04-05T18:22:32.9740538Z,0,0,0,5.80
2026-04-05T18:22:32.9896136Z,0,0,0,5.42
2026-04-05T18:22:33.0478026Z,0,0,0,33.20
2026-04-05T18:22:33.0780910Z,0,0,0,20.19
2026-04-05T18:22:33.1208121Z,0,0,0,7.61
2026-04-05T18:22:33.1496752Z,0,0,0,5.43
2026-04-05T18:22:33.1650707Z,0,0,0,5.30
2026-04-05T18:22:33.1805797Z,0,0,0,5.42
2026-04-05T18:22:33.1957196Z,0,0,0,5.05
2026-04-05T18:22:33.2110420Z,0,0,0,5.17
2026-04-05T18:22:33.2265429Z,0,0,0,5.41
2026-04-05T18:22:33.2419322Z,0,0,0,5.30
2026-04-05T18:22:33.2573439Z,0,0,0,5.10
2026-04-05T18:22:33.2730028Z,0,0,0,5.54
2026-04-05T18:22:33.2882275Z,0,0,0,5.13
2026-04-05T18:22:33.3043230Z,0,0,0,5.96
2026-04-05T18:22:33.3200579Z,0,0,0,5.64
2026-04-05T18:22:33.3506154Z,0,0,0,5.45
2026-04-05T18:22:33.3665135Z,0,0,0,5.81
2026-04-05T18:22:33.3818831Z,0,0,0,5.29
2026-04-05T18:22:33.4123800Z,0,0,0,5.42
2026-04-05T18:22:33.4285137Z,0,0,0,6.04
2026-04-05T18:22:33.4445460Z,0,0,0,5.96
2026-04-05T18:22:33.4599072Z,0,0,0,5.21
2026-04-05T18:22:33.4750049Z,0,0,0,5.00
2026-04-05T18:22:33.4910834Z,0,0,0,5.99
2026-04-05T18:22:33.5063726Z,0,0,0,5.11
2026-04-05T18:22:33.5218321Z,0,0,0,5.37
2026-04-05T18:22:33.5375080Z,0,0,0,5.60
2026-04-05T18:22:33.5530272Z,0,0,0,5.40
2026-04-05T18:22:33.5683462Z,0,0,0,5.19
2026-04-05T18:22:33.5844079Z,0,0,0,5.97
2026-04-05T18:22:33.5995170Z,0,0,0,5.01
2026-04-05T18:22:33.6152295Z,0,0,0,5.63
2026-04-05T18:22:33.6307001Z,0,0,0,5.33
2026-04-05T18:22:33.6460509Z,0,0,0,5.23
2026-04-05T18:22:33.6614323Z,0,0,0,5.30
2026-04-05T18:22:33.6923724Z,0,0,0,5.88
2026-04-05T18:22:33.7082813Z,0,0,0,5.78
2026-04-05T18:22:33.7402161Z,0,0,0,6.23
2026-04-05T18:22:33.7560372Z,0,0,0,5.70
2026-04-05T18:22:33.7714785Z,0,0,0,5.33
2026-04-05T18:22:33.7870354Z,0,0,0,5.46
2026-04-05T18:22:33.8024133Z,0,0,0,5.29
2026-04-05T18:22:33.8175534Z,0,0,0,5.03
2026-04-05T18:22:33.8332155Z,0,0,0,5.57
2026-04-05T18:22:33.8486460Z,0,0,0,5.34
2026-04-05T18:22:33.8646360Z,0,0,0,5.86
2026-04-05T18:22:33.8801364Z,0,0,0,5.36
2026-04-05T18:22:33.8958113Z,0,0,0,5.54
2026-04-05T18:22:33.9113316Z,0,0,0,5.39
2026-04-05T18:22:33.9272806Z,0,0,0,5.81
2026-04-05T18:22:33.9432954Z,0,0,0,5.87
2026-04-05T18:22:33.9591246Z,0,0,0,5.67
2026-04-05T18:22:33.9746382Z,0,0,0,5.28
2026-04-05T18:22:33.9907240Z,0,0,0,5.95
2026-04-05T18:22:34.0061666Z,0,0,0,5.19
2026-04-05T18:22:34.0220281Z,0,0,0,5.64
2026-04-05T18:22:34.0374126Z,0,0,0,5.11
2026-04-05T18:22:34.0528542Z,0,0,0,5.28
2026-04-05T18:22:34.0684686Z,0,0,0,5.42
2026-04-05T18:22:34.0998768Z,0,0,0,6.07
2026-04-05T18:22:34.1152969Z,0,0,0,5.25
2026-04-05T18:22:34.1305234Z,0,0,0,5.07
2026-04-05T18:22:34.1460081Z,0,0,0,5.35
2026-04-05T18:22:34.1614894Z,0,0,0,5.34
2026-04-05T18:22:34.1774123Z,0,0,0,5.73
2026-04-05T18:22:34.1929452Z,0,0,0,5.39
2026-04-05T18:22:34.2082945Z,0,0,0,5.17
2026-04-05T18:22:34.2238493Z,0,0,0,5.37
2026-04-05T18:22:34.2397206Z,0,0,0,5.66
2026-04-05T18:22:34.2556109Z,0,0,0,5.74
2026-04-05T18:22:34.2708885Z,0,0,0,5.00
2026-04-05T18:22:34.2862826Z,0,0,0,5.26
2026-04-05T18:22:34.3018145Z,0,0,0,5.35
2026-04-05T18:22:34.3175766Z,0,0,0,5.61
2026-04-05T18:22:34.3329821Z,0,0,0,5.18
2026-04-05T18:22:34.3483465Z,0,0,0,5.22
2026-04-05T18:22:34.3642384Z,0,0,0,5.75
2026-04-05T18:22:34.3805736Z,0,0,0,6.08
2026-04-05T18:22:34.4111065Z,0,0,0,5.66
2026-04-05T18:22:34.4265704Z,0,0,0,5.26
2026-04-05T18:22:34.4421663Z,0,0,0,5.46
2026-04-05T18:22:34.4581829Z,0,0,0,5.78
2026-04-05T18:22:34.4736783Z,0,0,0,5.34
2026-04-05T18:22:34.5051813Z,0,0,0,6.12
2026-04-05T18:22:34.5358472Z,0,0,0,5.44
2026-04-05T18:22:34.5512318Z,0,0,0,5.19
2026-04-05T18:22:34.5672781Z,0,0,0,5.86
2026-04-05T18:22:34.5833919Z,0,0,0,5.97
2026-04-05T18:22:34.5985445Z,0,0,0,5.01
2026-04-05T18:22:34.6139254Z,0,0,0,5.17
2026-04-05T18:22:34.6296862Z,0,0,0,5.64
2026-04-05T18:22:34.6456899Z,0,0,0,5.81
2026-04-05T18:22:34.6615269Z,0,0,0,5.67
2026-04-05T18:22:34.6921926Z,0,0,0,5.63
2026-04-05T18:22:34.7081347Z,0,0,0,5.70
2026-04-05T18:22:34.7235141Z,0,0,0,5.21
2026-04-05T18:22:34.7541085Z,0,0,0,5.38
2026-04-05T18:22:34.7697112Z,0,0,0,5.45
2026-04-05T18:22:34.7851966Z,0,0,0,5.34
2026-04-05T18:22:34.8008941Z,0,0,0,5.53
2026-04-05T18:22:34.8163008Z,0,0,0,5.23
2026-04-05T18:22:34.8318571Z,0,0,0,5.42
2026-04-05T18:22:34.8471492Z,0,0,0,5.04
2026-04-05T18:22:34.8629195Z,0,0,0,5.62
2026-04-05T18:22:34.8790231Z,0,0,0,5.95
2026-04-05T18:22:34.8951690Z,0,0,0,5.94
2026-04-05T18:22:34.9109941Z,0,0,0,5.58
2026-04-05T18:22:34.9420841Z,0,0,0,5.95
2026-04-05T18:22:34.9580904Z,0,0,0,5.80
2026-04-05T18:22:34.9736084Z,0,0,0,5.36
2026-04-05T18:22:35.0043503Z,0,0,0,5.37
2026-04-05T18:22:35.0200010Z,0,0,0,5.52
2026-04-05T18:22:35.0360126Z,0,0,0,5.87
2026-04-05T18:22:35.0665128Z,0,0,0,5.32
2026-04-05T18:22:35.0982547Z,0,0,0,5.62
2026-04-05T18:22:35.1137139Z,0,0,0,5.27
2026-04-05T18:22:35.1291519Z,0,0,0,5.30
2026-04-05T18:22:35.1443197Z,0,0,0,5.02
2026-04-05T18:22:35.1600345Z,0,0,0,5.51
2026-04-05T18:22:35.1760648Z,0,0,0,5.89
2026-04-05T18:22:35.2070507Z,0,0,0,5.98
2026-04-05T18:22:35.2382464Z,0,0,0,5.87
2026-04-05T18:22:35.2538138Z,0,0,0,5.42
2026-04-05T18:22:35.2947776Z,0,0,0,30.83
2026-04-05T18:22:35.3309276Z,0,0,0,13.78
2026-04-05T18:22:35.3526110Z,0,0,0,11.58
2026-04-05T18:22:35.3688192Z,0,0,0,6.12
2026-04-05T18:22:35.3849683Z,0,0,0,6.06
2026-04-05T18:22:35.4010151Z,0,0,0,5.95
2026-04-05T18:22:35.4169328Z,0,0,0,5.83
2026-04-05T18:22:35.4322431Z,0,0,0,5.19
2026-04-05T18:22:35.4476932Z,0,0,0,5.36
2026-04-05T18:22:35.4636660Z,0,0,0,5.86
2026-04-05T18:22:35.4792425Z,0,0,0,5.49
2026-04-05T18:22:35.5095619Z,0,0,0,5.21
2026-04-05T18:22:35.5247991Z,0,0,0,5.09
2026-04-05T18:22:35.5402797Z,0,0,0,5.35
2026-04-05T18:22:35.5564559Z,0,0,0,5.97
2026-04-05T18:22:35.5720506Z,0,0,0,5.46
2026-04-05T18:22:35.5885925Z,0,0,0,6.40
2026-04-05T18:22:35.6195130Z,0,0,0,6.02
2026-04-05T18:22:35.6349261Z,0,0,0,5.26
2026-04-05T18:22:35.6509355Z,0,0,0,5.83
2026-04-05T18:22:35.6818180Z,0,0,0,5.74
2026-04-05T18:22:35.6973860Z,0,0,0,5.42
2026-04-05T18:22:35.7126323Z,0,0,0,5.07
2026-04-05T18:22:35.7287643Z,0,0,0,5.99
2026-04-05T18:22:35.7440180Z,0,0,0,5.06
2026-04-05T18:22:35.7598169Z,0,0,0,5.56
2026-04-05T18:22:35.8054417Z,0,0,0,5.58
2026-04-05T18:22:35.8220144Z,0,0,0,6.23
2026-04-05T18:22:35.8379282Z,0,0,0,5.74
2026-04-05T18:22:35.8533656Z,0,0,0,5.28
2026-04-05T18:22:35.8687159Z,0,0,0,5.13
2026-04-05T18:22:35.8843768Z,0,0,0,5.51
2026-04-05T18:22:35.8998963Z,0,0,0,5.41
2026-04-05T18:22:35.9159513Z,0,0,0,5.95
2026-04-05T18:22:35.9318322Z,0,0,0,5.77
2026-04-05T18:22:35.9471871Z,0,0,0,5.25
2026-04-05T18:22:35.9632053Z,0,0,0,5.91
2026-04-05T18:22:35.9793477Z,0,0,0,6.04
2026-04-05T18:22:35.9952514Z,0,0,0,5.73
2026-04-05T18:22:36.0112220Z,0,0,0,5.76
2026-04-05T18:22:36.0268000Z,0,0,0,5.40
2026-04-05T18:22:36.0426931Z,0,0,0,5.63
2026-04-05T18:22:36.0584736Z,0,0,0,5.65
2026-04-05T18:22:36.0746013Z,0,0,0,6.02
2026-04-05T18:22:36.1054412Z,0,0,0,5.69
2026-04-05T18:22:36.1206668Z,0,0,0,5.08
2026-04-05T18:22:36.1361231Z,0,0,0,5.32
2026-04-05T18:22:36.1514574Z,0,0,0,5.21
2026-04-05T18:22:36.1675631Z,0,0,0,6.00
2026-04-05T18:22:36.1981148Z,0,0,0,5.50
2026-04-05T18:22:36.2140188Z,0,0,0,5.45
2026-04-05T18:22:36.2440863Z,0,0,0,5.05
2026-04-05T18:22:36.2755976Z,0,0,0,6.39
2026-04-05T18:22:36.2911735Z,0,0,0,5.38
2026-04-05T18:22:36.3074472Z,0,0,0,6.13
2026-04-05T18:22:36.3230949Z,0,0,0,5.52
2026-04-05T18:22:36.3384692Z,0,0,0,5.15
2026-04-05T18:22:36.3686497Z,0,0,0,5.29
2026-04-05T18:22:36.3838271Z,0,0,0,5.04
2026-04-05T18:22:36.3998668Z,0,0,0,5.89
2026-04-05T18:22:36.4305122Z,0,0,0,5.55
2026-04-05T18:22:36.4608181Z,0,0,0,5.39
2026-04-05T18:22:36.4767110Z,0,0,0,5.70
2026-04-05T18:22:36.5072498Z,0,0,0,5.46
2026-04-05T18:22:36.5228859Z,0,0,0,5.49
2026-04-05T18:22:36.5387132Z,0,0,0,5.69
2026-04-05T18:22:36.5549313Z,0,0,0,6.01
2026-04-05T18:22:36.5702479Z,0,0,0,5.14
2026-04-05T18:22:36.5854736Z,0,0,0,5.01
2026-04-05T18:22:36.6008752Z,0,0,0,5.27
2026-04-05T18:22:36.6164584Z,0,0,0,5.44
2026-04-05T18:22:36.6319121Z,0,0,0,5.00
2026-04-05T18:22:36.6621640Z,0,0,0,5.18
2026-04-05T18:22:36.6776438Z,0,0,0,5.30
2026-04-05T18:22:36.6936964Z,0,0,0,5.86
2026-04-05T18:22:36.7100824Z,0,0,0,6.17
2026-04-05T18:22:36.7253323Z,0,0,0,5.09
2026-04-05T18:22:36.7414289Z,0,0,0,6.02
2026-04-05T18:22:36.7573142Z,0,0,0,5.72
2026-04-05T18:22:36.7878262Z,0,0,0,6.08
2026-04-05T18:22:36.8035067Z,0,0,0,5.56
2026-04-05T18:22:36.8191024Z,0,0,0,5.50
2026-04-05T18:22:36.8343337Z,0,0,0,5.11
2026-04-05T18:22:36.8496525Z,0,0,0,5.22
2026-04-05T18:22:36.8654715Z,0,0,0,5.73
2026-04-05T18:22:36.8806321Z,0,0,0,5.06
2026-04-05T18:22:36.8968564Z,0,0,0,6.13
2026-04-05T18:22:36.9124495Z,0,0,0,5.50
2026-04-05T18:22:36.9280011Z,0,0,0,5.45
2026-04-05T18:22:36.9436076Z,0,0,0,5.52
2026-04-05T18:22:36.9590542Z,0,0,0,5.35
2026-04-05T18:22:36.9749647Z,0,0,0,5.81
2026-04-05T18:22:36.9907743Z,0,0,0,5.69
2026-04-05T18:22:37.0067743Z,0,0,0,5.89
2026-04-05T18:22:37.0223848Z,0,0,0,5.52
2026-04-05T18:22:37.0381651Z,0,0,0,5.63
2026-04-05T18:22:37.0539409Z,0,0,0,5.70
2026-04-05T18:22:37.0693389Z,0,0,0,5.28
2026-04-05T18:22:37.0855697Z,0,0,0,6.14
2026-04-05T18:22:37.1010371Z,0,0,0,5.28
2026-04-05T18:22:37.1170710Z,0,0,0,5.91
2026-04-05T18:22:37.1330873Z,0,0,0,5.90
2026-04-05T18:22:37.1490420Z,0,0,0,5.86
2026-04-05T18:22:37.1644146Z,0,0,0,5.28
2026-04-05T18:22:37.1798788Z,0,0,0,5.33
2026-04-05T18:22:37.1951500Z,0,0,0,5.15
2026-04-05T18:22:37.2109234Z,0,0,0,5.68
2026-04-05T18:22:37.2263913Z,0,0,0,5.38
2026-04-05T18:22:37.2423485Z,0,0,0,5.84
2026-04-05T18:22:37.2579711Z,0,0,0,5.52
2026-04-05T18:22:37.2736481Z,0,0,0,5.57
2026-04-05T18:22:37.2891992Z,0,0,0,5.46
2026-04-05T18:22:37.3201358Z,0,0,0,5.90
2026-04-05T18:22:37.3360196Z,0,0,0,5.77
2026-04-05T18:22:37.3517891Z,0,0,0,5.67
2026-04-05T18:22:37.3679064Z,0,0,0,6.03
2026-04-05T18:22:37.3831288Z,0,0,0,5.13
2026-04-05T18:22:37.3990546Z,0,0,0,5.84
2026-04-05T18:22:37.4151569Z,0,0,0,6.00
2026-04-05T18:22:37.4435631Z,0,0,0,5.55
2026-04-05T18:22:37.4589438Z,0,0,0,5.21
2026-04-05T18:22:37.4745083Z,0,0,0,5.34
2026-04-05T18:22:37.5051636Z,0,0,0,5.90
2026-04-05T18:22:37.5204805Z,0,0,0,5.17
2026-04-05T18:22:37.5359775Z,0,0,0,5.31
2026-04-05T18:22:37.5516910Z,0,0,0,5.54
2026-04-05T18:22:37.5674606Z,0,0,0,5.59
2026-04-05T18:22:37.5830848Z,0,0,0,5.48
2026-04-05T18:22:37.6141216Z,0,0,0,6.02
2026-04-05T18:22:37.6301061Z,0,0,0,5.88
2026-04-05T18:22:37.6607092Z,0,0,0,5.67
2026-04-05T18:22:37.6760694Z,0,0,0,5.22
2026-04-05T18:22:37.6919750Z,0,0,0,5.72
2026-04-05T18:22:37.7073720Z,0,0,0,5.08
2026-04-05T18:22:37.7382130Z,0,0,0,5.72
2026-04-05T18:22:37.7539091Z,0,0,0,5.56
2026-04-05T18:22:37.7695585Z,0,0,0,5.39
2026-04-05T18:22:37.7855155Z,0,0,0,5.83
2026-04-05T18:22:37.8010222Z,0,0,0,5.31
2026-04-05T18:22:37.8309677Z,0,0,0,5.19
2026-04-05T18:22:37.8469874Z,0,0,0,5.83
2026-04-05T18:22:37.8621760Z,0,0,0,5.02
2026-04-05T18:22:37.8779497Z,0,0,0,5.64
2026-04-05T18:22:37.8932781Z,0,0,0,5.19
2026-04-05T18:22:37.9089809Z,0,0,0,5.52
2026-04-05T18:22:37.9242852Z,0,0,0,5.11
2026-04-05T18:22:37.9394296Z,0,0,0,5.00
2026-04-05T18:22:37.9556277Z,0,0,0,6.05
2026-04-05T18:22:37.9711344Z,0,0,0,5.37
2026-04-05T18:22:37.9872577Z,0,0,0,5.96
2026-04-05T18:22:38.0184878Z,0,0,0,6.16
2026-04-05T18:22:38.0343672Z,0,0,0,5.71
2026-04-05T18:22:38.0500461Z,0,0,0,5.44
2026-04-05T18:22:38.0807409Z,0,0,0,5.92
2026-04-05T18:22:38.1117180Z,0,0,0,6.04
2026-04-05T18:22:38.1272866Z,0,0,0,5.42
2026-04-05T18:22:38.1424943Z,0,0,0,5.04
2026-04-05T18:22:38.1589087Z,0,0,0,6.21
2026-04-05T18:22:38.1744282Z,0,0,0,5.33
2026-04-05T18:22:38.1897088Z,0,0,0,5.14
2026-04-05T18:22:38.2055441Z,0,0,0,5.59
2026-04-05T18:22:38.2210501Z,0,0,0,5.37
2026-04-05T18:22:38.2364180Z,0,0,0,5.08
2026-04-05T18:22:38.2521563Z,0,0,0,5.59
2026-04-05T18:22:38.2678055Z,0,0,0,5.51
2026-04-05T18:22:38.2834586Z,0,0,0,5.46
2026-04-05T18:22:38.2994301Z,0,0,0,5.83
2026-04-05T18:22:38.3302611Z,0,0,0,5.72
2026-04-05T18:22:38.3461938Z,0,0,0,5.72
2026-04-05T18:22:38.3769427Z,0,0,0,5.54
2026-04-05T18:22:38.3924129Z,0,0,0,5.35
2026-04-05T18:22:38.4076776Z,0,0,0,5.13
2026-04-05T18:22:38.4229563Z,0,0,0,5.18
2026-04-05T18:22:38.4390042Z,0,0,0,5.92
2026-04-05T18:22:38.4545319Z,0,0,0,5.38
2026-04-05T18:22:38.4702904Z,0,0,0,5.55
2026-04-05T18:22:38.4855512Z,0,0,0,5.07
2026-04-05T18:22:38.5159313Z,0,0,0,5.16
2026-04-05T18:22:38.5314709Z,0,0,0,5.40
2026-04-05T18:22:38.5473707Z,0,0,0,5.76
2026-04-05T18:22:38.5628102Z,0,0,0,5.28
2026-04-05T18:22:38.5929854Z,0,0,0,5.18
2026-04-05T18:22:38.6087218Z,0,0,0,5.59
2026-04-05T18:22:38.6243270Z,0,0,0,5.46
2026-04-05T18:22:38.6549401Z,0,0,0,5.30
2026-04-05T18:22:38.6705329Z,0,0,0,5.45
2026-04-05T18:22:38.6863351Z,0,0,0,5.60
2026-04-05T18:22:38.7017641Z,0,0,0,5.27
2026-04-05T18:22:38.7172025Z,0,0,0,5.30
2026-04-05T18:22:38.7325962Z,0,0,0,5.18
2026-04-05T18:22:38.7482269Z,0,0,0,5.48
2026-04-05T18:22:38.7636417Z,0,0,0,5.27
2026-04-05T18:22:38.7792178Z,0,0,0,5.44
2026-04-05T18:22:38.7949112Z,0,0,0,5.57
2026-04-05T18:22:38.8109230Z,0,0,0,5.87
2026-04-05T18:22:38.8264643Z,0,0,0,5.33
2026-04-05T18:22:38.8425973Z,0,0,0,5.96
2026-04-05T18:22:38.8585172Z,0,0,0,5.63
2026-04-05T18:22:38.8739632Z,0,0,0,5.25
2026-04-05T18:22:38.8895837Z,0,0,0,5.45
2026-04-05T18:22:38.9051702Z,0,0,0,5.44
2026-04-05T18:22:38.9204963Z,0,0,0,5.08
2026-04-05T18:22:38.9508203Z,0,0,0,5.58
2026-04-05T18:22:38.9659821Z,0,0,0,5.02
2026-04-05T18:22:38.9818927Z,0,0,0,5.69
2026-04-05T18:22:38.9971056Z,0,0,0,5.06
2026-04-05T18:22:39.0129449Z,0,0,0,5.69
2026-04-05T18:22:39.0282315Z,0,0,0,5.13
2026-04-05T18:22:39.0439249Z,0,0,0,5.56
2026-04-05T18:22:39.0592119Z,0,0,0,5.15
2026-04-05T18:22:39.0748885Z,0,0,0,5.57
2026-04-05T18:22:39.0908164Z,0,0,0,5.84
2026-04-05T18:22:39.1064741Z,0,0,0,5.56
2026-04-05T18:22:39.1222503Z,0,0,0,5.61
2026-04-05T18:22:39.1376318Z,0,0,0,5.19
2026-04-05T18:22:39.1530335Z,0,0,0,5.26
2026-04-05T18:22:39.1842953Z,0,0,0,5.42
2026-04-05T18:22:39.1996007Z,0,0,0,5.16
2026-04-05T18:22:39.2151741Z,0,0,0,5.42
2026-04-05T18:22:39.2304523Z,0,0,0,5.17
2026-04-05T18:22:39.2457332Z,0,0,0,5.19
2026-04-05T18:22:39.2612024Z,0,0,0,5.32
2026-04-05T18:22:39.2772469Z,0,0,0,5.87
2026-04-05T18:22:39.2925661Z,0,0,0,5.14
2026-04-05T18:22:39.3082405Z,0,0,0,5.49
2026-04-05T18:22:39.3237137Z,0,0,0,5.25
2026-04-05T18:22:39.3397822Z,0,0,0,5.82
2026-04-05T18:22:39.3550861Z,0,0,0,5.03
2026-04-05T18:22:39.3709138Z,0,0,0,5.69
2026-04-05T18:22:39.3865271Z,0,0,0,5.40
2026-04-05T18:22:39.4018132Z,0,0,0,5.14
2026-04-05T18:22:39.4178227Z,0,0,0,5.19
2026-04-05T18:22:39.4487914Z,0,0,0,6.04
2026-04-05T18:22:39.4645621Z,0,0,0,5.63
2026-04-05T18:22:39.4799285Z,0,0,0,5.23
2026-04-05T18:22:39.4956641Z,0,0,0,5.59
2026-04-05T18:22:39.5111660Z,0,0,0,5.30
2026-04-05T18:22:39.5264079Z,0,0,0,5.10
2026-04-05T18:22:39.5424030Z,0,0,0,5.82
2026-04-05T18:22:39.5579044Z,0,0,0,5.36
2026-04-05T18:22:39.5799924Z,0,0,0,11.89
2026-04-05T18:22:39.6007062Z,0,0,0,10.57
2026-04-05T18:22:39.6347650Z,0,0,0,23.86
2026-04-05T18:22:39.6639038Z,0,0,0,19.06
2026-04-05T18:22:39.6894376Z,0,0,0,15.45
2026-04-05T18:22:39.7050857Z,0,0,0,5.51
2026-04-05T18:22:39.7203768Z,0,0,0,5.06
2026-04-05T18:22:39.7512748Z,0,0,0,5.92
2026-04-05T18:22:39.7668768Z,0,0,0,5.49
2026-04-05T18:22:39.7824104Z,0,0,0,5.44
2026-04-05T18:22:39.7980931Z,0,0,0,5.59
2026-04-05T18:22:39.8133918Z,0,0,0,5.21
2026-04-05T18:22:39.8293888Z,0,0,0,5.88
2026-04-05T18:22:39.8456602Z,0,0,0,6.18
2026-04-05T18:22:39.8614022Z,0,0,0,5.65
2026-04-05T18:22:39.8925012Z,0,0,0,6.12
2026-04-05T18:22:39.9078626Z,0,0,0,5.26
2026-04-05T18:22:39.9239464Z,0,0,0,5.95
2026-04-05T18:22:39.9396347Z,0,0,0,5.51
2026-04-05T18:22:39.9549574Z,0,0,0,5.23
2026-04-05T18:22:39.9702386Z,0,0,0,5.17
2026-04-05T18:22:39.9857050Z,0,0,0,5.33
2026-04-05T18:22:40.0015428Z,0,0,0,5.68
2026-04-05T18:22:40.0321622Z,0,0,0,5.76
2026-04-05T18:22:40.0480860Z,0,0,0,5.83
2026-04-05T18:22:40.0636446Z,0,0,0,5.46
2026-04-05T18:22:40.0789753Z,0,0,0,5.20
2026-04-05T18:22:40.0943461Z,0,0,0,5.22
2026-04-05T18:22:40.1104098Z,0,0,0,5.92
2026-04-05T18:22:40.1260886Z,0,0,0,5.53
2026-04-05T18:22:40.1422791Z,0,0,0,5.42
2026-04-05T18:22:40.1574949Z,0,0,0,5.00
2026-04-05T18:22:40.1726758Z,0,0,0,5.04
2026-04-05T18:22:40.1886115Z,0,0,0,5.79
2026-04-05T18:22:40.2197196Z,0,0,0,6.04
2026-04-05T18:22:40.2355838Z,0,0,0,5.59
2026-04-05T18:22:40.2507313Z,0,0,0,5.03
2026-04-05T18:22:40.2664696Z,0,0,0,5.47
2026-04-05T18:22:40.2968910Z,0,0,0,5.51
2026-04-05T18:22:40.3121189Z,0,0,0,5.03
2026-04-05T18:22:40.3277229Z,0,0,0,5.48
2026-04-05T18:22:40.3433829Z,0,0,0,5.44
2026-04-05T18:22:40.3594636Z,0,0,0,5.85
2026-04-05T18:22:40.3758325Z,0,0,0,6.23
2026-04-05T18:22:40.4063840Z,0,0,0,5.51
2026-04-05T18:22:40.4371834Z,0,0,0,5.65
2026-04-05T18:22:40.4524517Z,0,0,0,5.14
2026-04-05T18:22:40.4685064Z,0,0,0,5.92
2026-04-05T18:22:40.4837424Z,0,0,0,5.08
2026-04-05T18:22:40.4996379Z,0,0,0,5.75
2026-04-05T18:22:40.5150958Z,0,0,0,5.29
2026-04-05T18:22:40.5614360Z,0,0,0,5.96
2026-04-05T18:22:40.5765970Z,0,0,0,5.02
2026-04-05T18:22:40.5917935Z,0,0,0,5.02
2026-04-05T18:22:40.6079882Z,0,0,0,6.03
2026-04-05T18:22:40.6231566Z,0,0,0,5.06
2026-04-05T18:22:40.6391670Z,0,0,0,5.83
2026-04-05T18:22:40.6551491Z,0,0,0,5.88
2026-04-05T18:22:40.6709154Z,0,0,0,5.66
2026-04-05T18:22:40.6867166Z,0,0,0,5.65
2026-04-05T18:22:40.7026437Z,0,0,0,5.78
2026-04-05T18:22:40.7187331Z,0,0,0,5.98
2026-04-05T18:22:40.7343922Z,0,0,0,5.55
2026-04-05T18:22:40.7502572Z,0,0,0,5.75
2026-04-05T18:22:40.7658335Z,0,0,0,5.49
2026-04-05T18:22:40.7819197Z,0,0,0,5.94
2026-04-05T18:22:40.7972257Z,0,0,0,5.20
2026-04-05T18:22:40.8123666Z,0,0,0,5.04
2026-04-05T18:22:40.8281750Z,0,0,0,5.70
2026-04-05T18:22:40.8434063Z,0,0,0,5.10
2026-04-05T18:22:40.8587192Z,0,0,0,5.20
2026-04-05T18:22:40.8745484Z,0,0,0,5.73
2026-04-05T18:22:40.8900587Z,0,0,0,5.41
