Timestamp,DispatchMs
2026-04-05T18:22:12.3957806Z,0.489
2026-04-05T18:22:12.4093224Z,0.031
2026-04-05T18:22:12.4096632Z,0.004
2026-04-05T18:22:12.4107291Z,0.004
2026-04-05T18:22:12.4109520Z,0.002
2026-04-05T18:22:12.4421163Z,0.007
2026-04-05T18:22:12.4679827Z,0.002
2026-04-05T18:22:12.4973775Z,0.002
2026-04-05T18:22:12.5281861Z,0.001
2026-04-05T18:22:12.5284631Z,0.004
2026-04-05T18:22:12.5595558Z,0.002
2026-04-05T18:22:12.5908903Z,0.008
2026-04-05T18:22:12.6226159Z,0.002
2026-04-05T18:22:12.6228149Z,0.002
2026-04-05T18:22:12.6529824Z,0.001
2026-04-05T18:22:12.6531509Z,0.002
2026-04-05T18:22:12.6838085Z,0.006
2026-04-05T18:22:12.6840688Z,0.004
2026-04-05T18:22:12.7150290Z,0.001
2026-04-05T18:22:12.7520025Z,0.008
2026-04-05T18:22:12.7778111Z,0.002
2026-04-05T18:22:12.8085717Z,0.009
2026-04-05T18:22:12.8392030Z,0.018
2026-04-05T18:22:12.8713972Z,0.002
2026-04-05T18:22:12.8721477Z,0.008
2026-04-05T18:22:12.9028367Z,0.002
2026-04-05T18:22:12.9343575Z,0.002
2026-04-05T18:22:12.9345549Z,0.004
2026-04-05T18:22:12.9653380Z,0.001
2026-04-05T18:22:12.9661079Z,0.009
2026-04-05T18:22:12.9958333Z,0.002
2026-04-05T18:22:13.0269012Z,0.002
2026-04-05T18:22:13.0584950Z,0.007
2026-04-05T18:22:13.0901370Z,0.007
2026-04-05T18:22:13.1206082Z,0.009
2026-04-05T18:22:13.1208138Z,0.006
2026-04-05T18:22:13.1518128Z,0.002
2026-04-05T18:22:13.1831758Z,0.002
2026-04-05T18:22:13.1833158Z,0.001
2026-04-05T18:22:13.2145634Z,0.001
2026-04-05T18:22:13.2464183Z,0.002
2026-04-05T18:22:13.2551155Z,0.008
2026-04-05T18:22:13.2552681Z,0.001
2026-04-05T18:22:13.2553150Z,0.001
2026-04-05T18:22:13.2553522Z,0.001
2026-04-05T18:22:13.2560748Z,0.002
2026-04-05T18:22:13.2567619Z,0.002
2026-04-05T18:22:13.2574349Z,0.004
2026-04-05T18:22:13.2575739Z,0.002
2026-04-05T18:22:13.2576145Z,0.001
2026-04-05T18:22:13.2576532Z,0.001
2026-04-05T18:22:13.2635596Z,0.011
2026-04-05T18:22:13.2637082Z,0.003
2026-04-05T18:22:13.2637836Z,0.002
2026-04-05T18:22:13.2638733Z,0.002
2026-04-05T18:22:13.2639276Z,0.001
2026-04-05T18:22:13.2639591Z,0.001
2026-04-05T18:22:13.2642115Z,0.004
2026-04-05T18:22:13.2643268Z,0.002
2026-04-05T18:22:13.2646634Z,0.006
2026-04-05T18:22:13.2648122Z,0.002
2026-04-05T18:22:13.2649074Z,0.009
2026-04-05T18:22:13.2649430Z,0.001
2026-04-05T18:22:13.2649767Z,0.001
2026-04-05T18:22:13.2650427Z,0.002
2026-04-05T18:22:13.2652556Z,0.018
2026-04-05T18:22:13.2654038Z,0.003
2026-04-05T18:22:13.2654828Z,0.002
2026-04-05T18:22:13.2656348Z,0.003
2026-04-05T18:22:13.2656825Z,0.001
2026-04-05T18:22:13.2657326Z,0.001
2026-04-05T18:22:13.2657591Z,0.001
2026-04-05T18:22:13.2657899Z,0.001
2026-04-05T18:22:13.2765957Z,0.009
2026-04-05T18:22:13.2774256Z,0.007
2026-04-05T18:22:13.3076786Z,0.006
2026-04-05T18:22:13.3084834Z,0.008
2026-04-05T18:22:13.3397446Z,0.007
2026-04-05T18:22:13.3398846Z,0.001
2026-04-05T18:22:13.3708360Z,0.009
2026-04-05T18:22:13.3718167Z,0.009
2026-04-05T18:22:13.4021843Z,0.009
2026-04-05T18:22:13.4029141Z,0.009
2026-04-05T18:22:13.4331533Z,0.001
2026-04-05T18:22:13.4332977Z,0.002
2026-04-05T18:22:13.4333058Z,0.000
2026-04-05T18:22:13.4333122Z,0.000
2026-04-05T18:22:13.4333185Z,0.000
2026-04-05T18:22:13.4333244Z,0.000
2026-04-05T18:22:13.4333305Z,0.000
2026-04-05T18:22:13.4333361Z,0.000
2026-04-05T18:22:13.4333416Z,0.000
2026-04-05T18:22:13.4333471Z,0.000
2026-04-05T18:22:13.4333559Z,0.001
2026-04-05T18:22:13.4333615Z,0.000
2026-04-05T18:22:13.4333671Z,0.000
2026-04-05T18:22:13.4333731Z,0.000
2026-04-05T18:22:13.4333787Z,0.000
2026-04-05T18:22:13.4333844Z,0.000
2026-04-05T18:22:13.4333904Z,0.001
2026-04-05T18:22:13.4333960Z,0.000
2026-04-05T18:22:13.4334020Z,0.000
2026-04-05T18:22:13.4334104Z,0.003
2026-04-05T18:22:13.4334161Z,0.000
2026-04-05T18:22:13.4334216Z,0.000
2026-04-05T18:22:13.4334274Z,0.000
2026-04-05T18:22:13.4334328Z,0.000
2026-04-05T18:22:13.4334384Z,0.000
2026-04-05T18:22:13.4334439Z,0.000
2026-04-05T18:22:13.4334513Z,0.001
2026-04-05T18:22:13.4650242Z,0.002
2026-04-05T18:22:13.4964459Z,0.011
2026-04-05T18:22:13.4966176Z,0.002
2026-04-05T18:22:13.5273959Z,0.001
2026-04-05T18:22:13.5275777Z,0.001
2026-04-05T18:22:13.5584027Z,0.001
2026-04-05T18:22:13.5888975Z,0.001
2026-04-05T18:22:13.5890182Z,0.001
2026-04-05T18:22:13.6202599Z,0.008
2026-04-05T18:22:13.6511213Z,0.006
2026-04-05T18:22:13.6517952Z,0.004
2026-04-05T18:22:13.6822317Z,0.017
2026-04-05T18:22:13.6823773Z,0.001
2026-04-05T18:22:13.7141384Z,0.020
2026-04-05T18:22:13.7447482Z,0.006
2026-04-05T18:22:13.7454265Z,0.007
2026-04-05T18:22:13.7757233Z,0.008
2026-04-05T18:22:13.8068770Z,0.006
2026-04-05T18:22:13.8135478Z,0.010
2026-04-05T18:22:13.8374557Z,0.006
2026-04-05T18:22:13.8380349Z,0.006
2026-04-05T18:22:13.8680733Z,0.002
2026-04-05T18:22:13.8986650Z,0.001
2026-04-05T18:22:13.8994650Z,0.007
2026-04-05T18:22:13.9317278Z,0.019
2026-04-05T18:22:13.9319023Z,0.003
2026-04-05T18:22:13.9621160Z,0.007
2026-04-05T18:22:13.9629330Z,0.007
2026-04-05T18:22:13.9924087Z,0.001
2026-04-05T18:22:14.0240530Z,0.002
2026-04-05T18:22:14.0697070Z,0.008
2026-04-05T18:22:14.0705624Z,0.008
2026-04-05T18:22:14.1051940Z,0.006
2026-04-05T18:22:14.1053290Z,0.002
2026-04-05T18:22:14.1317212Z,0.009
2026-04-05T18:22:14.1318751Z,0.003
2026-04-05T18:22:14.1626590Z,0.002
2026-04-05T18:22:14.1929917Z,0.002
2026-04-05T18:22:14.1931578Z,0.003
2026-04-05T18:22:14.2242238Z,0.008
2026-04-05T18:22:14.2252273Z,0.008
2026-04-05T18:22:14.2562144Z,0.008
2026-04-05T18:22:14.2870883Z,0.002
2026-04-05T18:22:14.2882472Z,0.009
2026-04-05T18:22:14.3182173Z,0.009
2026-04-05T18:22:14.3183957Z,0.003
2026-04-05T18:22:14.3489321Z,0.006
2026-04-05T18:22:14.3490690Z,0.002
2026-04-05T18:22:14.3795615Z,0.009
2026-04-05T18:22:14.3797185Z,0.002
2026-04-05T18:22:14.4105632Z,0.008
2026-04-05T18:22:14.4422061Z,0.009
2026-04-05T18:22:14.4424973Z,0.002
2026-04-05T18:22:14.4718614Z,0.010
2026-04-05T18:22:14.4720865Z,0.006
2026-04-05T18:22:14.5028544Z,0.008
2026-04-05T18:22:14.5033974Z,0.005
2026-04-05T18:22:14.5338447Z,0.002
2026-04-05T18:22:14.5345294Z,0.006
2026-04-05T18:22:14.5658295Z,0.002
2026-04-05T18:22:14.5659631Z,0.001
2026-04-05T18:22:14.5968440Z,0.003
2026-04-05T18:22:14.6272199Z,0.002
2026-04-05T18:22:14.6589264Z,0.011
2026-04-05T18:22:14.6906325Z,0.003
2026-04-05T18:22:14.6911297Z,0.005
2026-04-05T18:22:14.7214648Z,0.001
2026-04-05T18:22:14.7215606Z,0.001
2026-04-05T18:22:14.7514996Z,0.007
2026-04-05T18:22:14.7515972Z,0.001
2026-04-05T18:22:14.7836889Z,0.003
2026-04-05T18:22:14.8162321Z,0.014
2026-04-05T18:22:14.8466075Z,0.003
2026-04-05T18:22:14.8774760Z,0.004
2026-04-05T18:22:14.9075904Z,0.005
2026-04-05T18:22:14.9079164Z,0.006
2026-04-05T18:22:14.9399937Z,0.010
2026-04-05T18:22:14.9693736Z,0.007
2026-04-05T18:22:14.9696140Z,0.004
2026-04-05T18:22:15.0008821Z,0.002
2026-04-05T18:22:15.0010081Z,0.001
2026-04-05T18:22:15.0319010Z,0.006
2026-04-05T18:22:15.0633346Z,0.007
2026-04-05T18:22:15.0642429Z,0.008
2026-04-05T18:22:15.0940261Z,0.002
2026-04-05T18:22:15.1266020Z,0.011
2026-04-05T18:22:15.1573074Z,0.009
2026-04-05T18:22:15.1583616Z,0.004
2026-04-05T18:22:15.1887361Z,0.004
2026-04-05T18:22:15.1903242Z,0.014
2026-04-05T18:22:15.1903989Z,0.012
2026-04-05T18:22:15.2194850Z,0.014
2026-04-05T18:22:15.2503995Z,0.002
2026-04-05T18:22:15.2816438Z,0.013
2026-04-05T18:22:15.2825033Z,0.002
2026-04-05T18:22:15.3126815Z,0.005
2026-04-05T18:22:15.3128577Z,0.003
2026-04-05T18:22:15.3432425Z,0.005
2026-04-05T18:22:15.3743138Z,0.005
2026-04-05T18:22:15.4063799Z,0.001
2026-04-05T18:22:15.4064573Z,0.001
2026-04-05T18:22:15.4367668Z,0.006
2026-04-05T18:22:15.4375538Z,0.003
2026-04-05T18:22:15.4677871Z,0.003
2026-04-05T18:22:15.4682542Z,0.002
2026-04-05T18:22:15.4992356Z,0.004
2026-04-05T18:22:15.4994687Z,0.001
2026-04-05T18:22:15.5307198Z,0.002
2026-04-05T18:22:15.5616318Z,0.001
2026-04-05T18:22:15.5924930Z,0.002
2026-04-05T18:22:15.6232178Z,0.004
2026-04-05T18:22:15.6233273Z,0.001
2026-04-05T18:22:15.6547781Z,0.001
2026-04-05T18:22:15.6562843Z,0.002
2026-04-05T18:22:15.6866938Z,0.004
2026-04-05T18:22:15.6874911Z,0.002
2026-04-05T18:22:15.7169793Z,0.002
2026-04-05T18:22:15.7171482Z,0.001
2026-04-05T18:22:15.7479430Z,0.001
2026-04-05T18:22:15.7480240Z,0.001
2026-04-05T18:22:15.7642443Z,0.009
2026-04-05T18:22:15.7643578Z,0.000
2026-04-05T18:22:15.7644344Z,0.001
2026-04-05T18:22:15.7644750Z,0.005
2026-04-05T18:22:15.7661280Z,0.006
2026-04-05T18:22:15.7662046Z,0.000
2026-04-05T18:22:15.7662430Z,0.000
2026-04-05T18:22:15.7662653Z,0.000
2026-04-05T18:22:15.7662823Z,0.000
2026-04-05T18:22:15.7663044Z,0.000
2026-04-05T18:22:15.7663154Z,0.000
2026-04-05T18:22:15.7663285Z,0.003
2026-04-05T18:22:15.7663415Z,0.000
2026-04-05T18:22:15.7663617Z,0.000
2026-04-05T18:22:15.7664037Z,0.000
2026-04-05T18:22:15.7664235Z,0.000
2026-04-05T18:22:15.7664389Z,0.000
2026-04-05T18:22:15.7664596Z,0.004
2026-04-05T18:22:15.7664788Z,0.000
2026-04-05T18:22:15.7664937Z,0.000
2026-04-05T18:22:15.7665052Z,0.000
2026-04-05T18:22:15.7665198Z,0.000
2026-04-05T18:22:15.7665311Z,0.000
2026-04-05T18:22:15.7665468Z,0.003
2026-04-05T18:22:15.7665783Z,0.000
2026-04-05T18:22:15.7665993Z,0.000
2026-04-05T18:22:15.7666108Z,0.000
2026-04-05T18:22:15.7667372Z,0.001
2026-04-05T18:22:15.7667613Z,0.000
2026-04-05T18:22:15.7667858Z,0.000
2026-04-05T18:22:15.7668148Z,0.000
2026-04-05T18:22:15.7668307Z,0.000
2026-04-05T18:22:15.7668495Z,0.000
2026-04-05T18:22:15.7668642Z,0.000
2026-04-05T18:22:15.7789996Z,0.003
2026-04-05T18:22:15.7795818Z,0.003
2026-04-05T18:22:15.8105027Z,0.003
2026-04-05T18:22:15.8106158Z,0.001
2026-04-05T18:22:15.8424400Z,0.001
2026-04-05T18:22:15.8731773Z,0.005
2026-04-05T18:22:15.8732976Z,0.001
2026-04-05T18:22:15.9052025Z,0.001
2026-04-05T18:22:15.9358867Z,0.003
2026-04-05T18:22:15.9359814Z,0.001
2026-04-05T18:22:15.9360033Z,0.001
2026-04-05T18:22:15.9360111Z,0.000
2026-04-05T18:22:15.9360179Z,0.000
2026-04-05T18:22:15.9360250Z,0.000
2026-04-05T18:22:15.9360324Z,0.000
2026-04-05T18:22:15.9360404Z,0.000
2026-04-05T18:22:15.9360470Z,0.000
2026-04-05T18:22:15.9360537Z,0.000
2026-04-05T18:22:15.9360603Z,0.000
2026-04-05T18:22:15.9360668Z,0.000
2026-04-05T18:22:15.9360785Z,0.000
2026-04-05T18:22:15.9360855Z,0.001
2026-04-05T18:22:15.9360924Z,0.000
2026-04-05T18:22:15.9360991Z,0.000
2026-04-05T18:22:15.9361055Z,0.000
2026-04-05T18:22:15.9361123Z,0.000
2026-04-05T18:22:15.9361198Z,0.000
2026-04-05T18:22:15.9361266Z,0.000
2026-04-05T18:22:15.9361338Z,0.000
2026-04-05T18:22:15.9361388Z,0.000
2026-04-05T18:22:15.9361471Z,0.000
2026-04-05T18:22:15.9361530Z,0.000
2026-04-05T18:22:15.9361600Z,0.000
2026-04-05T18:22:15.9361662Z,0.000
2026-04-05T18:22:15.9361732Z,0.000
2026-04-05T18:22:15.9361790Z,0.000
2026-04-05T18:22:15.9361837Z,0.000
2026-04-05T18:22:15.9361886Z,0.000
2026-04-05T18:22:15.9361932Z,0.000
2026-04-05T18:22:15.9676713Z,0.003
2026-04-05T18:22:15.9708480Z,0.004
2026-04-05T18:22:15.9708638Z,0.000
2026-04-05T18:22:15.9999678Z,0.016
2026-04-05T18:22:16.0313686Z,0.001
2026-04-05T18:22:16.0626627Z,0.002
2026-04-05T18:22:16.0932818Z,0.002
2026-04-05T18:22:16.1249070Z,0.001
2026-04-05T18:22:16.1560862Z,0.005
2026-04-05T18:22:16.1568171Z,0.004
2026-04-05T18:22:16.1568472Z,0.001
2026-04-05T18:22:16.1866216Z,0.004
2026-04-05T18:22:16.1867422Z,0.001
2026-04-05T18:22:16.2184253Z,0.005
2026-04-05T18:22:16.2495131Z,0.014
2026-04-05T18:22:16.2808173Z,0.001
2026-04-05T18:22:16.3123382Z,0.002
2026-04-05T18:22:16.3124863Z,0.001
2026-04-05T18:22:16.3439065Z,0.001
2026-04-05T18:22:16.3439993Z,0.000
2026-04-05T18:22:16.3754355Z,0.004
2026-04-05T18:22:16.4065527Z,0.004
2026-04-05T18:22:16.4072063Z,0.004
2026-04-05T18:22:16.4380806Z,0.005
2026-04-05T18:22:16.4387958Z,0.002
2026-04-05T18:22:16.4691127Z,0.016
2026-04-05T18:22:16.5006125Z,0.002
2026-04-05T18:22:16.5320276Z,0.003
2026-04-05T18:22:16.5638599Z,0.009
2026-04-05T18:22:16.5640760Z,0.001
2026-04-05T18:22:16.5945273Z,0.001
2026-04-05T18:22:16.5954803Z,0.002
2026-04-05T18:22:16.6250612Z,0.003
2026-04-05T18:22:16.6257402Z,0.003
2026-04-05T18:22:16.6558409Z,0.004
2026-04-05T18:22:16.6560570Z,0.001
2026-04-05T18:22:16.6867785Z,0.001
2026-04-05T18:22:16.6868626Z,0.000
2026-04-05T18:22:16.7184608Z,0.004
2026-04-05T18:22:16.7492531Z,0.004
2026-04-05T18:22:16.7499090Z,0.003
2026-04-05T18:22:16.7810173Z,0.002
2026-04-05T18:22:16.8120223Z,0.005
2026-04-05T18:22:16.8423374Z,0.001
2026-04-05T18:22:16.8424508Z,0.001
2026-04-05T18:22:16.8738646Z,0.003
2026-04-05T18:22:16.8739731Z,0.001
2026-04-05T18:22:16.9039837Z,0.003
2026-04-05T18:22:16.9046387Z,0.004
2026-04-05T18:22:16.9352376Z,0.003
2026-04-05T18:22:16.9353393Z,0.001
2026-04-05T18:22:16.9662069Z,0.002
2026-04-05T18:22:16.9978002Z,0.005
2026-04-05T18:22:16.9979192Z,0.001
2026-04-05T18:22:17.0290546Z,0.005
2026-04-05T18:22:17.0292931Z,0.003
2026-04-05T18:22:17.0593320Z,0.002
2026-04-05T18:22:17.0594417Z,0.001
2026-04-05T18:22:17.0899758Z,0.002
2026-04-05T18:22:17.0901321Z,0.001
2026-04-05T18:22:17.1225968Z,0.004
2026-04-05T18:22:17.1530976Z,0.007
2026-04-05T18:22:17.1845043Z,0.005
2026-04-05T18:22:17.2154342Z,0.004
2026-04-05T18:22:17.2156244Z,0.002
2026-04-05T18:22:17.2467316Z,0.007
2026-04-05T18:22:17.2469904Z,0.004
2026-04-05T18:22:17.2777254Z,0.007
2026-04-05T18:22:17.2780805Z,0.006
2026-04-05T18:22:17.3084034Z,0.007
2026-04-05T18:22:17.3096807Z,0.005
2026-04-05T18:22:17.3387955Z,0.002
2026-04-05T18:22:17.3701618Z,0.002
2026-04-05T18:22:17.3703874Z,0.003
2026-04-05T18:22:17.4008062Z,0.005
2026-04-05T18:22:17.4316690Z,0.005
2026-04-05T18:22:17.4636512Z,0.002
2026-04-05T18:22:17.4952382Z,0.002
2026-04-05T18:22:17.4954345Z,0.003
2026-04-05T18:22:17.5261880Z,0.002
2026-04-05T18:22:17.5573502Z,0.004
2026-04-05T18:22:17.5892890Z,0.009
2026-04-05T18:22:17.5895294Z,0.002
2026-04-05T18:22:17.6201552Z,0.003
2026-04-05T18:22:17.6203663Z,0.002
2026-04-05T18:22:17.6510612Z,0.007
2026-04-05T18:22:17.6522972Z,0.005
2026-04-05T18:22:17.6823390Z,0.007
2026-04-05T18:22:17.6826012Z,0.003
2026-04-05T18:22:17.7136115Z,0.007
2026-04-05T18:22:17.7139808Z,0.006
2026-04-05T18:22:17.7446489Z,0.006
2026-04-05T18:22:17.7998872Z,0.004
2026-04-05T18:22:17.8004540Z,0.003
2026-04-05T18:22:17.8315320Z,0.002
2026-04-05T18:22:17.8316580Z,0.001
2026-04-05T18:22:17.8598126Z,0.002
2026-04-05T18:22:17.8885149Z,0.001
2026-04-05T18:22:17.9201828Z,0.004
2026-04-05T18:22:17.9202987Z,0.001
2026-04-05T18:22:17.9512466Z,0.011
2026-04-05T18:22:17.9825804Z,0.001
2026-04-05T18:22:17.9826654Z,0.001
2026-04-05T18:22:18.0134042Z,0.002
2026-04-05T18:22:18.0444327Z,0.002
2026-04-05T18:22:18.0751483Z,0.003
2026-04-05T18:22:18.1064240Z,0.002
2026-04-05T18:22:18.1371543Z,0.005
2026-04-05T18:22:18.1382633Z,0.005
2026-04-05T18:22:18.1684787Z,0.005
2026-04-05T18:22:18.1996598Z,0.003
2026-04-05T18:22:18.2316677Z,0.003
2026-04-05T18:22:18.2318757Z,0.002
2026-04-05T18:22:18.2628214Z,0.002
2026-04-05T18:22:18.2629718Z,0.001
2026-04-05T18:22:18.2786664Z,0.007
2026-04-05T18:22:18.2788917Z,0.002
2026-04-05T18:22:18.2789844Z,0.002
2026-04-05T18:22:18.2827082Z,0.003
2026-04-05T18:22:18.2830151Z,0.002
2026-04-05T18:22:18.2830779Z,0.001
2026-04-05T18:22:18.2831233Z,0.001
2026-04-05T18:22:18.2832225Z,0.001
2026-04-05T18:22:18.2833045Z,0.001
2026-04-05T18:22:18.2833854Z,0.012
2026-04-05T18:22:18.2834299Z,0.001
2026-04-05T18:22:18.2834742Z,0.001
2026-04-05T18:22:18.2835278Z,0.001
2026-04-05T18:22:18.2835727Z,0.001
2026-04-05T18:22:18.2836560Z,0.001
2026-04-05T18:22:18.2837690Z,0.001
2026-04-05T18:22:18.2838911Z,0.001
2026-04-05T18:22:18.2839955Z,0.002
2026-04-05T18:22:18.2840759Z,0.001
2026-04-05T18:22:18.2841655Z,0.001
2026-04-05T18:22:18.2842509Z,0.001
2026-04-05T18:22:18.2845089Z,0.006
2026-04-05T18:22:18.2849683Z,0.004
2026-04-05T18:22:18.2850439Z,0.001
2026-04-05T18:22:18.2850980Z,0.001
2026-04-05T18:22:18.2851384Z,0.001
2026-04-05T18:22:18.2852529Z,0.001
2026-04-05T18:22:18.2853179Z,0.001
2026-04-05T18:22:18.2853497Z,0.001
2026-04-05T18:22:18.2855185Z,0.005
2026-04-05T18:22:18.2858394Z,0.004
2026-04-05T18:22:18.2859919Z,0.002
2026-04-05T18:22:18.2860884Z,0.001
2026-04-05T18:22:18.2861454Z,0.001
2026-04-05T18:22:18.2861897Z,0.001
2026-04-05T18:22:18.2862335Z,0.001
2026-04-05T18:22:18.2862905Z,0.001
2026-04-05T18:22:18.2865642Z,0.003
2026-04-05T18:22:18.2934221Z,0.002
2026-04-05T18:22:18.3241767Z,0.003
2026-04-05T18:22:18.3242991Z,0.001
2026-04-05T18:22:18.3547397Z,0.002
2026-04-05T18:22:18.3859480Z,0.004
2026-04-05T18:22:18.4167838Z,0.004
2026-04-05T18:22:18.4489293Z,0.004
2026-04-05T18:22:18.4490163Z,0.000
2026-04-05T18:22:18.4490244Z,0.000
2026-04-05T18:22:18.4490292Z,0.000
2026-04-05T18:22:18.4490341Z,0.000
2026-04-05T18:22:18.4490388Z,0.000
2026-04-05T18:22:18.4490438Z,0.000
2026-04-05T18:22:18.4490486Z,0.000
2026-04-05T18:22:18.4490532Z,0.000
2026-04-05T18:22:18.4490578Z,0.000
2026-04-05T18:22:18.4490622Z,0.000
2026-04-05T18:22:18.4490699Z,0.000
2026-04-05T18:22:18.4490749Z,0.000
2026-04-05T18:22:18.4490794Z,0.000
2026-04-05T18:22:18.4490846Z,0.000
2026-04-05T18:22:18.4490893Z,0.000
2026-04-05T18:22:18.4490939Z,0.000
2026-04-05T18:22:18.4490986Z,0.000
2026-04-05T18:22:18.4491035Z,0.000
2026-04-05T18:22:18.4491083Z,0.000
2026-04-05T18:22:18.4491128Z,0.000
2026-04-05T18:22:18.4491206Z,0.000
2026-04-05T18:22:18.4491256Z,0.000
2026-04-05T18:22:18.4491304Z,0.000
2026-04-05T18:22:18.4491349Z,0.000
2026-04-05T18:22:18.4491396Z,0.000
2026-04-05T18:22:18.4491441Z,0.000
2026-04-05T18:22:18.4491484Z,0.000
2026-04-05T18:22:18.4491528Z,0.000
2026-04-05T18:22:18.4491572Z,0.000
2026-04-05T18:22:18.4491617Z,0.000
2026-04-05T18:22:18.4491662Z,0.000
2026-04-05T18:22:18.4491745Z,0.000
2026-04-05T18:22:18.4491796Z,0.000
2026-04-05T18:22:18.4491843Z,0.000
2026-04-05T18:22:18.4803549Z,0.002
2026-04-05T18:22:18.4804872Z,0.001
2026-04-05T18:22:18.5112288Z,0.002
2026-04-05T18:22:18.5430663Z,0.002
2026-04-05T18:22:18.5746205Z,0.003
2026-04-05T18:22:18.5747217Z,0.001
2026-04-05T18:22:18.6056440Z,0.006
2026-04-05T18:22:18.6057866Z,0.001
2026-04-05T18:22:18.6367150Z,0.005
2026-04-05T18:22:18.6368757Z,0.002
2026-04-05T18:22:18.6668609Z,0.004
2026-04-05T18:22:18.6977160Z,0.002
2026-04-05T18:22:18.6979011Z,0.001
2026-04-05T18:22:18.7281614Z,0.002
2026-04-05T18:22:18.7591168Z,0.001
2026-04-05T18:22:18.7906942Z,0.004
2026-04-05T18:22:18.7912541Z,0.003
2026-04-05T18:22:18.8218020Z,0.023
2026-04-05T18:22:18.8527126Z,0.007
2026-04-05T18:22:18.8529395Z,0.002
2026-04-05T18:22:18.8839882Z,0.002
2026-04-05T18:22:18.9148344Z,0.007
2026-04-05T18:22:18.9150472Z,0.002
2026-04-05T18:22:18.9468594Z,0.005
2026-04-05T18:22:18.9775913Z,0.004
2026-04-05T18:22:19.0080098Z,0.005
2026-04-05T18:22:19.0092700Z,0.007
2026-04-05T18:22:19.0397493Z,0.002
2026-04-05T18:22:19.0713392Z,0.008
2026-04-05T18:22:19.0726774Z,0.005
2026-04-05T18:22:19.1023638Z,0.034
2026-04-05T18:22:19.1036977Z,0.005
2026-04-05T18:22:19.1325686Z,0.003
2026-04-05T18:22:19.1328029Z,0.003
2026-04-05T18:22:19.1631805Z,0.006
2026-04-05T18:22:19.1633620Z,0.001
2026-04-05T18:22:19.1940347Z,0.008
2026-04-05T18:22:19.2242918Z,0.006
2026-04-05T18:22:19.2544498Z,0.008
2026-04-05T18:22:19.2547996Z,0.003
2026-04-05T18:22:19.2862065Z,0.006
2026-04-05T18:22:19.2871466Z,0.004
2026-04-05T18:22:19.3175049Z,0.005
2026-04-05T18:22:19.3177217Z,0.002
2026-04-05T18:22:19.3415352Z,0.007
2026-04-05T18:22:19.3418157Z,0.003
2026-04-05T18:22:19.3725720Z,0.003
2026-04-05T18:22:19.4031602Z,0.008
2026-04-05T18:22:19.4045387Z,0.005
2026-04-05T18:22:19.4344183Z,0.007
2026-04-05T18:22:19.4355447Z,0.005
2026-04-05T18:22:19.4666000Z,0.008
2026-04-05T18:22:19.4668185Z,0.003
2026-04-05T18:22:19.4974873Z,0.003
2026-04-05T18:22:19.4991086Z,0.008
2026-04-05T18:22:19.5289227Z,0.004
2026-04-05T18:22:19.5599614Z,0.003
2026-04-05T18:22:19.5621514Z,0.007
2026-04-05T18:22:19.5905521Z,0.003
2026-04-05T18:22:19.5919180Z,0.004
2026-04-05T18:22:19.6211597Z,0.008
2026-04-05T18:22:19.6213892Z,0.002
2026-04-05T18:22:19.6523121Z,0.007
2026-04-05T18:22:19.6525725Z,0.003
2026-04-05T18:22:19.6838621Z,0.003
2026-04-05T18:22:19.7161060Z,0.002
2026-04-05T18:22:19.7473794Z,0.008
2026-04-05T18:22:19.7783387Z,0.003
2026-04-05T18:22:19.8099352Z,0.003
2026-04-05T18:22:19.8409233Z,0.008
2026-04-05T18:22:19.8421348Z,0.004
2026-04-05T18:22:19.8712253Z,0.008
2026-04-05T18:22:19.8714953Z,0.002
2026-04-05T18:22:19.9021473Z,0.007
2026-04-05T18:22:19.9343697Z,0.003
2026-04-05T18:22:19.9649118Z,0.003
2026-04-05T18:22:19.9962987Z,0.004
2026-04-05T18:22:19.9986650Z,0.008
2026-04-05T18:22:20.0275338Z,0.004
2026-04-05T18:22:20.0276673Z,0.001
2026-04-05T18:22:20.0578107Z,0.002
2026-04-05T18:22:20.0579915Z,0.001
2026-04-05T18:22:20.0890363Z,0.002
2026-04-05T18:22:20.0891587Z,0.001
2026-04-05T18:22:20.1202216Z,0.004
2026-04-05T18:22:20.1518032Z,0.005
2026-04-05T18:22:20.1519640Z,0.013
2026-04-05T18:22:20.1826945Z,0.002
2026-04-05T18:22:20.2145036Z,0.031
2026-04-05T18:22:20.2459996Z,0.002
2026-04-05T18:22:20.2475985Z,0.006
2026-04-05T18:22:20.2783662Z,0.008
2026-04-05T18:22:20.2785986Z,0.003
2026-04-05T18:22:20.3095836Z,0.004
2026-04-05T18:22:20.3098133Z,0.002
2026-04-05T18:22:20.3402667Z,0.003
2026-04-05T18:22:20.3418782Z,0.005
2026-04-05T18:22:20.3709428Z,0.007
2026-04-05T18:22:20.4014906Z,0.008
2026-04-05T18:22:20.4330775Z,0.007
2026-04-05T18:22:20.4630628Z,0.002
2026-04-05T18:22:20.4640614Z,0.004
2026-04-05T18:22:20.4940816Z,0.005
2026-04-05T18:22:20.4942521Z,0.002
2026-04-05T18:22:20.5251247Z,0.008
2026-04-05T18:22:20.5263005Z,0.006
2026-04-05T18:22:20.5563787Z,0.003
2026-04-05T18:22:20.5566389Z,0.003
2026-04-05T18:22:20.5864903Z,0.007
2026-04-05T18:22:20.6175456Z,0.005
2026-04-05T18:22:20.6189947Z,0.007
2026-04-05T18:22:20.6190396Z,0.001
2026-04-05T18:22:20.6478819Z,0.008
2026-04-05T18:22:20.6482409Z,0.006
2026-04-05T18:22:20.6795228Z,0.005
2026-04-05T18:22:20.6807117Z,0.008
2026-04-05T18:22:20.7099050Z,0.003
2026-04-05T18:22:20.7409600Z,0.003
2026-04-05T18:22:20.7724311Z,0.003
2026-04-05T18:22:20.7726680Z,0.002
2026-04-05T18:22:20.7895026Z,0.005
2026-04-05T18:22:20.7896265Z,0.001
2026-04-05T18:22:20.7899425Z,0.002
2026-04-05T18:22:20.7900179Z,0.001
2026-04-05T18:22:20.7900835Z,0.001
2026-04-05T18:22:20.7927860Z,0.004
2026-04-05T18:22:20.7928955Z,0.001
2026-04-05T18:22:20.7929773Z,0.001
2026-04-05T18:22:20.7930678Z,0.001
2026-04-05T18:22:20.7931464Z,0.002
2026-04-05T18:22:20.7931907Z,0.001
2026-04-05T18:22:20.7932851Z,0.001
2026-04-05T18:22:20.7934718Z,0.007
2026-04-05T18:22:20.7936910Z,0.003
2026-04-05T18:22:20.7937576Z,0.001
2026-04-05T18:22:20.7945280Z,0.004
2026-04-05T18:22:20.7949869Z,0.005
2026-04-05T18:22:20.7950786Z,0.001
2026-04-05T18:22:20.7951271Z,0.001
2026-04-05T18:22:20.7951591Z,0.001
2026-04-05T18:22:20.7952283Z,0.001
2026-04-05T18:22:20.7953557Z,0.001
2026-04-05T18:22:20.7954501Z,0.001
2026-04-05T18:22:20.7955465Z,0.002
2026-04-05T18:22:20.7956116Z,0.002
2026-04-05T18:22:20.7956948Z,0.001
2026-04-05T18:22:20.7957422Z,0.001
2026-04-05T18:22:20.7957880Z,0.001
2026-04-05T18:22:20.7958266Z,0.001
2026-04-05T18:22:20.7958593Z,0.001
2026-04-05T18:22:20.7959054Z,0.001
2026-04-05T18:22:20.7959757Z,0.001
2026-04-05T18:22:20.7960802Z,0.002
2026-04-05T18:22:20.7961659Z,0.002
2026-04-05T18:22:20.7962638Z,0.002
2026-04-05T18:22:20.7963192Z,0.001
2026-04-05T18:22:20.7963838Z,0.001
2026-04-05T18:22:20.7965423Z,0.002
2026-04-05T18:22:20.7970886Z,0.005
2026-04-05T18:22:20.7971634Z,0.001
2026-04-05T18:22:20.7973179Z,0.005
2026-04-05T18:22:20.8029528Z,0.003
2026-04-05T18:22:20.8340729Z,0.003
2026-04-05T18:22:20.8653253Z,0.007
2026-04-05T18:22:20.8657710Z,0.003
2026-04-05T18:22:20.8657984Z,0.001
2026-04-05T18:22:20.8957973Z,0.007
2026-04-05T18:22:20.9253217Z,0.002
2026-04-05T18:22:20.9261935Z,0.004
2026-04-05T18:22:20.9262278Z,0.012
2026-04-05T18:22:20.9262409Z,0.001
2026-04-05T18:22:20.9262530Z,0.001
2026-04-05T18:22:20.9262645Z,0.001
2026-04-05T18:22:20.9262763Z,0.001
2026-04-05T18:22:20.9262878Z,0.001
2026-04-05T18:22:20.9262989Z,0.001
2026-04-05T18:22:20.9263106Z,0.001
2026-04-05T18:22:20.9263224Z,0.001
2026-04-05T18:22:20.9263335Z,0.001
2026-04-05T18:22:20.9263510Z,0.007
2026-04-05T18:22:20.9263624Z,0.001
2026-04-05T18:22:20.9263731Z,0.001
2026-04-05T18:22:20.9263833Z,0.001
2026-04-05T18:22:20.9263940Z,0.001
2026-04-05T18:22:20.9264043Z,0.001
2026-04-05T18:22:20.9264152Z,0.001
2026-04-05T18:22:20.9265216Z,0.004
2026-04-05T18:22:20.9266012Z,0.003
2026-04-05T18:22:20.9266312Z,0.001
2026-04-05T18:22:20.9266556Z,0.013
2026-04-05T18:22:20.9266680Z,0.001
2026-04-05T18:22:20.9266799Z,0.001
2026-04-05T18:22:20.9266917Z,0.001
2026-04-05T18:22:20.9267016Z,0.000
2026-04-05T18:22:20.9267094Z,0.000
2026-04-05T18:22:20.9267171Z,0.000
2026-04-05T18:22:20.9267246Z,0.000
2026-04-05T18:22:20.9267324Z,0.000
2026-04-05T18:22:20.9267399Z,0.000
2026-04-05T18:22:20.9267488Z,0.000
2026-04-05T18:22:20.9267630Z,0.000
2026-04-05T18:22:20.9267714Z,0.000
2026-04-05T18:22:20.9267790Z,0.000
2026-04-05T18:22:20.9570519Z,0.004
2026-04-05T18:22:20.9572916Z,0.004
2026-04-05T18:22:20.9876420Z,0.002
2026-04-05T18:22:20.9878099Z,0.001
2026-04-05T18:22:20.9878238Z,0.000
2026-04-05T18:22:21.0193202Z,0.005
2026-04-05T18:22:21.0195146Z,0.001
2026-04-05T18:22:21.0501437Z,0.002
2026-04-05T18:22:21.0814043Z,0.002
2026-04-05T18:22:21.1132305Z,0.005
2026-04-05T18:22:21.1449882Z,0.002
2026-04-05T18:22:21.1451127Z,0.001
2026-04-05T18:22:21.1764981Z,0.002
2026-04-05T18:22:21.2074095Z,0.005
2026-04-05T18:22:21.2390427Z,0.002
2026-04-05T18:22:21.2391628Z,0.001
2026-04-05T18:22:21.2698036Z,0.003
2026-04-05T18:22:21.2700918Z,0.003
2026-04-05T18:22:21.3007844Z,0.003
2026-04-05T18:22:21.3010399Z,0.003
2026-04-05T18:22:21.3316230Z,0.003
2026-04-05T18:22:21.3623019Z,0.003
2026-04-05T18:22:21.4034465Z,0.002
2026-04-05T18:22:21.4377568Z,0.004
2026-04-05T18:22:21.4383654Z,0.003
2026-04-05T18:22:21.4612064Z,0.002
2026-04-05T18:22:21.4614093Z,0.011
2026-04-05T18:22:21.4885984Z,0.002
2026-04-05T18:22:21.5204315Z,0.003
2026-04-05T18:22:21.5209630Z,0.003
2026-04-05T18:22:21.5522158Z,0.004
2026-04-05T18:22:21.5528766Z,0.001
2026-04-05T18:22:21.5834250Z,0.005
2026-04-05T18:22:21.6146221Z,0.004
2026-04-05T18:22:21.6147241Z,0.000
2026-04-05T18:22:21.6461036Z,0.003
2026-04-05T18:22:21.6770399Z,0.002
2026-04-05T18:22:21.7071463Z,0.001
2026-04-05T18:22:21.7077226Z,0.001
2026-04-05T18:22:21.7393970Z,0.001
2026-04-05T18:22:21.7403466Z,0.001
2026-04-05T18:22:21.7707847Z,0.004
2026-04-05T18:22:21.8019832Z,0.005
2026-04-05T18:22:21.8028319Z,0.001
2026-04-05T18:22:21.8323068Z,0.002
2026-04-05T18:22:21.8332249Z,0.004
2026-04-05T18:22:21.8634239Z,0.004
2026-04-05T18:22:21.8653860Z,0.006
2026-04-05T18:22:21.8654447Z,0.001
2026-04-05T18:22:21.8943582Z,0.003
2026-04-05T18:22:21.8961279Z,0.006
2026-04-05T18:22:21.9250942Z,0.008
2026-04-05T18:22:21.9566837Z,0.008
2026-04-05T18:22:21.9577496Z,0.004
2026-04-05T18:22:21.9578130Z,0.001
2026-04-05T18:22:21.9878131Z,0.003
2026-04-05T18:22:22.0196533Z,0.006
2026-04-05T18:22:22.0508461Z,0.006
2026-04-05T18:22:22.0510756Z,0.001
2026-04-05T18:22:22.0827027Z,0.006
2026-04-05T18:22:22.1134319Z,0.003
2026-04-05T18:22:22.1441338Z,0.004
2026-04-05T18:22:22.1462969Z,0.003
2026-04-05T18:22:22.1756524Z,0.003
2026-04-05T18:22:22.2064144Z,0.003
2026-04-05T18:22:22.2368563Z,0.006
2026-04-05T18:22:22.2370840Z,0.002
2026-04-05T18:22:22.2371370Z,0.001
2026-04-05T18:22:22.2675228Z,0.006
2026-04-05T18:22:22.2923288Z,0.008
2026-04-05T18:22:22.2940323Z,0.003
2026-04-05T18:22:22.3242985Z,0.003
2026-04-05T18:22:22.3245715Z,0.001
2026-04-05T18:22:22.3557177Z,0.003
2026-04-05T18:22:22.3874251Z,0.003
2026-04-05T18:22:22.3877813Z,0.002
2026-04-05T18:22:22.3878046Z,0.001
2026-04-05T18:22:22.4185564Z,0.003
2026-04-05T18:22:22.4187555Z,0.001
2026-04-05T18:22:22.4502666Z,0.007
2026-04-05T18:22:22.4520077Z,0.007
2026-04-05T18:22:22.4816861Z,0.003
2026-04-05T18:22:22.4818540Z,0.001
2026-04-05T18:22:22.5130830Z,0.003
2026-04-05T18:22:22.5442396Z,0.003
2026-04-05T18:22:22.5764443Z,0.006
2026-04-05T18:22:22.5766209Z,0.001
2026-04-05T18:22:22.6068300Z,0.006
2026-04-05T18:22:22.6078527Z,0.002
2026-04-05T18:22:22.6371160Z,0.002
2026-04-05T18:22:22.6681894Z,0.003
2026-04-05T18:22:22.6995842Z,0.003
2026-04-05T18:22:22.7291349Z,0.033
2026-04-05T18:22:22.7293246Z,0.002
2026-04-05T18:22:22.7607049Z,0.004
2026-04-05T18:22:22.7623565Z,0.005
2026-04-05T18:22:22.7624025Z,0.001
2026-04-05T18:22:22.7917842Z,0.008
2026-04-05T18:22:22.7920141Z,0.001
2026-04-05T18:22:22.8217733Z,0.008
2026-04-05T18:22:22.8534515Z,0.003
2026-04-05T18:22:22.8842794Z,0.005
2026-04-05T18:22:22.9163765Z,0.003
2026-04-05T18:22:22.9470130Z,0.004
2026-04-05T18:22:22.9779320Z,0.003
2026-04-05T18:22:22.9781450Z,0.002
2026-04-05T18:22:23.0085511Z,0.023
2026-04-05T18:22:23.0088387Z,0.002
2026-04-05T18:22:23.0401924Z,0.002
2026-04-05T18:22:23.0412208Z,0.005
2026-04-05T18:22:23.0412409Z,0.001
2026-04-05T18:22:23.0713493Z,0.002
2026-04-05T18:22:23.0716056Z,0.002
2026-04-05T18:22:23.1027391Z,0.003
2026-04-05T18:22:23.1350670Z,0.007
2026-04-05T18:22:23.1353406Z,0.002
2026-04-05T18:22:23.1353673Z,0.001
2026-04-05T18:22:23.1661481Z,0.008
2026-04-05T18:22:23.1672808Z,0.005
2026-04-05T18:22:23.1977148Z,0.003
2026-04-05T18:22:23.2281935Z,0.003
2026-04-05T18:22:23.2584985Z,0.003
2026-04-05T18:22:23.2601478Z,0.005
2026-04-05T18:22:23.2895145Z,0.006
2026-04-05T18:22:23.2897210Z,0.001
2026-04-05T18:22:23.3071623Z,0.005
2026-04-05T18:22:23.3075070Z,0.002
2026-04-05T18:22:23.3076268Z,0.002
2026-04-05T18:22:23.3077369Z,0.002
2026-04-05T18:22:23.3078343Z,0.001
2026-04-05T18:22:23.3079055Z,0.001
2026-04-05T18:22:23.3103513Z,0.006
2026-04-05T18:22:23.3105499Z,0.002
2026-04-05T18:22:23.3106761Z,0.001
2026-04-05T18:22:23.3107871Z,0.002
2026-04-05T18:22:23.3108836Z,0.001
2026-04-05T18:22:23.3109639Z,0.001
2026-04-05T18:22:23.3110166Z,0.002
2026-04-05T18:22:23.3111067Z,0.001
2026-04-05T18:22:23.3111574Z,0.001
2026-04-05T18:22:23.3112179Z,0.012
2026-04-05T18:22:23.3112535Z,0.001
2026-04-05T18:22:23.3115921Z,0.006
2026-04-05T18:22:23.3118675Z,0.004
2026-04-05T18:22:23.3119300Z,0.001
2026-04-05T18:22:23.3120070Z,0.001
2026-04-05T18:22:23.3120546Z,0.001
2026-04-05T18:22:23.3121897Z,0.001
2026-04-05T18:22:23.3123095Z,0.002
2026-04-05T18:22:23.3124151Z,0.002
2026-04-05T18:22:23.3124686Z,0.001
2026-04-05T18:22:23.3125586Z,0.001
2026-04-05T18:22:23.3128097Z,0.005
2026-04-05T18:22:23.3134378Z,0.004
2026-04-05T18:22:23.3137691Z,0.004
2026-04-05T18:22:23.3138645Z,0.002
2026-04-05T18:22:23.3139264Z,0.001
2026-04-05T18:22:23.3142455Z,0.002
2026-04-05T18:22:23.3145082Z,0.003
2026-04-05T18:22:23.3145701Z,0.001
2026-04-05T18:22:23.3146842Z,0.002
2026-04-05T18:22:23.3147355Z,0.001
2026-04-05T18:22:23.3148028Z,0.001
2026-04-05T18:22:23.3148584Z,0.001
2026-04-05T18:22:23.3207620Z,0.007
2026-04-05T18:22:23.3521577Z,0.007
2026-04-05T18:22:23.3535289Z,0.002
2026-04-05T18:22:23.3535543Z,0.001
2026-04-05T18:22:23.3836211Z,0.003
2026-04-05T18:22:23.4144492Z,0.006
2026-04-05T18:22:23.4146488Z,0.001
2026-04-05T18:22:23.4146937Z,0.001
2026-04-05T18:22:23.4443845Z,0.003
2026-04-05T18:22:23.4750387Z,0.007
2026-04-05T18:22:23.4752617Z,0.002
2026-04-05T18:22:23.4752794Z,0.001
2026-04-05T18:22:23.4752938Z,0.001
2026-04-05T18:22:23.4753068Z,0.001
2026-04-05T18:22:23.4753203Z,0.001
2026-04-05T18:22:23.4753471Z,0.001
2026-04-05T18:22:23.4753605Z,0.001
2026-04-05T18:22:23.4753737Z,0.001
2026-04-05T18:22:23.4753860Z,0.001
2026-04-05T18:22:23.4753986Z,0.001
2026-04-05T18:22:23.4754111Z,0.001
2026-04-05T18:22:23.4754239Z,0.001
2026-04-05T18:22:23.4754589Z,0.001
2026-04-05T18:22:23.4754720Z,0.001
2026-04-05T18:22:23.4754844Z,0.001
2026-04-05T18:22:23.4755046Z,0.001
2026-04-05T18:22:23.4755174Z,0.001
2026-04-05T18:22:23.4755301Z,0.001
2026-04-05T18:22:23.4755425Z,0.001
2026-04-05T18:22:23.4755550Z,0.001
2026-04-05T18:22:23.4755673Z,0.001
2026-04-05T18:22:23.4755857Z,0.001
2026-04-05T18:22:23.4756030Z,0.001
2026-04-05T18:22:23.4756191Z,0.001
2026-04-05T18:22:23.4756359Z,0.001
2026-04-05T18:22:23.4756628Z,0.001
2026-04-05T18:22:23.4756804Z,0.001
2026-04-05T18:22:23.4756971Z,0.001
2026-04-05T18:22:23.4757157Z,0.001
2026-04-05T18:22:23.4757365Z,0.001
2026-04-05T18:22:23.4757742Z,0.001
2026-04-05T18:22:23.4757943Z,0.001
2026-04-05T18:22:23.4758964Z,0.005
2026-04-05T18:22:23.5063973Z,0.006
2026-04-05T18:22:23.5368822Z,0.004
2026-04-05T18:22:23.5369995Z,0.001
2026-04-05T18:22:23.5674283Z,0.002
2026-04-05T18:22:23.5676510Z,0.001
2026-04-05T18:22:23.5992997Z,0.025
2026-04-05T18:22:23.5994834Z,0.002
2026-04-05T18:22:23.6311576Z,0.007
2026-04-05T18:22:23.6325895Z,0.006
2026-04-05T18:22:23.6326243Z,0.001
2026-04-05T18:22:23.6620998Z,0.004
2026-04-05T18:22:23.6639039Z,0.007
2026-04-05T18:22:23.6933137Z,0.002
2026-04-05T18:22:23.6944085Z,0.003
2026-04-05T18:22:23.7233625Z,0.005
2026-04-05T18:22:23.7234942Z,0.001
2026-04-05T18:22:23.7235125Z,0.000
2026-04-05T18:22:23.7551998Z,0.024
2026-04-05T18:22:23.7862308Z,0.003
2026-04-05T18:22:23.8177000Z,0.003
2026-04-05T18:22:23.8493893Z,0.016
2026-04-05T18:22:23.8800909Z,0.007
2026-04-05T18:22:23.8804111Z,0.005
2026-04-05T18:22:23.8804374Z,0.001
2026-04-05T18:22:23.9115834Z,0.045
2026-04-05T18:22:23.9129167Z,0.007
2026-04-05T18:22:23.9129779Z,0.001
2026-04-05T18:22:23.9424787Z,0.003
2026-04-05T18:22:23.9427736Z,0.007
2026-04-05T18:22:23.9733355Z,0.002
2026-04-05T18:22:24.0040822Z,0.003
2026-04-05T18:22:24.0353794Z,0.002
2026-04-05T18:22:24.0665672Z,0.007
2026-04-05T18:22:24.0667754Z,0.002
2026-04-05T18:22:24.0667994Z,0.001
2026-04-05T18:22:24.0973853Z,0.007
2026-04-05T18:22:24.0975595Z,0.002
2026-04-05T18:22:24.0975999Z,0.001
2026-04-05T18:22:24.1291026Z,0.006
2026-04-05T18:22:24.1606819Z,0.004
2026-04-05T18:22:24.1917093Z,0.008
2026-04-05T18:22:24.2228742Z,0.003
2026-04-05T18:22:24.2551577Z,0.002
2026-04-05T18:22:24.2566761Z,0.005
2026-04-05T18:22:24.2861070Z,0.008
2026-04-05T18:22:24.2863222Z,0.002
2026-04-05T18:22:24.3165024Z,0.006
2026-04-05T18:22:24.3173986Z,0.004
2026-04-05T18:22:24.3481920Z,0.005
2026-04-05T18:22:24.3794912Z,0.002
2026-04-05T18:22:24.4109341Z,0.002
2026-04-05T18:22:24.4122762Z,0.002
2026-04-05T18:22:24.4418235Z,0.005
2026-04-05T18:22:24.4421697Z,0.005
2026-04-05T18:22:24.4731459Z,0.002
2026-04-05T18:22:24.5043014Z,0.001
2026-04-05T18:22:24.5052849Z,0.004
2026-04-05T18:22:24.5359902Z,0.005
2026-04-05T18:22:24.5361369Z,0.001
2026-04-05T18:22:24.5361750Z,0.001
2026-04-05T18:22:24.5679589Z,0.002
2026-04-05T18:22:24.5987560Z,0.002
2026-04-05T18:22:24.5989143Z,0.001
2026-04-05T18:22:24.6290078Z,0.009
2026-04-05T18:22:24.6607080Z,0.005
2026-04-05T18:22:24.6919685Z,0.005
2026-04-05T18:22:24.7230981Z,0.002
2026-04-05T18:22:24.7546807Z,0.002
2026-04-05T18:22:24.7861551Z,0.002
2026-04-05T18:22:24.8166596Z,0.004
2026-04-05T18:22:24.8177307Z,0.004
2026-04-05T18:22:24.8475896Z,0.006
2026-04-05T18:22:24.8787540Z,0.002
2026-04-05T18:22:24.8804926Z,0.005
2026-04-05T18:22:24.9108559Z,0.004
2026-04-05T18:22:24.9109903Z,0.001
2026-04-05T18:22:24.9419218Z,0.002
2026-04-05T18:22:24.9432152Z,0.004
2026-04-05T18:22:24.9730706Z,0.002
2026-04-05T18:22:24.9741757Z,0.003
2026-04-05T18:22:25.0040983Z,0.005
2026-04-05T18:22:25.0042671Z,0.002
2026-04-05T18:22:25.0352691Z,0.002
2026-04-05T18:22:25.0354094Z,0.001
2026-04-05T18:22:25.0661638Z,0.006
2026-04-05T18:22:25.0972322Z,0.005
2026-04-05T18:22:25.0973753Z,0.001
2026-04-05T18:22:25.1292501Z,0.004
2026-04-05T18:22:25.1609493Z,0.002
2026-04-05T18:22:25.1926827Z,0.002
2026-04-05T18:22:25.1928356Z,0.001
2026-04-05T18:22:25.2241005Z,0.004
2026-04-05T18:22:25.2242455Z,0.001
2026-04-05T18:22:25.2242682Z,0.000
2026-04-05T18:22:25.2558318Z,0.004
2026-04-05T18:22:25.2560031Z,0.001
2026-04-05T18:22:25.2864484Z,0.002
2026-04-05T18:22:25.2865950Z,0.001
2026-04-05T18:22:25.3192375Z,0.003
2026-04-05T18:22:25.3501588Z,0.005
2026-04-05T18:22:25.3814563Z,0.009
2026-04-05T18:22:25.4121737Z,0.006
2026-04-05T18:22:25.4435710Z,0.004
2026-04-05T18:22:25.4456505Z,0.007
2026-04-05T18:22:25.4456884Z,0.001
2026-04-05T18:22:25.4738198Z,0.003
2026-04-05T18:22:25.4739975Z,0.001
2026-04-05T18:22:25.5290311Z,0.002
2026-04-05T18:22:25.5647331Z,0.002
2026-04-05T18:22:25.5648898Z,0.001
2026-04-05T18:22:25.5945040Z,0.002
2026-04-05T18:22:25.6169446Z,0.002
2026-04-05T18:22:25.6170957Z,0.001
2026-04-05T18:22:25.6467677Z,0.004
2026-04-05T18:22:25.6793563Z,0.004
2026-04-05T18:22:25.7100257Z,0.004
2026-04-05T18:22:25.7111074Z,0.004
2026-04-05T18:22:25.7409459Z,0.002
2026-04-05T18:22:25.7723615Z,0.002
2026-04-05T18:22:25.7733389Z,0.004
2026-04-05T18:22:25.8040550Z,0.002
2026-04-05T18:22:25.8210560Z,0.003
2026-04-05T18:22:25.8211506Z,0.001
2026-04-05T18:22:25.8211793Z,0.000
2026-04-05T18:22:25.8212071Z,0.000
2026-04-05T18:22:25.8212311Z,0.000
2026-04-05T18:22:25.8212503Z,0.000
2026-04-05T18:22:25.8212745Z,0.000
2026-04-05T18:22:25.8213057Z,0.000
2026-04-05T18:22:25.8213215Z,0.000
2026-04-05T18:22:25.8213455Z,0.000
2026-04-05T18:22:25.8213780Z,0.000
2026-04-05T18:22:25.8214060Z,0.001
2026-04-05T18:22:25.8221576Z,0.003
2026-04-05T18:22:25.8222655Z,0.001
2026-04-05T18:22:25.8223147Z,0.000
2026-04-05T18:22:25.8223460Z,0.000
2026-04-05T18:22:25.8223621Z,0.000
2026-04-05T18:22:25.8223773Z,0.000
2026-04-05T18:22:25.8223991Z,0.000
2026-04-05T18:22:25.8224355Z,0.000
2026-04-05T18:22:25.8224655Z,0.000
2026-04-05T18:22:25.8224896Z,0.000
2026-04-05T18:22:25.8225091Z,0.000
2026-04-05T18:22:25.8225247Z,0.000
2026-04-05T18:22:25.8225474Z,0.008
2026-04-05T18:22:25.8225629Z,0.000
2026-04-05T18:22:25.8225913Z,0.000
2026-04-05T18:22:25.8226153Z,0.000
2026-04-05T18:22:25.8226351Z,0.000
2026-04-05T18:22:25.8226510Z,0.000
2026-04-05T18:22:25.8226685Z,0.000
2026-04-05T18:22:25.8226840Z,0.000
2026-04-05T18:22:25.8227111Z,0.009
2026-04-05T18:22:25.8227361Z,0.001
2026-04-05T18:22:25.8227707Z,0.001
2026-04-05T18:22:25.8356000Z,0.005
2026-04-05T18:22:25.8357589Z,0.002
2026-04-05T18:22:25.8661474Z,0.005
2026-04-05T18:22:25.8981838Z,0.004
2026-04-05T18:22:25.9300292Z,0.004
2026-04-05T18:22:25.9301348Z,0.001
2026-04-05T18:22:25.9301627Z,0.015
2026-04-05T18:22:25.9301735Z,0.001
2026-04-05T18:22:25.9301832Z,0.001
2026-04-05T18:22:25.9301933Z,0.001
2026-04-05T18:22:25.9302157Z,0.000
2026-04-05T18:22:25.9302283Z,0.001
2026-04-05T18:22:25.9609612Z,0.002
2026-04-05T18:22:25.9610715Z,0.001
2026-04-05T18:22:25.9937076Z,0.005
2026-04-05T18:22:25.9938172Z,0.001
2026-04-05T18:22:25.9938266Z,0.000
2026-04-05T18:22:25.9938334Z,0.000
2026-04-05T18:22:25.9938397Z,0.000
2026-04-05T18:22:25.9938459Z,0.000
2026-04-05T18:22:25.9938526Z,0.000
2026-04-05T18:22:25.9938589Z,0.000
2026-04-05T18:22:25.9938651Z,0.000
2026-04-05T18:22:25.9938717Z,0.000
2026-04-05T18:22:25.9938864Z,0.001
2026-04-05T18:22:25.9938964Z,0.001
2026-04-05T18:22:25.9939059Z,0.001
2026-04-05T18:22:25.9939155Z,0.000
2026-04-05T18:22:25.9939248Z,0.001
2026-04-05T18:22:25.9939341Z,0.000
2026-04-05T18:22:25.9939434Z,0.001
2026-04-05T18:22:25.9939526Z,0.001
2026-04-05T18:22:25.9939626Z,0.001
2026-04-05T18:22:25.9940584Z,0.084
2026-04-05T18:22:25.9941229Z,0.001
2026-04-05T18:22:25.9941365Z,0.001
2026-04-05T18:22:25.9941476Z,0.001
2026-04-05T18:22:26.0247628Z,0.006
2026-04-05T18:22:26.0551328Z,0.001
2026-04-05T18:22:26.0876500Z,0.001
2026-04-05T18:22:26.1181440Z,0.002
2026-04-05T18:22:26.1182536Z,0.000
2026-04-05T18:22:26.1478323Z,0.004
2026-04-05T18:22:26.1485283Z,0.003
2026-04-05T18:22:26.1795898Z,0.002
2026-04-05T18:22:26.1802203Z,0.002
2026-04-05T18:22:26.2107362Z,0.002
2026-04-05T18:22:26.2116168Z,0.003
2026-04-05T18:22:26.2418256Z,0.005
2026-04-05T18:22:26.2428336Z,0.005
2026-04-05T18:22:26.2724563Z,0.004
2026-04-05T18:22:26.2725619Z,0.001
2026-04-05T18:22:26.3042174Z,0.002
2026-04-05T18:22:26.3358782Z,0.003
2026-04-05T18:22:26.3663296Z,0.005
2026-04-05T18:22:26.3665286Z,0.002
2026-04-05T18:22:26.3981219Z,0.005
2026-04-05T18:22:26.3994544Z,0.005
2026-04-05T18:22:26.4281152Z,0.006
2026-04-05T18:22:26.4590775Z,0.006
2026-04-05T18:22:26.4897987Z,0.008
2026-04-05T18:22:26.4902264Z,0.003
2026-04-05T18:22:26.5210602Z,0.004
2026-04-05T18:22:26.5226629Z,0.006
2026-04-05T18:22:26.5524387Z,0.006
2026-04-05T18:22:26.5526409Z,0.002
2026-04-05T18:22:26.5827439Z,0.003
2026-04-05T18:22:26.6136092Z,0.008
2026-04-05T18:22:26.6150857Z,0.005
2026-04-05T18:22:26.6451263Z,0.007
2026-04-05T18:22:26.6754824Z,0.005
2026-04-05T18:22:26.6766866Z,0.005
2026-04-05T18:22:26.7063452Z,0.002
2026-04-05T18:22:26.7376340Z,0.002
2026-04-05T18:22:26.7386345Z,0.003
2026-04-05T18:22:26.7687231Z,0.006
2026-04-05T18:22:26.7689150Z,0.001
2026-04-05T18:22:26.8003347Z,0.003
2026-04-05T18:22:26.8317812Z,0.002
2026-04-05T18:22:26.8319784Z,0.002
2026-04-05T18:22:26.8628551Z,0.022
2026-04-05T18:22:26.8632530Z,0.003
2026-04-05T18:22:26.8942102Z,0.003
2026-04-05T18:22:26.8977211Z,0.009
2026-04-05T18:22:26.9250748Z,0.005
2026-04-05T18:22:26.9565333Z,0.007
2026-04-05T18:22:26.9574668Z,0.004
2026-04-05T18:22:26.9880066Z,0.004
2026-04-05T18:22:26.9883080Z,0.002
2026-04-05T18:22:27.0196659Z,0.007
2026-04-05T18:22:27.0508149Z,0.004
2026-04-05T18:22:27.0814465Z,0.005
2026-04-05T18:22:27.1133798Z,0.002
2026-04-05T18:22:27.1457720Z,0.048
2026-04-05T18:22:27.1463428Z,0.004
2026-04-05T18:22:27.1769199Z,0.002
2026-04-05T18:22:27.2082026Z,0.008
2026-04-05T18:22:27.2096727Z,0.005
2026-04-05T18:22:27.2097581Z,0.001
2026-04-05T18:22:27.2387473Z,0.003
2026-04-05T18:22:27.2696140Z,0.003
2026-04-05T18:22:27.2712212Z,0.002
2026-04-05T18:22:27.3004302Z,0.002
2026-04-05T18:22:27.3006886Z,0.001
2026-04-05T18:22:27.3319034Z,0.003
2026-04-05T18:22:27.3625253Z,0.007
2026-04-05T18:22:27.3628921Z,0.005
2026-04-05T18:22:27.3934832Z,0.004
2026-04-05T18:22:27.3936752Z,0.002
2026-04-05T18:22:27.4250973Z,0.007
2026-04-05T18:22:27.4564120Z,0.003
2026-04-05T18:22:27.4873621Z,0.007
2026-04-05T18:22:27.5187903Z,0.002
2026-04-05T18:22:27.5198330Z,0.003
2026-04-05T18:22:27.5499901Z,0.002
2026-04-05T18:22:27.5501703Z,0.001
2026-04-05T18:22:27.5815653Z,0.005
2026-04-05T18:22:27.6117741Z,0.002
2026-04-05T18:22:27.6129255Z,0.003
2026-04-05T18:22:27.6434854Z,0.002
2026-04-05T18:22:27.6747963Z,0.002
2026-04-05T18:22:27.6750094Z,0.001
2026-04-05T18:22:27.7063073Z,0.002
2026-04-05T18:22:27.7375011Z,0.006
2026-04-05T18:22:27.7383292Z,0.007
2026-04-05T18:22:27.7682457Z,0.002
2026-04-05T18:22:27.7684212Z,0.001
2026-04-05T18:22:27.7990837Z,0.002
2026-04-05T18:22:27.8306820Z,0.004
2026-04-05T18:22:27.8316321Z,0.004
2026-04-05T18:22:27.8317008Z,0.001
2026-04-05T18:22:27.8611793Z,0.002
2026-04-05T18:22:27.8934128Z,0.006
2026-04-05T18:22:27.9246384Z,0.002
2026-04-05T18:22:27.9558019Z,0.005
2026-04-05T18:22:27.9856758Z,0.002
2026-04-05T18:22:28.0179062Z,0.002
2026-04-05T18:22:28.0181314Z,0.001
2026-04-05T18:22:28.0485996Z,0.005
2026-04-05T18:22:28.0493040Z,0.002
2026-04-05T18:22:28.0798296Z,0.006
2026-04-05T18:22:28.0800065Z,0.002
2026-04-05T18:22:28.0800573Z,0.001
2026-04-05T18:22:28.1114200Z,0.004
2026-04-05T18:22:28.1426606Z,0.002
2026-04-05T18:22:28.1428528Z,0.001
2026-04-05T18:22:28.1733495Z,0.002
2026-04-05T18:22:28.1746214Z,0.005
2026-04-05T18:22:28.1746624Z,0.001
2026-04-05T18:22:28.2049635Z,0.006
2026-04-05T18:22:28.2057894Z,0.004
2026-04-05T18:22:28.2367981Z,0.005
2026-04-05T18:22:28.2369357Z,0.001
2026-04-05T18:22:28.2676988Z,0.005
2026-04-05T18:22:28.2679780Z,0.002
2026-04-05T18:22:28.2983969Z,0.004
2026-04-05T18:22:28.3300311Z,0.002
2026-04-05T18:22:28.3315930Z,0.003
2026-04-05T18:22:28.3316543Z,0.001
2026-04-05T18:22:28.3317226Z,0.001
2026-04-05T18:22:28.3317626Z,0.001
2026-04-05T18:22:28.3318053Z,0.001
2026-04-05T18:22:28.3318487Z,0.001
2026-04-05T18:22:28.3319164Z,0.001
2026-04-05T18:22:28.3319754Z,0.001
2026-04-05T18:22:28.3320232Z,0.001
2026-04-05T18:22:28.3342933Z,0.005
2026-04-05T18:22:28.3344385Z,0.001
2026-04-05T18:22:28.3345023Z,0.001
2026-04-05T18:22:28.3345518Z,0.001
2026-04-05T18:22:28.3346035Z,0.001
2026-04-05T18:22:28.3346460Z,0.001
2026-04-05T18:22:28.3347013Z,0.001
2026-04-05T18:22:28.3347313Z,0.001
2026-04-05T18:22:28.3347893Z,0.001
2026-04-05T18:22:28.3348479Z,0.001
2026-04-05T18:22:28.3348811Z,0.001
2026-04-05T18:22:28.3349094Z,0.001
2026-04-05T18:22:28.3349470Z,0.001
2026-04-05T18:22:28.3349807Z,0.001
2026-04-05T18:22:28.3350193Z,0.001
2026-04-05T18:22:28.3350739Z,0.001
2026-04-05T18:22:28.3351343Z,0.001
2026-04-05T18:22:28.3351961Z,0.001
2026-04-05T18:22:28.3353877Z,0.002
2026-04-05T18:22:28.3354519Z,0.001
2026-04-05T18:22:28.3355255Z,0.001
2026-04-05T18:22:28.3357534Z,0.004
2026-04-05T18:22:28.3358330Z,0.001
2026-04-05T18:22:28.3358953Z,0.001
2026-04-05T18:22:28.3359292Z,0.001
2026-04-05T18:22:28.3359671Z,0.008
2026-04-05T18:22:28.3359980Z,0.001
2026-04-05T18:22:28.3360295Z,0.001
2026-04-05T18:22:28.3360665Z,0.001
2026-04-05T18:22:28.3360957Z,0.001
2026-04-05T18:22:28.3361544Z,0.001
2026-04-05T18:22:28.3361879Z,0.001
2026-04-05T18:22:28.3362709Z,0.001
2026-04-05T18:22:28.3363723Z,0.001
2026-04-05T18:22:28.3364196Z,0.001
2026-04-05T18:22:28.3367933Z,0.013
2026-04-05T18:22:28.3368279Z,0.001
2026-04-05T18:22:28.3368563Z,0.001
2026-04-05T18:22:28.3369214Z,0.001
2026-04-05T18:22:28.3604444Z,0.002
2026-04-05T18:22:28.3607190Z,0.001
2026-04-05T18:22:28.3921685Z,0.004
2026-04-05T18:22:28.4249442Z,0.006
2026-04-05T18:22:28.4251527Z,0.002
2026-04-05T18:22:28.4251880Z,0.001
2026-04-05T18:22:28.4252064Z,0.001
2026-04-05T18:22:28.4252256Z,0.001
2026-04-05T18:22:28.4252446Z,0.001
2026-04-05T18:22:28.4252706Z,0.001
2026-04-05T18:22:28.4252900Z,0.001
2026-04-05T18:22:28.4253263Z,0.001
2026-04-05T18:22:28.4556151Z,0.004
2026-04-05T18:22:28.4558134Z,0.002
2026-04-05T18:22:28.4866928Z,0.003
2026-04-05T18:22:28.4868777Z,0.001
2026-04-05T18:22:28.4869060Z,0.001
2026-04-05T18:22:28.4869191Z,0.001
2026-04-05T18:22:28.4869319Z,0.001
2026-04-05T18:22:28.4869450Z,0.001
2026-04-05T18:22:28.4869584Z,0.001
2026-04-05T18:22:28.4869706Z,0.001
2026-04-05T18:22:28.4869827Z,0.001
2026-04-05T18:22:28.4869951Z,0.001
2026-04-05T18:22:28.4870076Z,0.001
2026-04-05T18:22:28.4870198Z,0.001
2026-04-05T18:22:28.4870404Z,0.001
2026-04-05T18:22:28.4870533Z,0.001
2026-04-05T18:22:28.4870657Z,0.001
2026-04-05T18:22:28.4870787Z,0.001
2026-04-05T18:22:28.4870906Z,0.001
2026-04-05T18:22:28.4871028Z,0.001
2026-04-05T18:22:28.4871149Z,0.001
2026-04-05T18:22:28.4871273Z,0.001
2026-04-05T18:22:28.4871392Z,0.001
2026-04-05T18:22:28.4871515Z,0.001
2026-04-05T18:22:28.4871716Z,0.001
2026-04-05T18:22:28.4871841Z,0.001
2026-04-05T18:22:28.4871962Z,0.001
2026-04-05T18:22:28.4872085Z,0.001
2026-04-05T18:22:28.4872208Z,0.001
2026-04-05T18:22:28.4872352Z,0.001
2026-04-05T18:22:28.4872721Z,0.001
2026-04-05T18:22:28.4872852Z,0.001
2026-04-05T18:22:28.4872976Z,0.001
2026-04-05T18:22:28.4873101Z,0.001
2026-04-05T18:22:28.4873292Z,0.007
2026-04-05T18:22:28.4873423Z,0.001
2026-04-05T18:22:28.4873548Z,0.001
2026-04-05T18:22:28.4873671Z,0.001
2026-04-05T18:22:28.4873794Z,0.001
2026-04-05T18:22:28.4873917Z,0.001
2026-04-05T18:22:28.4874037Z,0.001
2026-04-05T18:22:28.5195086Z,0.003
2026-04-05T18:22:28.5206156Z,0.004
2026-04-05T18:22:28.5206654Z,0.001
2026-04-05T18:22:28.5496676Z,0.008
2026-04-05T18:22:28.5498901Z,0.002
2026-04-05T18:22:28.5809314Z,0.006
2026-04-05T18:22:28.6122084Z,0.003
2026-04-05T18:22:28.6430626Z,0.004
2026-04-05T18:22:28.6731633Z,0.009
2026-04-05T18:22:28.7050687Z,0.007
2026-04-05T18:22:28.7367906Z,0.003
2026-04-05T18:22:28.7369750Z,0.001
2026-04-05T18:22:28.7669120Z,0.003
2026-04-05T18:22:28.7671438Z,0.001
2026-04-05T18:22:28.7976138Z,0.002
2026-04-05T18:22:28.7978026Z,0.001
2026-04-05T18:22:28.8291197Z,0.003
2026-04-05T18:22:28.8605856Z,0.004
2026-04-05T18:22:28.8914996Z,0.006
2026-04-05T18:22:28.9221940Z,0.007
2026-04-05T18:22:28.9232341Z,0.004
2026-04-05T18:22:28.9533934Z,0.006
2026-04-05T18:22:28.9535659Z,0.001
2026-04-05T18:22:28.9535860Z,0.001
2026-04-05T18:22:28.9843536Z,0.035
2026-04-05T18:22:29.0155029Z,0.004
2026-04-05T18:22:29.0161338Z,0.004
2026-04-05T18:22:29.0469702Z,0.002
2026-04-05T18:22:29.0780541Z,0.002
2026-04-05T18:22:29.0782014Z,0.002
2026-04-05T18:22:29.1004538Z,0.002
2026-04-05T18:22:29.1014047Z,0.005
2026-04-05T18:22:29.1014431Z,0.001
2026-04-05T18:22:29.1309410Z,0.002
2026-04-05T18:22:29.1718969Z,0.005
2026-04-05T18:22:29.1903189Z,0.005
2026-04-05T18:22:29.1905760Z,0.003
2026-04-05T18:22:29.2214949Z,0.003
2026-04-05T18:22:29.2537106Z,0.005
2026-04-05T18:22:29.2853457Z,0.005
2026-04-05T18:22:29.2855040Z,0.001
2026-04-05T18:22:29.3164635Z,0.001
2026-04-05T18:22:29.3171306Z,0.003
2026-04-05T18:22:29.3477819Z,0.002
2026-04-05T18:22:29.3479637Z,0.002
2026-04-05T18:22:29.3786544Z,0.003
2026-04-05T18:22:29.3792311Z,0.002
2026-04-05T18:22:29.4102451Z,0.004
2026-04-05T18:22:29.4423217Z,0.005
2026-04-05T18:22:29.4738926Z,0.001
2026-04-05T18:22:29.5056996Z,0.002
2026-04-05T18:22:29.5071762Z,0.005
2026-04-05T18:22:29.5371998Z,0.002
2026-04-05T18:22:29.5373780Z,0.001
2026-04-05T18:22:29.5676948Z,0.004
2026-04-05T18:22:29.5996766Z,0.002
2026-04-05T18:22:29.6003408Z,0.002
2026-04-05T18:22:29.6003760Z,0.000
2026-04-05T18:22:29.6314913Z,0.002
2026-04-05T18:22:29.6316363Z,0.002
2026-04-05T18:22:29.6630663Z,0.003
2026-04-05T18:22:29.6946941Z,0.001
2026-04-05T18:22:29.6955514Z,0.004
2026-04-05T18:22:29.7261797Z,0.037
2026-04-05T18:22:29.7579373Z,0.003
2026-04-05T18:22:29.7585410Z,0.002
2026-04-05T18:22:29.7881916Z,0.001
2026-04-05T18:22:29.8196214Z,0.004
2026-04-05T18:22:29.8509967Z,0.003
2026-04-05T18:22:29.8522895Z,0.002
2026-04-05T18:22:29.8824611Z,0.005
2026-04-05T18:22:29.9140789Z,0.006
2026-04-05T18:22:29.9154356Z,0.002
2026-04-05T18:22:29.9448653Z,0.003
2026-04-05T18:22:29.9463781Z,0.009
2026-04-05T18:22:29.9762262Z,0.005
2026-04-05T18:22:30.0077728Z,0.003
2026-04-05T18:22:30.0092530Z,0.048
2026-04-05T18:22:30.0092949Z,0.001
2026-04-05T18:22:30.0403536Z,0.006
2026-04-05T18:22:30.0405513Z,0.001
2026-04-05T18:22:30.0405718Z,0.001
2026-04-05T18:22:30.0713972Z,0.003
2026-04-05T18:22:30.1022918Z,0.007
2026-04-05T18:22:30.1024810Z,0.002
2026-04-05T18:22:30.1325559Z,0.006
2026-04-05T18:22:30.1327369Z,0.002
2026-04-05T18:22:30.1638826Z,0.003
2026-04-05T18:22:30.1954587Z,0.008
2026-04-05T18:22:30.1967252Z,0.004
2026-04-05T18:22:30.2257781Z,0.005
2026-04-05T18:22:30.2271429Z,0.006
2026-04-05T18:22:30.2564561Z,0.003
2026-04-05T18:22:30.2874043Z,0.003
2026-04-05T18:22:30.2889598Z,0.005
2026-04-05T18:22:30.3182552Z,0.003
2026-04-05T18:22:30.3495915Z,0.003
2026-04-05T18:22:30.3812384Z,0.004
2026-04-05T18:22:30.4121073Z,0.007
2026-04-05T18:22:30.4439805Z,0.003
2026-04-05T18:22:30.4442581Z,0.004
2026-04-05T18:22:30.4748804Z,0.003
2026-04-05T18:22:30.5063528Z,0.003
2026-04-05T18:22:30.5375396Z,0.003
2026-04-05T18:22:30.5392469Z,0.004
2026-04-05T18:22:30.5689186Z,0.008
2026-04-05T18:22:30.5691819Z,0.004
2026-04-05T18:22:30.5692264Z,0.001
2026-04-05T18:22:30.5989118Z,0.007
2026-04-05T18:22:30.5991016Z,0.002
2026-04-05T18:22:30.6300957Z,0.003
2026-04-05T18:22:30.6618282Z,0.008
2026-04-05T18:22:30.6936261Z,0.003
2026-04-05T18:22:30.6938585Z,0.016
2026-04-05T18:22:30.7250760Z,0.003
2026-04-05T18:22:30.7568285Z,0.007
2026-04-05T18:22:30.7876795Z,0.006
2026-04-05T18:22:30.7890370Z,0.006
2026-04-05T18:22:30.8195030Z,0.004
2026-04-05T18:22:30.8367011Z,0.006
2026-04-05T18:22:30.8369083Z,0.002
2026-04-05T18:22:30.8369676Z,0.001
2026-04-05T18:22:30.8370298Z,0.001
2026-04-05T18:22:30.8371101Z,0.001
2026-04-05T18:22:30.8371607Z,0.001
2026-04-05T18:22:30.8372552Z,0.002
2026-04-05T18:22:30.8373086Z,0.001
2026-04-05T18:22:30.8374056Z,0.002
2026-04-05T18:22:30.8406358Z,0.005
2026-04-05T18:22:30.8408136Z,0.001
2026-04-05T18:22:30.8408803Z,0.001
2026-04-05T18:22:30.8409391Z,0.001
2026-04-05T18:22:30.8409881Z,0.001
2026-04-05T18:22:30.8410249Z,0.001
2026-04-05T18:22:30.8410935Z,0.017
2026-04-05T18:22:30.8411432Z,0.001
2026-04-05T18:22:30.8411852Z,0.001
2026-04-05T18:22:30.8412289Z,0.001
2026-04-05T18:22:30.8414718Z,0.006
2026-04-05T18:22:30.8415621Z,0.002
2026-04-05T18:22:30.8419220Z,0.004
2026-04-05T18:22:30.8420507Z,0.001
2026-04-05T18:22:30.8424244Z,0.005
2026-04-05T18:22:30.8425587Z,0.002
2026-04-05T18:22:30.8428180Z,0.004
2026-04-05T18:22:30.8431311Z,0.005
2026-04-05T18:22:30.8436879Z,0.025
2026-04-05T18:22:30.8441437Z,0.005
2026-04-05T18:22:30.8443004Z,0.005
2026-04-05T18:22:30.8444282Z,0.002
2026-04-05T18:22:30.8450331Z,0.004
2026-04-05T18:22:30.8451909Z,0.002
2026-04-05T18:22:30.8455051Z,0.004
2026-04-05T18:22:30.8455715Z,0.001
2026-04-05T18:22:30.8456357Z,0.001
2026-04-05T18:22:30.8457012Z,0.001
2026-04-05T18:22:30.8457769Z,0.002
2026-04-05T18:22:30.8458334Z,0.001
2026-04-05T18:22:30.8462847Z,0.005
2026-04-05T18:22:30.8467711Z,0.005
2026-04-05T18:22:30.8468325Z,0.001
2026-04-05T18:22:30.8469077Z,0.001
2026-04-05T18:22:30.8469546Z,0.001
2026-04-05T18:22:30.8470168Z,0.016
2026-04-05T18:22:30.8513044Z,0.005
2026-04-05T18:22:30.8515038Z,0.009
2026-04-05T18:22:30.8827776Z,0.002
2026-04-05T18:22:30.8829230Z,0.009
2026-04-05T18:22:30.9144372Z,0.006
2026-04-05T18:22:30.9146648Z,0.002
2026-04-05T18:22:30.9146891Z,0.001
2026-04-05T18:22:30.9147055Z,0.001
2026-04-05T18:22:30.9147187Z,0.001
2026-04-05T18:22:30.9147316Z,0.001
2026-04-05T18:22:30.9147472Z,0.001
2026-04-05T18:22:30.9147600Z,0.001
2026-04-05T18:22:30.9147732Z,0.001
2026-04-05T18:22:30.9451057Z,0.006
2026-04-05T18:22:30.9463744Z,0.003
2026-04-05T18:22:30.9768961Z,0.003
2026-04-05T18:22:30.9795372Z,0.011
2026-04-05T18:22:30.9796076Z,0.001
2026-04-05T18:22:30.9796256Z,0.001
2026-04-05T18:22:30.9796408Z,0.001
2026-04-05T18:22:30.9796889Z,0.001
2026-04-05T18:22:30.9797046Z,0.001
2026-04-05T18:22:30.9797192Z,0.001
2026-04-05T18:22:30.9797329Z,0.001
2026-04-05T18:22:30.9797474Z,0.001
2026-04-05T18:22:30.9797617Z,0.001
2026-04-05T18:22:30.9797753Z,0.001
2026-04-05T18:22:30.9797892Z,0.001
2026-04-05T18:22:30.9798030Z,0.001
2026-04-05T18:22:30.9798165Z,0.001
2026-04-05T18:22:30.9798389Z,0.001
2026-04-05T18:22:30.9798541Z,0.001
2026-04-05T18:22:30.9798679Z,0.001
2026-04-05T18:22:30.9798847Z,0.001
2026-04-05T18:22:30.9798987Z,0.001
2026-04-05T18:22:30.9799125Z,0.001
2026-04-05T18:22:30.9799263Z,0.001
2026-04-05T18:22:30.9799399Z,0.001
2026-04-05T18:22:30.9799534Z,0.001
2026-04-05T18:22:30.9799670Z,0.001
2026-04-05T18:22:30.9799895Z,0.001
2026-04-05T18:22:30.9800032Z,0.001
2026-04-05T18:22:30.9800172Z,0.001
2026-04-05T18:22:30.9800309Z,0.001
2026-04-05T18:22:30.9800452Z,0.001
2026-04-05T18:22:30.9800591Z,0.001
2026-04-05T18:22:30.9800732Z,0.001
2026-04-05T18:22:30.9800873Z,0.001
2026-04-05T18:22:30.9801024Z,0.001
2026-04-05T18:22:30.9801245Z,0.001
2026-04-05T18:22:30.9801399Z,0.001
2026-04-05T18:22:31.0075984Z,0.007
2026-04-05T18:22:31.0390599Z,0.002
2026-04-05T18:22:31.0404548Z,0.005
2026-04-05T18:22:31.0698711Z,0.006
2026-04-05T18:22:31.1011502Z,0.007
2026-04-05T18:22:31.1013619Z,0.002
2026-04-05T18:22:31.1332696Z,0.003
2026-04-05T18:22:31.1335000Z,0.003
2026-04-05T18:22:31.1335423Z,0.001
2026-04-05T18:22:31.1639290Z,0.005
2026-04-05T18:22:31.1958493Z,0.026
2026-04-05T18:22:31.1974386Z,0.005
2026-04-05T18:22:31.1974778Z,0.001
2026-04-05T18:22:31.2279881Z,0.003
2026-04-05T18:22:31.2586902Z,0.007
2026-04-05T18:22:31.2590487Z,0.003
2026-04-05T18:22:31.2909446Z,0.006
2026-04-05T18:22:31.2911620Z,0.002
2026-04-05T18:22:31.2911853Z,0.001
2026-04-05T18:22:31.3218828Z,0.003
2026-04-05T18:22:31.3519033Z,0.004
2026-04-05T18:22:31.3532627Z,0.005
2026-04-05T18:22:31.3841138Z,0.005
2026-04-05T18:22:31.3852846Z,0.003
2026-04-05T18:22:31.3853107Z,0.001
2026-04-05T18:22:31.4151731Z,0.002
2026-04-05T18:22:31.4160536Z,0.004
2026-04-05T18:22:31.4465081Z,0.004
2026-04-05T18:22:31.4466097Z,0.000
2026-04-05T18:22:31.4782405Z,0.002
2026-04-05T18:22:31.5087510Z,0.003
2026-04-05T18:22:31.5406905Z,0.002
2026-04-05T18:22:31.5727441Z,0.002
2026-04-05T18:22:31.5728586Z,0.001
2026-04-05T18:22:31.6027967Z,0.003
2026-04-05T18:22:31.6029251Z,0.001
2026-04-05T18:22:31.6347030Z,0.003
2026-04-05T18:22:31.6665356Z,0.006
2026-04-05T18:22:31.6964578Z,0.002
2026-04-05T18:22:31.6966059Z,0.001
2026-04-05T18:22:31.7279046Z,0.002
2026-04-05T18:22:31.7605544Z,0.003
2026-04-05T18:22:31.7923173Z,0.003
2026-04-05T18:22:31.7925590Z,0.001
2026-04-05T18:22:31.7925761Z,0.001
2026-04-05T18:22:31.8273129Z,0.008
2026-04-05T18:22:31.8548719Z,0.004
2026-04-05T18:22:31.8862819Z,0.005
2026-04-05T18:22:31.8864195Z,0.001
2026-04-05T18:22:31.9169205Z,0.002
2026-04-05T18:22:31.9481015Z,0.002
2026-04-05T18:22:31.9489129Z,0.003
2026-04-05T18:22:31.9791117Z,0.001
2026-04-05T18:22:32.0103851Z,0.003
2026-04-05T18:22:32.0413626Z,0.004
2026-04-05T18:22:32.0421824Z,0.018
2026-04-05T18:22:32.0725694Z,0.002
2026-04-05T18:22:32.1039036Z,0.002
2026-04-05T18:22:32.1355993Z,0.001
2026-04-05T18:22:32.1357162Z,0.001
2026-04-05T18:22:32.1675923Z,0.005
2026-04-05T18:22:32.1994627Z,0.004
2026-04-05T18:22:32.2010616Z,0.004
2026-04-05T18:22:32.2300611Z,0.003
2026-04-05T18:22:32.2302848Z,0.001
2026-04-05T18:22:32.2303114Z,0.001
2026-04-05T18:22:32.2613999Z,0.007
2026-04-05T18:22:32.2919836Z,0.006
2026-04-05T18:22:32.3223280Z,0.003
2026-04-05T18:22:32.3529233Z,0.002
2026-04-05T18:22:32.3546837Z,0.007
2026-04-05T18:22:32.3834883Z,0.001
2026-04-05T18:22:32.3835842Z,0.005
2026-04-05T18:22:32.4149839Z,0.004
2026-04-05T18:22:32.4157006Z,0.003
2026-04-05T18:22:32.4466071Z,0.002
2026-04-05T18:22:32.4471468Z,0.002
2026-04-05T18:22:32.4779489Z,0.001
2026-04-05T18:22:32.5088445Z,0.005
2026-04-05T18:22:32.5105843Z,0.002
2026-04-05T18:22:32.5403822Z,0.003
2026-04-05T18:22:32.5717085Z,0.003
2026-04-05T18:22:32.6018187Z,0.003
2026-04-05T18:22:32.6335171Z,0.003
2026-04-05T18:22:32.6641435Z,0.003
2026-04-05T18:22:32.6961933Z,0.004
2026-04-05T18:22:32.6981445Z,0.003
2026-04-05T18:22:32.7271662Z,0.004
2026-04-05T18:22:32.7574093Z,0.003
2026-04-05T18:22:32.7576239Z,0.002
2026-04-05T18:22:32.7867870Z,0.003
2026-04-05T18:22:32.8175942Z,0.002
2026-04-05T18:22:32.8190318Z,0.004
2026-04-05T18:22:32.8483531Z,0.005
2026-04-05T18:22:32.8485437Z,0.002
2026-04-05T18:22:32.8800431Z,0.003
2026-04-05T18:22:32.9117456Z,0.003
2026-04-05T18:22:32.9441161Z,0.008
2026-04-05T18:22:32.9444453Z,0.002
2026-04-05T18:22:32.9748232Z,0.005
2026-04-05T18:22:33.0055065Z,0.002
2026-04-05T18:22:33.0519353Z,0.005
2026-04-05T18:22:33.0521534Z,0.001
2026-04-05T18:22:33.0784021Z,0.002
2026-04-05T18:22:33.0785256Z,0.001
2026-04-05T18:22:33.1037069Z,0.003
2026-04-05T18:22:33.1043575Z,0.003
2026-04-05T18:22:33.1349266Z,0.002
2026-04-05T18:22:33.1351967Z,0.002
2026-04-05T18:22:33.1655265Z,0.001
2026-04-05T18:22:33.1656723Z,0.001
2026-04-05T18:22:33.1963161Z,0.002
2026-04-05T18:22:33.1964448Z,0.001
2026-04-05T18:22:33.2271963Z,0.005
2026-04-05T18:22:33.2579385Z,0.005
2026-04-05T18:22:33.2581192Z,0.003
2026-04-05T18:22:33.2886215Z,0.003
2026-04-05T18:22:33.2893795Z,0.005
2026-04-05T18:22:33.3207011Z,0.002
2026-04-05T18:22:33.3510750Z,0.006
2026-04-05T18:22:33.3512159Z,0.001
2026-04-05T18:22:33.3520185Z,0.003
2026-04-05T18:22:33.3521184Z,0.001
2026-04-05T18:22:33.3521473Z,0.000
2026-04-05T18:22:33.3521874Z,0.001
2026-04-05T18:22:33.3522176Z,0.000
2026-04-05T18:22:33.3522411Z,0.000
2026-04-05T18:22:33.3535450Z,0.003
2026-04-05T18:22:33.3536624Z,0.001
2026-04-05T18:22:33.3537150Z,0.001
2026-04-05T18:22:33.3537567Z,0.001
2026-04-05T18:22:33.3538127Z,0.001
2026-04-05T18:22:33.3538594Z,0.001
2026-04-05T18:22:33.3539043Z,0.001
2026-04-05T18:22:33.3539431Z,0.001
2026-04-05T18:22:33.3539649Z,0.001
2026-04-05T18:22:33.3539841Z,0.000
2026-04-05T18:22:33.3540103Z,0.000
2026-04-05T18:22:33.3540310Z,0.000
2026-04-05T18:22:33.3540693Z,0.000
2026-04-05T18:22:33.3541051Z,0.000
2026-04-05T18:22:33.3541351Z,0.001
2026-04-05T18:22:33.3541713Z,0.001
2026-04-05T18:22:33.3541906Z,0.000
2026-04-05T18:22:33.3542133Z,0.000
2026-04-05T18:22:33.3542520Z,0.001
2026-04-05T18:22:33.3542826Z,0.001
2026-04-05T18:22:33.3543124Z,0.000
2026-04-05T18:22:33.3543317Z,0.001
2026-04-05T18:22:33.3543568Z,0.000
2026-04-05T18:22:33.3543767Z,0.000
2026-04-05T18:22:33.3543960Z,0.001
2026-04-05T18:22:33.3544226Z,0.000
2026-04-05T18:22:33.3544635Z,0.001
2026-04-05T18:22:33.3545934Z,0.001
2026-04-05T18:22:33.3546339Z,0.001
2026-04-05T18:22:33.3546771Z,0.001
2026-04-05T18:22:33.3546981Z,0.000
2026-04-05T18:22:33.3547349Z,0.000
2026-04-05T18:22:33.3547737Z,0.001
2026-04-05T18:22:33.3548409Z,0.001
2026-04-05T18:22:33.3548630Z,0.001
2026-04-05T18:22:33.3548875Z,0.000
2026-04-05T18:22:33.3550185Z,0.001
2026-04-05T18:22:33.3822956Z,0.001
2026-04-05T18:22:33.4129861Z,0.002
2026-04-05T18:22:33.4451380Z,0.001
2026-04-05T18:22:33.4452683Z,0.001
2026-04-05T18:22:33.4754648Z,0.005
2026-04-05T18:22:33.4755999Z,0.001
2026-04-05T18:22:33.4756095Z,0.000
2026-04-05T18:22:33.4756237Z,0.000
2026-04-05T18:22:33.4756361Z,0.000
2026-04-05T18:22:33.4756457Z,0.001
2026-04-05T18:22:33.5068651Z,0.001
2026-04-05T18:22:33.5069834Z,0.001
2026-04-05T18:22:33.5070077Z,0.000
2026-04-05T18:22:33.5380227Z,0.002
2026-04-05T18:22:33.5381734Z,0.001
2026-04-05T18:22:33.5381983Z,0.001
2026-04-05T18:22:33.5382130Z,0.001
2026-04-05T18:22:33.5382251Z,0.001
2026-04-05T18:22:33.5382373Z,0.000
2026-04-05T18:22:33.5382478Z,0.001
2026-04-05T18:22:33.5382569Z,0.001
2026-04-05T18:22:33.5382661Z,0.000
2026-04-05T18:22:33.5382754Z,0.000
2026-04-05T18:22:33.5382901Z,0.001
2026-04-05T18:22:33.5382997Z,0.001
2026-04-05T18:22:33.5383158Z,0.001
2026-04-05T18:22:33.5383259Z,0.000
2026-04-05T18:22:33.5383357Z,0.000
2026-04-05T18:22:33.5383454Z,0.001
2026-04-05T18:22:33.5383547Z,0.000
2026-04-05T18:22:33.5383637Z,0.000
2026-04-05T18:22:33.5383727Z,0.000
2026-04-05T18:22:33.5383826Z,0.001
2026-04-05T18:22:33.5383928Z,0.001
2026-04-05T18:22:33.5384024Z,0.000
2026-04-05T18:22:33.5384180Z,0.001
2026-04-05T18:22:33.5384272Z,0.000
2026-04-05T18:22:33.5384375Z,0.001
2026-04-05T18:22:33.5384470Z,0.000
2026-04-05T18:22:33.5384567Z,0.001
2026-04-05T18:22:33.5384657Z,0.000
2026-04-05T18:22:33.5384753Z,0.001
2026-04-05T18:22:33.5384843Z,0.000
2026-04-05T18:22:33.5384934Z,0.000
2026-04-05T18:22:33.5385034Z,0.000
2026-04-05T18:22:33.5385217Z,0.007
2026-04-05T18:22:33.5385321Z,0.001
2026-04-05T18:22:33.5385417Z,0.000
2026-04-05T18:22:33.5385515Z,0.001
2026-04-05T18:22:33.5385794Z,0.001
2026-04-05T18:22:33.5689083Z,0.004
2026-04-05T18:22:33.5696110Z,0.001
2026-04-05T18:22:33.6000442Z,0.001
2026-04-05T18:22:33.6310571Z,0.004
2026-04-05T18:22:33.6618528Z,0.003
2026-04-05T18:22:33.6930095Z,0.002
2026-04-05T18:22:33.7244892Z,0.001
2026-04-05T18:22:33.7252302Z,0.003
2026-04-05T18:22:33.7568449Z,0.002
2026-04-05T18:22:33.7569690Z,0.001
2026-04-05T18:22:33.7875282Z,0.001
2026-04-05T18:22:33.8178830Z,0.004
2026-04-05T18:22:33.8180070Z,0.001
2026-04-05T18:22:33.8180568Z,0.013
2026-04-05T18:22:33.8492964Z,0.008
2026-04-05T18:22:33.8503359Z,0.034
2026-04-05T18:22:33.8810251Z,0.003
2026-04-05T18:22:33.9121322Z,0.003
2026-04-05T18:22:33.9443014Z,0.003
2026-04-05T18:22:33.9445529Z,0.003
2026-04-05T18:22:33.9754602Z,0.043
2026-04-05T18:22:33.9774162Z,0.007
2026-04-05T18:22:34.0079055Z,0.006
2026-04-05T18:22:34.0081137Z,0.001
2026-04-05T18:22:34.0081344Z,0.001
2026-04-05T18:22:34.0381008Z,0.006
2026-04-05T18:22:34.0700028Z,0.007
2026-04-05T18:22:34.1007259Z,0.003
2026-04-05T18:22:34.1314588Z,0.003
2026-04-05T18:22:34.1622994Z,0.035
2026-04-05T18:22:34.1642597Z,0.008
2026-04-05T18:22:34.1941538Z,0.003
2026-04-05T18:22:34.1943437Z,0.002
2026-04-05T18:22:34.2246608Z,0.003
2026-04-05T18:22:34.2266170Z,0.005
2026-04-05T18:22:34.2563289Z,0.008
2026-04-05T18:22:34.2565774Z,0.001
2026-04-05T18:22:34.2870259Z,0.006
2026-04-05T18:22:34.2884824Z,0.005
2026-04-05T18:22:34.3183395Z,0.002
2026-04-05T18:22:34.3495499Z,0.003
2026-04-05T18:22:34.3807849Z,0.007
2026-04-05T18:22:34.3821339Z,0.004
2026-04-05T18:22:34.3822163Z,0.001
2026-04-05T18:22:34.4119043Z,0.005
2026-04-05T18:22:34.4120853Z,0.001
2026-04-05T18:22:34.4431261Z,0.008
2026-04-05T18:22:34.4447453Z,0.003
2026-04-05T18:22:34.4447859Z,0.001
2026-04-05T18:22:34.4744498Z,0.003
2026-04-05T18:22:34.4761400Z,0.003
2026-04-05T18:22:34.5056909Z,0.007
2026-04-05T18:22:34.5366814Z,0.006
2026-04-05T18:22:34.5680655Z,0.006
2026-04-05T18:22:34.5682802Z,0.002
2026-04-05T18:22:34.5991966Z,0.020
2026-04-05T18:22:34.6304036Z,0.007
2026-04-05T18:22:34.6318351Z,0.003
2026-04-05T18:22:34.6623110Z,0.004
2026-04-05T18:22:34.6636337Z,0.005
2026-04-05T18:22:34.6936380Z,0.009
2026-04-05T18:22:34.6938789Z,0.002
2026-04-05T18:22:34.7242038Z,0.007
2026-04-05T18:22:34.7255277Z,0.005
2026-04-05T18:22:34.7255798Z,0.001
2026-04-05T18:22:34.7548629Z,0.003
2026-04-05T18:22:34.7567144Z,0.003
2026-04-05T18:22:34.7857861Z,0.003
2026-04-05T18:22:34.8169916Z,0.006
2026-04-05T18:22:34.8171519Z,0.002
2026-04-05T18:22:34.8478715Z,0.003
2026-04-05T18:22:34.8797715Z,0.003
2026-04-05T18:22:34.8814184Z,0.006
2026-04-05T18:22:34.9118445Z,0.010
2026-04-05T18:22:34.9131118Z,0.007
2026-04-05T18:22:34.9132013Z,0.002
2026-04-05T18:22:34.9429490Z,0.003
2026-04-05T18:22:34.9745728Z,0.004
2026-04-05T18:22:35.0050000Z,0.007
2026-04-05T18:22:35.0370143Z,0.005
2026-04-05T18:22:35.0674699Z,0.003
2026-04-05T18:22:35.0989907Z,0.002
2026-04-05T18:22:35.1298786Z,0.007
2026-04-05T18:22:35.1300556Z,0.001
2026-04-05T18:22:35.1606772Z,0.007
2026-04-05T18:22:35.1621798Z,0.002
2026-04-05T18:22:35.1920453Z,0.003
2026-04-05T18:22:35.1939550Z,0.006
2026-04-05T18:22:35.2230349Z,0.006
2026-04-05T18:22:35.2546506Z,0.004
2026-04-05T18:22:35.2950714Z,0.002
2026-04-05T18:22:35.2964913Z,0.001
2026-04-05T18:22:35.3341440Z,0.005
2026-04-05T18:22:35.3342723Z,0.001
2026-04-05T18:22:35.3535812Z,0.002
2026-04-05T18:22:35.3543522Z,0.003
2026-04-05T18:22:35.3854213Z,0.011
2026-04-05T18:22:35.4174671Z,0.002
2026-04-05T18:22:35.4482007Z,0.004
2026-04-05T18:22:35.4483280Z,0.001
2026-04-05T18:22:35.4803287Z,0.004
2026-04-05T18:22:35.4805655Z,0.003
2026-04-05T18:22:35.5106830Z,0.003
2026-04-05T18:22:35.5108931Z,0.002
2026-04-05T18:22:35.5411938Z,0.008
2026-04-05T18:22:35.5427378Z,0.005
2026-04-05T18:22:35.5728801Z,0.008
2026-04-05T18:22:35.6043331Z,0.003
2026-04-05T18:22:35.6357103Z,0.003
2026-04-05T18:22:35.6369923Z,0.021
2026-04-05T18:22:35.6668062Z,0.003
2026-04-05T18:22:35.6981756Z,0.003
2026-04-05T18:22:35.7296088Z,0.003
2026-04-05T18:22:35.7310085Z,0.005
2026-04-05T18:22:35.7606016Z,0.008
2026-04-05T18:22:35.7609087Z,0.003
2026-04-05T18:22:35.7906900Z,0.005
2026-04-05T18:22:35.7926734Z,0.008
2026-04-05T18:22:35.8231269Z,0.006
2026-04-05T18:22:35.8542748Z,0.008
2026-04-05T18:22:35.8563145Z,0.007
2026-04-05T18:22:35.8565482Z,0.003
2026-04-05T18:22:35.8567120Z,0.007
2026-04-05T18:22:35.8570458Z,0.005
2026-04-05T18:22:35.8571618Z,0.015
2026-04-05T18:22:35.8572482Z,0.002
2026-04-05T18:22:35.8664133Z,0.007
2026-04-05T18:22:35.8665504Z,0.001
2026-04-05T18:22:35.8666580Z,0.001
2026-04-05T18:22:35.8667216Z,0.001
2026-04-05T18:22:35.8667791Z,0.008
2026-04-05T18:22:35.8668106Z,0.001
2026-04-05T18:22:35.8668663Z,0.001
2026-04-05T18:22:35.8669132Z,0.001
2026-04-05T18:22:35.8669504Z,0.001
2026-04-05T18:22:35.8669821Z,0.001
2026-04-05T18:22:35.8670126Z,0.001
2026-04-05T18:22:35.8670516Z,0.001
2026-04-05T18:22:35.8670814Z,0.001
2026-04-05T18:22:35.8671369Z,0.001
2026-04-05T18:22:35.8672304Z,0.001
2026-04-05T18:22:35.8673179Z,0.001
2026-04-05T18:22:35.8673827Z,0.001
2026-04-05T18:22:35.8674533Z,0.001
2026-04-05T18:22:35.8675045Z,0.001
2026-04-05T18:22:35.8675518Z,0.001
2026-04-05T18:22:35.8675991Z,0.001
2026-04-05T18:22:35.8676873Z,0.001
2026-04-05T18:22:35.8681579Z,0.006
2026-04-05T18:22:35.8688559Z,0.004
2026-04-05T18:22:35.8689759Z,0.002
2026-04-05T18:22:35.8690347Z,0.001
2026-04-05T18:22:35.8691413Z,0.001
2026-04-05T18:22:35.8849462Z,0.002
2026-04-05T18:22:35.8850884Z,0.001
2026-04-05T18:22:35.9165201Z,0.002
2026-04-05T18:22:35.9166855Z,0.001
2026-04-05T18:22:35.9477295Z,0.005
2026-04-05T18:22:35.9478900Z,0.002
2026-04-05T18:22:35.9801380Z,0.004
2026-04-05T18:22:35.9807439Z,0.002
2026-04-05T18:22:35.9807566Z,0.000
2026-04-05T18:22:35.9807649Z,0.000
2026-04-05T18:22:35.9807725Z,0.000
2026-04-05T18:22:35.9807800Z,0.000
2026-04-05T18:22:35.9808092Z,0.021
2026-04-05T18:22:35.9808309Z,0.000
2026-04-05T18:22:36.0120471Z,0.003
2026-04-05T18:22:36.0432261Z,0.002
2026-04-05T18:22:36.0433609Z,0.001
2026-04-05T18:22:36.0433734Z,0.001
2026-04-05T18:22:36.0433847Z,0.001
2026-04-05T18:22:36.0433936Z,0.000
2026-04-05T18:22:36.0434037Z,0.001
2026-04-05T18:22:36.0434145Z,0.001
2026-04-05T18:22:36.0434247Z,0.001
2026-04-05T18:22:36.0434355Z,0.001
2026-04-05T18:22:36.0434460Z,0.001
2026-04-05T18:22:36.0434657Z,0.001
2026-04-05T18:22:36.0434771Z,0.001
2026-04-05T18:22:36.0434874Z,0.001
2026-04-05T18:22:36.0434983Z,0.001
2026-04-05T18:22:36.0435091Z,0.001
2026-04-05T18:22:36.0435196Z,0.000
2026-04-05T18:22:36.0435345Z,0.000
2026-04-05T18:22:36.0435448Z,0.000
2026-04-05T18:22:36.0435521Z,0.000
2026-04-05T18:22:36.0435591Z,0.000
2026-04-05T18:22:36.0435699Z,0.000
2026-04-05T18:22:36.0435771Z,0.000
2026-04-05T18:22:36.0435840Z,0.000
2026-04-05T18:22:36.0435910Z,0.000
2026-04-05T18:22:36.0435979Z,0.000
2026-04-05T18:22:36.0436050Z,0.000
2026-04-05T18:22:36.0436118Z,0.000
2026-04-05T18:22:36.0756517Z,0.007
2026-04-05T18:22:36.0758995Z,0.030
2026-04-05T18:22:36.1063450Z,0.003
2026-04-05T18:22:36.1368269Z,0.003
2026-04-05T18:22:36.1684100Z,0.002
2026-04-05T18:22:36.1685974Z,0.002
2026-04-05T18:22:36.1990846Z,0.003
2026-04-05T18:22:36.2298679Z,0.006
2026-04-05T18:22:36.2307991Z,0.005
2026-04-05T18:22:36.2603285Z,0.008
2026-04-05T18:22:36.2619044Z,0.007
2026-04-05T18:22:36.2920280Z,0.007
2026-04-05T18:22:36.3239380Z,0.009
2026-04-05T18:22:36.3539034Z,0.003
2026-04-05T18:22:36.3846124Z,0.002
2026-04-05T18:22:36.3860745Z,0.005
2026-04-05T18:22:36.4156069Z,0.007
2026-04-05T18:22:36.4465612Z,0.002
2026-04-05T18:22:36.4480172Z,0.004
2026-04-05T18:22:36.4774322Z,0.004
2026-04-05T18:22:36.4777146Z,0.003
2026-04-05T18:22:36.5086155Z,0.007
2026-04-05T18:22:36.5088521Z,0.003
2026-04-05T18:22:36.5396618Z,0.004
2026-04-05T18:22:36.5398826Z,0.002
2026-04-05T18:22:36.5399085Z,0.001
2026-04-05T18:22:36.5711438Z,0.008
2026-04-05T18:22:36.6018384Z,0.003
2026-04-05T18:22:36.6328789Z,0.008
2026-04-05T18:22:36.6630384Z,0.003
2026-04-05T18:22:36.6945863Z,0.007
2026-04-05T18:22:36.6963608Z,0.003
2026-04-05T18:22:36.7257607Z,0.007
2026-04-05T18:22:36.7259189Z,0.001
2026-04-05T18:22:36.7259350Z,0.000
2026-04-05T18:22:36.7578917Z,0.001
2026-04-05T18:22:36.7883244Z,0.004
2026-04-05T18:22:36.8196927Z,0.002
2026-04-05T18:22:36.8198257Z,0.001
2026-04-05T18:22:36.8500865Z,0.002
2026-04-05T18:22:36.8809526Z,0.001
2026-04-05T18:22:36.8816004Z,0.003
2026-04-05T18:22:36.8816216Z,0.000
2026-04-05T18:22:36.9129053Z,0.001
2026-04-05T18:22:36.9441674Z,0.005
2026-04-05T18:22:36.9754252Z,0.001
2026-04-05T18:22:37.0077188Z,0.002
2026-04-05T18:22:37.0385204Z,0.001
2026-04-05T18:22:37.0698084Z,0.002
2026-04-05T18:22:37.1014831Z,0.010
2026-04-05T18:22:37.1335168Z,0.002
2026-04-05T18:22:37.1650026Z,0.002
2026-04-05T18:22:37.1653296Z,0.001
2026-04-05T18:22:37.1955087Z,0.003
2026-04-05T18:22:37.1956242Z,0.001
2026-04-05T18:22:37.1956371Z,0.001
2026-04-05T18:22:37.2269546Z,0.001
2026-04-05T18:22:37.2586517Z,0.007
2026-04-05T18:22:37.2587974Z,0.001
2026-04-05T18:22:37.2896240Z,0.005
2026-04-05T18:22:37.2904908Z,0.004
2026-04-05T18:22:37.3206250Z,0.004
2026-04-05T18:22:37.3522702Z,0.002
2026-04-05T18:22:37.3834915Z,0.003
2026-04-05T18:22:37.3836107Z,0.000
2026-04-05T18:22:37.4159452Z,0.004
2026-04-05T18:22:37.4443871Z,0.003
2026-04-05T18:22:37.4757756Z,0.009
2026-04-05T18:22:37.4777769Z,0.007
2026-04-05T18:22:37.5064874Z,0.003
2026-04-05T18:22:37.5077222Z,0.003
2026-04-05T18:22:37.5366281Z,0.003
2026-04-05T18:22:37.5684376Z,0.004
2026-04-05T18:22:37.5989530Z,0.004
2026-04-05T18:22:37.6307896Z,0.002
2026-04-05T18:22:37.6318169Z,0.003
2026-04-05T18:22:37.6616506Z,0.007
2026-04-05T18:22:37.6618800Z,0.002
2026-04-05T18:22:37.6933283Z,0.006
2026-04-05T18:22:37.7233488Z,0.003
2026-04-05T18:22:37.7551178Z,0.006
2026-04-05T18:22:37.7561921Z,0.006
2026-04-05T18:22:37.7862578Z,0.003
2026-04-05T18:22:37.7881012Z,0.005
2026-04-05T18:22:37.8165528Z,0.003
2026-04-05T18:22:37.8167589Z,0.003
2026-04-05T18:22:37.8478025Z,0.003
2026-04-05T18:22:37.8786048Z,0.007
2026-04-05T18:22:37.8788461Z,0.002
2026-04-05T18:22:37.9101492Z,0.009
2026-04-05T18:22:37.9402092Z,0.003
2026-04-05T18:22:37.9718909Z,0.003
2026-04-05T18:22:37.9721183Z,0.002
2026-04-05T18:22:38.0030653Z,0.007
2026-04-05T18:22:38.0033009Z,0.003
2026-04-05T18:22:38.0350593Z,0.008
2026-04-05T18:22:38.0362899Z,0.006
2026-04-05T18:22:38.0656656Z,0.003
2026-04-05T18:22:38.0966546Z,0.003
2026-04-05T18:22:38.1282711Z,0.004
2026-04-05T18:22:38.1598095Z,0.007
2026-04-05T18:22:38.1913296Z,0.025
2026-04-05T18:22:38.2218806Z,0.004
2026-04-05T18:22:38.2527539Z,0.007
2026-04-05T18:22:38.2543396Z,0.007
2026-04-05T18:22:38.2842704Z,0.003
2026-04-05T18:22:38.2844699Z,0.001
2026-04-05T18:22:38.3153412Z,0.006
2026-04-05T18:22:38.3468288Z,0.003
2026-04-05T18:22:38.3630180Z,0.008
2026-04-05T18:22:38.3659972Z,0.005
2026-04-05T18:22:38.3661322Z,0.001
2026-04-05T18:22:38.3662314Z,0.001
2026-04-05T18:22:38.3662941Z,0.001
2026-04-05T18:22:38.3663431Z,0.001
2026-04-05T18:22:38.3663994Z,0.001
2026-04-05T18:22:38.3664835Z,0.001
2026-04-05T18:22:38.3665570Z,0.001
2026-04-05T18:22:38.3666172Z,0.001
2026-04-05T18:22:38.3666956Z,0.001
2026-04-05T18:22:38.3667666Z,0.001
2026-04-05T18:22:38.3668233Z,0.001
2026-04-05T18:22:38.3668842Z,0.001
2026-04-05T18:22:38.3669184Z,0.001
2026-04-05T18:22:38.3669622Z,0.001
2026-04-05T18:22:38.3670559Z,0.002
2026-04-05T18:22:38.3671523Z,0.001
2026-04-05T18:22:38.3672008Z,0.001
2026-04-05T18:22:38.3672976Z,0.002
2026-04-05T18:22:38.3673866Z,0.002
2026-04-05T18:22:38.3674638Z,0.001
2026-04-05T18:22:38.3675916Z,0.003
2026-04-05T18:22:38.3676538Z,0.001
2026-04-05T18:22:38.3677212Z,0.001
2026-04-05T18:22:38.3678086Z,0.001
2026-04-05T18:22:38.3679754Z,0.002
2026-04-05T18:22:38.3680761Z,0.001
2026-04-05T18:22:38.3681689Z,0.001
2026-04-05T18:22:38.3682201Z,0.001
2026-04-05T18:22:38.3683097Z,0.002
2026-04-05T18:22:38.3684009Z,0.001
2026-04-05T18:22:38.3685372Z,0.002
2026-04-05T18:22:38.3686136Z,0.001
2026-04-05T18:22:38.3686639Z,0.001
2026-04-05T18:22:38.3687217Z,0.001
2026-04-05T18:22:38.3774000Z,0.002
2026-04-05T18:22:38.4082426Z,0.004
2026-04-05T18:22:38.4091222Z,0.003
2026-04-05T18:22:38.4399202Z,0.003
2026-04-05T18:22:38.4400928Z,0.001
2026-04-05T18:22:38.4715194Z,0.007
2026-04-05T18:22:38.4717379Z,0.002
2026-04-05T18:22:38.5016515Z,0.007
2026-04-05T18:22:38.5019098Z,0.003
2026-04-05T18:22:38.5323373Z,0.008
2026-04-05T18:22:38.5325718Z,0.002
2026-04-05T18:22:38.5325965Z,0.001
2026-04-05T18:22:38.5326286Z,0.013
2026-04-05T18:22:38.5326480Z,0.001
2026-04-05T18:22:38.5326668Z,0.001
2026-04-05T18:22:38.5326866Z,0.001
2026-04-05T18:22:38.5327051Z,0.001
2026-04-05T18:22:38.5327237Z,0.001
2026-04-05T18:22:38.5327442Z,0.001
2026-04-05T18:22:38.5327627Z,0.001
2026-04-05T18:22:38.5327811Z,0.001
2026-04-05T18:22:38.5327985Z,0.001
2026-04-05T18:22:38.5328398Z,0.001
2026-04-05T18:22:38.5328588Z,0.001
2026-04-05T18:22:38.5328761Z,0.001
2026-04-05T18:22:38.5328936Z,0.001
2026-04-05T18:22:38.5329106Z,0.001
2026-04-05T18:22:38.5329287Z,0.001
2026-04-05T18:22:38.5329457Z,0.001
2026-04-05T18:22:38.5329634Z,0.001
2026-04-05T18:22:38.5329809Z,0.001
2026-04-05T18:22:38.5329991Z,0.001
2026-04-05T18:22:38.5330320Z,0.001
2026-04-05T18:22:38.5330522Z,0.001
2026-04-05T18:22:38.5330709Z,0.001
2026-04-05T18:22:38.5330895Z,0.001
2026-04-05T18:22:38.5331066Z,0.001
2026-04-05T18:22:38.5332612Z,0.007
2026-04-05T18:22:38.5333039Z,0.001
2026-04-05T18:22:38.5333177Z,0.001
2026-04-05T18:22:38.5333301Z,0.001
2026-04-05T18:22:38.5333424Z,0.001
2026-04-05T18:22:38.5333728Z,0.018
2026-04-05T18:22:38.5333865Z,0.001
2026-04-05T18:22:38.5635102Z,0.006
2026-04-05T18:22:38.5937013Z,0.006
2026-04-05T18:22:38.5947125Z,0.006
2026-04-05T18:22:38.6249894Z,0.003
2026-04-05T18:22:38.6557700Z,0.008
2026-04-05T18:22:38.6572513Z,0.007
2026-04-05T18:22:38.6870930Z,0.008
2026-04-05T18:22:38.6876425Z,0.003
2026-04-05T18:22:38.7179663Z,0.003
2026-04-05T18:22:38.7489902Z,0.003
2026-04-05T18:22:38.7799668Z,0.003
2026-04-05T18:22:38.7813799Z,0.004
2026-04-05T18:22:38.8116322Z,0.003
2026-04-05T18:22:38.8118357Z,0.002
2026-04-05T18:22:38.8435273Z,0.004
2026-04-05T18:22:38.8749023Z,0.003
2026-04-05T18:22:38.9060570Z,0.004
2026-04-05T18:22:38.9359991Z,0.008
2026-04-05T18:22:38.9666703Z,0.007
2026-04-05T18:22:38.9979516Z,0.003
2026-04-05T18:22:38.9982486Z,0.009
2026-04-05T18:22:39.0290787Z,0.007
2026-04-05T18:22:39.0302917Z,0.005
2026-04-05T18:22:39.0597650Z,0.005
2026-04-05T18:22:39.0915218Z,0.004
2026-04-05T18:22:39.0916675Z,0.007
2026-04-05T18:22:39.1231670Z,0.002
2026-04-05T18:22:39.1234154Z,0.002
2026-04-05T18:22:39.1537487Z,0.008
2026-04-05T18:22:39.1851493Z,0.003
2026-04-05T18:22:39.2158302Z,0.002
2026-04-05T18:22:39.2159856Z,0.001
2026-04-05T18:22:39.2466459Z,0.008
2026-04-05T18:22:39.2780970Z,0.003
2026-04-05T18:22:39.2782650Z,0.001
2026-04-05T18:22:39.3099671Z,0.003
2026-04-05T18:22:39.3405569Z,0.007
2026-04-05T18:22:39.3409087Z,0.006
2026-04-05T18:22:39.3724293Z,0.003
2026-04-05T18:22:39.3725856Z,0.001
2026-04-05T18:22:39.4028863Z,0.007
2026-04-05T18:22:39.4337253Z,0.003
2026-04-05T18:22:39.4654333Z,0.003
2026-04-05T18:22:39.4966097Z,0.002
2026-04-05T18:22:39.4967858Z,0.001
2026-04-05T18:22:39.5271394Z,0.003
2026-04-05T18:22:39.5586777Z,0.008
2026-04-05T18:22:39.5601948Z,0.006
2026-04-05T18:22:39.6350289Z,0.002
2026-04-05T18:22:39.6647042Z,0.001
2026-04-05T18:22:39.6903711Z,0.002
2026-04-05T18:22:39.7209615Z,0.004
2026-04-05T18:22:39.7217449Z,0.003
2026-04-05T18:22:39.7518208Z,0.004
2026-04-05T18:22:39.7829325Z,0.001
2026-04-05T18:22:39.8137883Z,0.002
2026-04-05T18:22:39.8139184Z,0.001
2026-04-05T18:22:39.8461649Z,0.001
2026-04-05T18:22:39.8768749Z,0.002
2026-04-05T18:22:39.8776525Z,0.003
2026-04-05T18:22:39.9082790Z,0.001
2026-04-05T18:22:39.9083761Z,0.001
2026-04-05T18:22:39.9083890Z,0.001
2026-04-05T18:22:39.9402301Z,0.001
2026-04-05T18:22:39.9708019Z,0.004
2026-04-05T18:22:40.0019627Z,0.004
2026-04-05T18:22:40.0337072Z,0.004
2026-04-05T18:22:40.0644432Z,0.009
2026-04-05T18:22:40.0665877Z,0.007
2026-04-05T18:22:40.0950651Z,0.003
2026-04-05T18:22:40.0954044Z,0.002
2026-04-05T18:22:40.1275025Z,0.003
2026-04-05T18:22:40.1276705Z,0.001
2026-04-05T18:22:40.1593595Z,0.003
2026-04-05T18:22:40.1596614Z,0.002
2026-04-05T18:22:40.1895688Z,0.004
2026-04-05T18:22:40.1898166Z,0.003
2026-04-05T18:22:40.2215488Z,0.003
2026-04-05T18:22:40.2515479Z,0.007
2026-04-05T18:22:40.2518150Z,0.003
2026-04-05T18:22:40.8785254Z,0.003
2026-04-05T18:22:40.8786123Z,0.001
2026-04-05T18:22:40.8786703Z,0.001
2026-04-05T18:22:40.8787106Z,0.000
2026-04-05T18:22:40.8787462Z,0.000
2026-04-05T18:22:40.8787762Z,0.001
2026-04-05T18:22:40.8788098Z,0.000
2026-04-05T18:22:40.8788531Z,0.000
2026-04-05T18:22:40.8788827Z,0.000
2026-04-05T18:22:40.8789168Z,0.000
2026-04-05T18:22:40.8789421Z,0.001
2026-04-05T18:22:40.8789694Z,0.001
2026-04-05T18:22:40.8789879Z,0.000
2026-04-05T18:22:40.8790127Z,0.000
2026-04-05T18:22:40.8790426Z,0.001
2026-04-05T18:22:40.8790750Z,0.000
2026-04-05T18:22:40.8791110Z,0.000
2026-04-05T18:22:40.8791402Z,0.000
2026-04-05T18:22:40.8791765Z,0.000
2026-04-05T18:22:40.8792125Z,0.000
2026-04-05T18:22:40.8792473Z,0.000
2026-04-05T18:22:40.8792769Z,0.001
2026-04-05T18:22:40.8793119Z,0.000
2026-04-05T18:22:40.8793457Z,0.000
2026-04-05T18:22:40.8793639Z,0.000
2026-04-05T18:22:40.8793819Z,0.000
2026-04-05T18:22:40.8794052Z,0.000
2026-04-05T18:22:40.8794234Z,0.000
2026-04-05T18:22:40.8794455Z,0.000
2026-04-05T18:22:40.8794831Z,0.007
2026-04-05T18:22:40.8795130Z,0.001
2026-04-05T18:22:40.8795492Z,0.000
2026-04-05T18:22:40.8795831Z,0.000
2026-04-05T18:22:40.8796117Z,0.000
2026-04-05T18:22:40.8796347Z,0.001
2026-04-05T18:22:40.8796528Z,0.001
2026-04-05T18:22:40.8796767Z,0.001
2026-04-05T18:22:40.8797092Z,0.000
